isbn13,isbn10,title,authors,categories,thumbnail,description,published_year,average_rating,num_pages,ratings_count,title_and_subtitle,tagged_description,simple_categories
9780006472612,0006472613,Master of the Game,Sidney Sheldon,Adventure stories,http://books.google.com/books/content?id=TkTYp-Tp6_IC&printsec=frontcover&img=1&zoom=1&source=gbs_api,Kate Blackwell is an enigma and one of the most powerful women in the world. But at her ninetieth birthday celebrations there are ghosts of absent friends and absent enemies.,1982.0,4.11,489.0,43540.0,Master of the Game,9780006472612 Kate Blackwell is an enigma and one of the most powerful women in the world. But at her ninetieth birthday celebrations there are ghosts of absent friends and absent enemies.,Nonfiction
9780006483892,0006483895,Murder in LaMut,Raymond E. Feist;Joel Rosenberg,Adventure stories,http://books.google.com/books/content?id=I2jbBlMHlAMC&printsec=frontcover&img=1&zoom=1&source=gbs_api,"Available in the U.S. for the first time, this is the second volume in the exceptional Legends of the Riftwar series from ""New York Times""-bestselling authors Feist and Rosenberg.",2003.0,3.7,337.0,5083.0,Murder in LaMut,"9780006483892 Available in the U.S. for the first time, this is the second volume in the exceptional Legends of the Riftwar series from ""New York Times""-bestselling authors Feist and Rosenberg.",Fiction
9780006496892,000649689X,Glittering Images,Susan Howatch,English fiction,http://books.google.com/books/content?id=rDHbn0ORKhQC&printsec=frontcover&img=1&zoom=1&source=gbs_api,"It is 1937, and Charles Ashworth, a Canon to the Archbishop of Canterbury, is sent to untangle a web of self-delusion and corruption at the episcopal palace of the charismatic Bishop of Starbridge.",1996.0,4.07,512.0,2045.0,Glittering Images,"9780006496892 It is 1937, and Charles Ashworth, a Canon to the Archbishop of Canterbury, is sent to untangle a web of self-delusion and corruption at the episcopal palace of the charismatic Bishop of Starbridge.",Nonfiction
9780006496922,000649692X,Glamorous Powers,Susan Howatch,Clergy,http://books.google.com/books/content?id=_bhPYWs6RrYC&printsec=frontcover&img=1&zoom=1&source=gbs_api,"Reissue of the author's most famous and well-loved work, the Starbridge series, six self-contained yet interconnected novels that explore the history of the Church of England through the 20th century.",1996.0,4.2,512.0,1441.0,Glamorous Powers,"9780006496922 Reissue of the author's most famous and well-loved work, the Starbridge series, six self-contained yet interconnected novels that explore the history of the Church of England through the 20th century.",Fiction
9780007120680,0007120680,Hallowe'en Party,Agatha Christie,"Poirot, Hercule (Fictitious character)",http://books.google.com/books/content?id=Qlx98EGK_jMC&printsec=frontcover&img=1&zoom=1&source=gbs_api,"No one believes a little girl when she insists that she has witnessed a murder until she herself turns up drowned, and Hercule Poirot sets out to catch the killer.",2001.0,3.66,336.0,18820.0,Hallowe'en Party,"9780007120680 No one believes a little girl when she insists that she has witnessed a murder until she herself turns up drowned, and Hercule Poirot sets out to catch the killer.",Fiction
9780007137336,0007137338,Lirael,Garth Nix,Fantasy fiction,http://books.google.com/books/content?id=sDzU8TpKvQAC&printsec=frontcover&img=1&zoom=1&source=gbs_api,"When a dangerous necromancer threatens to unleash a long-buried evil, Lirael and Prince Sameth are drawn into a battle to save the Old Kingdom and reveal their true destinies. Suggested level: secondary.",2004.0,4.3,527.0,1339.0,Lirael: Daughter of the Clayr,"9780007137336 When a dangerous necromancer threatens to unleash a long-buried evil, Lirael and Prince Sameth are drawn into a battle to save the Old Kingdom and reveal their true destinies. Suggested level: secondary.",Nonfiction
9780007151240,0007151241,The Family Way,Tony Parsons,Parenthood,http://books.google.com/books/content?id=dJEIxdYmnU8C&printsec=frontcover&img=1&zoom=1&source=gbs_api,"It should be the most natural thing in the world. But in Tony Parsons' latest bestseller, three couples discover that Mother Nature can be one hell of a bitch.",2005.0,3.51,400.0,2095.0,The Family Way,"9780007151240 It should be the most natural thing in the world. But in Tony Parsons' latest bestseller, three couples discover that Mother Nature can be one hell of a bitch.",Fiction
9780007158522,0007158521,"Oh, the Places You'll Go!",Dr. Seuss,Adventure stories,http://books.google.com/books/content?id=Ev4Llq5fv4IC&printsec=frontcover&img=1&zoom=1&source=gbs_api,From bang-ups and hang-ups to lurches and slumps. Dr. Seuss takes a hilarious look at the mishaps and misadventures that life may have in store for us.,2003.0,4.35,48.0,926.0,"Oh, the Places You'll Go!",9780007158522 From bang-ups and hang-ups to lurches and slumps. Dr. Seuss takes a hilarious look at the mishaps and misadventures that life may have in store for us.,Nonfiction
9780024181909,0024181900,The Elements of Style,William Strunk;Elwyn Brooks White,Language Arts & Disciplines,http://books.google.com/books/content?id=ADaMf2tEB7sC&printsec=frontcover&img=1&zoom=1&source=gbs_api,"The only style manual ever to appear on the best-seller lists offers practical, fundamental advice on improving writing skills, promoting a style marked by simplicity, orderliness, and sincerity",1979.0,4.2,85.0,204.0,The Elements of Style,"9780024181909 The only style manual ever to appear on the best-seller lists offers practical, fundamental advice on improving writing skills, promoting a style marked by simplicity, orderliness, and sincerity",Nonfiction
9780027897500,0027897508,The Journey with Grandmother,Edith Unnerstad,Grandmothers,,"A Swedish boy long ago accompanies his ... [relatives] fromn their Scandinavian farm to ... Russia in an attempt to earn money by making unusual objects from human hair."" - Book Buyer's Guide.",1960.0,3.75,197.0,3.0,The Journey with Grandmother,"9780027897500 A Swedish boy long ago accompanies his ... [relatives] fromn their Scandinavian farm to ... Russia in an attempt to earn money by making unusual objects from human hair."" - Book Buyer's Guide.",Fiction
9780029221303,0029221307,The Origins of the Civil Rights Movement,Aldon D. Morris,History,http://books.google.com/books/content?id=7vyHY9DWcu8C&printsec=frontcover&img=1&zoom=1&edge=curl&source=gbs_api,A blending of scholarly research and interviews with many of the figures who launched the civil rights movement in the 1960s and 1970s records the events of the movement's tumultuous first decade,1986.0,4.04,368.0,145.0,The Origins of the Civil Rights Movement,9780029221303 A blending of scholarly research and interviews with many of the figures who launched the civil rights movement in the 1960s and 1970s records the events of the movement's tumultuous first decade,Nonfiction
9780030547744,0030547741,Where the Red Fern Grows,Wilson Rawls,Juvenile Fiction,http://books.google.com/books/content?id=IHpRwgEACAAJ&printsec=frontcover&img=1&zoom=1&source=gbs_api,A young boy living in the Ozarks achieves his heart's desire when he becomes the owner of two redbone hounds and teaches them to be champion hunters.,2000.0,4.37,288.0,95.0,Where the Red Fern Grows: The Story of Two Dogs and a Boy : with Connections,9780030547744 A young boy living in the Ozarks achieves his heart's desire when he becomes the owner of two redbone hounds and teaches them to be champion hunters.,Children's Fiction
9780060004507,0060004509,An Old-Fashioned Thanksgiving,Louisa May Alcott;James Bernardin,Juvenile Fiction,http://books.google.com/books/content?id=SKYr4V6C1M0C&printsec=frontcover&img=1&zoom=1&source=gbs_api,An adaptation of the original story follows the activities of seven children in nineteenth-century New England as they prepare for the Thanksgiving holiday while Mother is away caring for Grandmother.,2005.0,3.7,32.0,599.0,An Old-Fashioned Thanksgiving,9780060004507 An adaptation of the original story follows the activities of seven children in nineteenth-century New England as they prepare for the Thanksgiving holiday while Mother is away caring for Grandmother.,Children's Fiction
9780060099459,0060099453,"Merry Christmas, Amelia Bedelia",Peggy Parish,Juvenile Fiction,http://books.google.com/books/content?id=SYCULYl-p-IC&printsec=frontcover&img=1&zoom=1&source=gbs_api,"It's Christmas Eve, and Amelia Bedelia has to get the Rogers house ready for a visit from Aunt Myra. But with Amelia Bedelia in charge, this Christmas will be one of the funniest ever!",2002.0,4.29,64.0,2452.0,"Merry Christmas, Amelia Bedelia","9780060099459 It's Christmas Eve, and Amelia Bedelia has to get the Rogers house ready for a visit from Aunt Myra. But with Amelia Bedelia in charge, this Christmas will be one of the funniest ever!",Children's Fiction
9780060177249,0060177241,The thief of always,Clive Barker,Fiction,http://books.google.com/books/content?id=jKsrAQAAIAAJ&printsec=frontcover&img=1&zoom=1&source=gbs_api,"After a mysterious stranger promises to end his boredom with a trip to the magical Holiday House, ten-year-old Harvey learns that his fun has a high price",1992.0,4.19,225.0,22123.0,The thief of always: a fable,"9780060177249 After a mysterious stranger promises to end his boredom with a trip to the magical Holiday House, ten-year-old Harvey learns that his fun has a high price",Fiction
9780060541880,0060541881,Johnny and the Dead,Terry Pratchett,Juvenile Fiction,http://books.google.com/books/content?id=HgU8rJfsHmsC&printsec=frontcover&img=1&zoom=1&source=gbs_api,"After twelve-year-old Johnny Maxwell suddenly starts seeing and talking to ghosts, he and his friends become involved in a battle to save the local cemetery.",2006.0,3.78,213.0,7733.0,Johnny and the Dead,"9780060541880 After twelve-year-old Johnny Maxwell suddenly starts seeing and talking to ghosts, he and his friends become involved in a battle to save the local cemetery.",Children's Fiction
9780060543495,0060543493,The Girls of Lighthouse Lane #3,Thomas Kinkade;Erika Tamar,Juvenile Fiction,http://books.google.com/books/content?id=2LXIPoESG9kC&printsec=frontcover&img=1&zoom=1&source=gbs_api,"During a scarlet fever outbreak in 1906, thirteen-year-old Lizabeth must decide whether it is more important to be Strawberry Queen or to be at the bedside of her younger sister, who is ill.",2005.0,3.96,192.0,24.0,The Girls of Lighthouse Lane #3: Lizabeth's Story,"9780060543495 During a scarlet fever outbreak in 1906, thirteen-year-old Lizabeth must decide whether it is more important to be Strawberry Queen or to be at the bedside of her younger sister, who is ill.",Children's Fiction
9780060546571,0060546573,Three Rotten Eggs,Gregory Maguire,Juvenile Fiction,http://books.google.com/books/content?id=t2pWlCpY3jQC&printsec=frontcover&img=1&zoom=1&source=gbs_api,"The students of Miss Earth's class in rural Vermont experience an eventful spring when they become involved with a bullying new student, a competitive egg hunt, and genetically altered chicks.",2005.0,3.74,240.0,76.0,Three Rotten Eggs,"9780060546571 The students of Miss Earth's class in rural Vermont experience an eventful spring when they become involved with a bullying new student, a competitive egg hunt, and genetically altered chicks.",Children's Fiction
9780060575816,0060575816,Sabriel (adult),Garth Nix,Fiction,http://books.google.com/books/content?id=ugSPY6Gi_Y4C&printsec=frontcover&img=1&zoom=1&source=gbs_api,"Sabriel, daughter of the necromancer Abhorsen, must journey into the mysterious and magical Old Kingdom to rescue her father from the Land of the Dead.",2004.0,4.17,311.0,1296.0,Sabriel (adult),"9780060575816 Sabriel, daughter of the necromancer Abhorsen, must journey into the mysterious and magical Old Kingdom to rescue her father from the Land of the Dead.",Fiction
9780060622138,006062213X,Shadow of the Almighty,Elisabeth Elliot,Religion,http://books.google.com/books/content?id=QQCG9mNU1eAC&printsec=frontcover&img=1&zoom=1&source=gbs_api,The bestselling account of the martyrdom of Jim Elliot and four other missionaries at the hands of the Auca Indians in Ecuador. New introduction by the author.,1989.0,4.39,272.0,6658.0,Shadow of the Almighty: The Life and Testament of Jim Elliot,9780060622138 The bestselling account of the martyrdom of Jim Elliot and four other missionaries at the hands of the Auca Indians in Ecuador. New introduction by the author.,Nonfiction
9780060747473,0060747471,This Rough Magic,Mary Stewart,Fiction,http://books.google.com/books/content?id=BjFn9MD8n10C&printsec=frontcover&img=1&zoom=1&source=gbs_api,"A fledgling actress vacationing in Corfu, Lucy Waring witnesses the murder of one of England's theater luminaries and becomes embroiled in a dangerous offstage drama. Reprint.",2004.0,4.05,373.0,4966.0,This Rough Magic,"9780060747473 A fledgling actress vacationing in Corfu, Lucy Waring witnesses the murder of one of England's theater luminaries and becomes embroiled in a dangerous offstage drama. Reprint.",Fiction
9780060760823,0060760826,A Couple of April Fools,Gregory Maguire,Juvenile Fiction,http://books.google.com/books/content?id=qW4cvgAACAAJ&printsec=frontcover&img=1&zoom=1&source=gbs_api,"At a Vermont elementary school, April Fools' Day takes on a sinister tone when a teacher goes missing and several suspects emerge, among them the teacher's fiance and a missing mutant chick.",2005.0,3.5,240.0,3.0,A Couple of April Fools,"9780060760823 At a Vermont elementary school, April Fools' Day takes on a sinister tone when a teacher goes missing and several suspects emerge, among them the teacher's fiance and a missing mutant chick.",Children's Fiction
9780060790592,0060790598,Mysteries of Pittsburgh,Michael Chabon,Fiction,http://books.google.com/books/content?id=wh8B41h8bqQC&printsec=frontcover&img=1&zoom=1&source=gbs_api,"By the Pulitzer Prize-winning author of The Amazing Adventures of Kavalier & Clay This P.S. edition features an extra 16 pages of insights into the book, including author interviews, recommended reading, and more.",2005.0,3.64,320.0,21338.0,Mysteries of Pittsburgh: A Novel,"9780060790592 By the Pulitzer Prize-winning author of The Amazing Adventures of Kavalier & Clay This P.S. edition features an extra 16 pages of insights into the book, including author interviews, recommended reading, and more.",Fiction
9780060834005,0060834005,Black Boy,Richard Wright,Biography & Autobiography,http://books.google.com/books/content?id=orAc3Eok-G8C&printsec=frontcover&img=1&zoom=1&source=gbs_api,"Traces the author's coming of age in the Jim Crow-era South, a period during which he struggled to survive while journeying from innocence to adulthood.",2005.0,4.05,432.0,89.0,Black Boy: A Record of Childhood and Youth,"9780060834005 Traces the author's coming of age in the Jim Crow-era South, a period during which he struggled to survive while journeying from innocence to adulthood.",Nonfiction
9780060880125,0060880120,How to Be Popular,Meg Cabot,Juvenile Fiction,http://books.google.com/books/content?id=uRsWyFiZcIkC&printsec=frontcover&img=1&zoom=1&source=gbs_api,"Sixteen-year-old Steph Landry finds an old book on how to be popular and decides to change her social status by following its advice, much to the bafflement of her two best friends.",2006.0,3.54,288.0,19183.0,How to Be Popular,"9780060880125 Sixteen-year-old Steph Landry finds an old book on how to be popular and decides to change her social status by following its advice, much to the bafflement of her two best friends.",Children's Fiction
9780060885458,0060885459,The First Four Years,Laura Ingalls Wilder,Juvenile Fiction,http://books.google.com/books/content?id=_HqHxm0kuIUC&printsec=frontcover&img=1&zoom=1&source=gbs_api,"During their first four years of marriage, Laura and Almanzo Wilder have a child and fight a losing battle in their attempts to succeed at farming on the South Dakota prairie. Reissue.",2007.0,3.88,126.0,27390.0,The First Four Years,"9780060885458 During their first four years of marriage, Laura and Almanzo Wilder have a child and fight a losing battle in their attempts to succeed at farming on the South Dakota prairie. Reissue.",Children's Fiction
9780060891565,0060891564,Eaters of the Dead,Michael Crichton,Fiction,http://books.google.com/books/content?id=o2yu6uJF2SoC&printsec=frontcover&img=1&zoom=1&source=gbs_api,"An ambassador of the tenth-century Caliph of Bagdad is carried off by the Norsemen to endure, for three years, the harshness of their way of life and the creatures that terrorize them.",2006.0,3.66,304.0,27412.0,Eaters of the Dead,"9780060891565 An ambassador of the tenth-century Caliph of Bagdad is carried off by the Norsemen to endure, for three years, the harshness of their way of life and the creatures that terrorize them.",Fiction
9780060906825,0060906820,DREAM & THE UNDERWOR,James Hillman,Psychology,http://books.google.com/books/content?id=-vMpuwPRVFsC&printsec=frontcover&img=1&zoom=1&source=gbs_api,"In a deepening of the thinking begun in The Myth of Analysis and Re-Visioning Psychology, James Hillman develops the first new view of dreams since Freud and Jung.",1979.0,4.23,256.0,709.0,DREAM & THE UNDERWOR,"9780060906825 In a deepening of the thinking begun in The Myth of Analysis and Re-Visioning Psychology, James Hillman develops the first new view of dreams since Freud and Jung.",Nonfiction
9780060913076,006091307X,The Crying of Lot 49,Thomas Pynchon,Fiction,http://books.google.com/books/content?id=njOBt0OWKOQC&printsec=frontcover&img=1&zoom=1&source=gbs_api,"The highly original satire about Oedipa Maas, a woman who finds herself enmeshed in a worldwide conspiracy, meets some extremely interesting characters, and attains a not inconsiderable amount of self knowledge.",1966.0,3.7,152.0,54061.0,The Crying of Lot 49,"9780060913076 The highly original satire about Oedipa Maas, a woman who finds herself enmeshed in a worldwide conspiracy, meets some extremely interesting characters, and attains a not inconsiderable amount of self knowledge.",Fiction
9780060915186,0060915188,An American Childhood,Annie Dillard,Biography & Autobiography,http://books.google.com/books/content?id=tRihTvnOM-gC&printsec=frontcover&img=1&zoom=1&source=gbs_api,"A book that instantly captured the hearts of readers across the country, An American Childhood is Pulitzer Prize-winning author Annie Dillard's poignant, vivid memoir of growing up in Pittsburgh in the 1950s.",1988.0,3.91,255.0,7086.0,An American Childhood,"9780060915186 A book that instantly captured the hearts of readers across the country, An American Childhood is Pulitzer Prize-winning author Annie Dillard's poignant, vivid memoir of growing up in Pittsburgh in the 1950s.",Nonfiction
9780060916510,0060916516,Jonah's Gourd Vine,Zora Neale Hurston,Fiction,http://books.google.com/books/content?id=g8KrkJIcFgYC&printsec=frontcover&img=1&zoom=1&source=gbs_api,"John Buddy Pearson, a young Black man who becomes a popular pastor at Zion Hope, is unable to reconcile his good intentions and his natural instincts",1990.0,4.0,229.0,1619.0,Jonah's Gourd Vine,"9780060916510 John Buddy Pearson, a young Black man who becomes a popular pastor at Zion Hope, is unable to reconcile his good intentions and his natural instincts",Fiction
9780060921712,0060921714,The Complete Stories,Zora Neale Hurston,Fiction,http://books.google.com/books/content?id=t2NozDINo3UC&printsec=frontcover&img=1&zoom=1&source=gbs_api,"A collection of short stories, most of which appeared in literary magazines during the author's lifetime, along with previously unpublished works, spans the career of one of the century's foremost African-American writers. Reprint.",1996.0,4.25,336.0,735.0,The Complete Stories,"9780060921712 A collection of short stories, most of which appeared in literary magazines during the author's lifetime, along with previously unpublished works, spans the career of one of the century's foremost African-American writers. Reprint.",Fiction
9780060929596,0060929596,As Nature Made Him,John Colapinto,Medical,http://books.google.com/books/content?id=92jVVLpg3rcC&printsec=frontcover&img=1&zoom=1&source=gbs_api,Tells the story of a man whose botched circumcision as a baby and subsequent surgical alteration to a female was mistakenly used as an argument for the success of such procedures.,2001.0,3.97,320.0,5282.0,As Nature Made Him: The Boy Who Was Raised as a Girl,9780060929596 Tells the story of a man whose botched circumcision as a baby and subsequent surgical alteration to a female was mistakenly used as an argument for the success of such procedures.,Nonfiction
9780060956868,0060956860,Joy in the Morning,Betty Smith,Fiction,http://books.google.com/books/content?id=w2uMGXpNlzAC&printsec=frontcover&img=1&zoom=1&source=gbs_api,"The story of a young couple from Brooklyn who marry young, have little money, and face bitter parental opposition, but are determined to make something of their life together.",2000.0,3.9,296.0,5559.0,Joy in the Morning,"9780060956868 The story of a young couple from Brooklyn who marry young, have little money, and face bitter parental opposition, but are determined to make something of their life together.",Fiction
9780060974992,0060974990,Savage Inequalities,Jonathan Kozol,Education,http://books.google.com/books/content?id=UEJ3QAukj9oC&printsec=frontcover&img=1&zoom=1&source=gbs_api,"National Book Award-winning author Jonathan Kozol presents his shocking account of the American educational system in this stunning New York Times bestseller, which has sold more than 250,000 hardcover copies.",1992.0,4.24,272.0,15021.0,Savage Inequalities: Children in America's Schools,"9780060974992 National Book Award-winning author Jonathan Kozol presents his shocking account of the American educational system in this stunning New York Times bestseller, which has sold more than 250,000 hardcover copies.",Nonfiction
9780060975944,0060975946,The Fourteen Sisters of Emilio Montez O'Brien,Oscar Hijuelos,Fiction,http://books.google.com/books/content?id=B2jEu6nRszUC&printsec=frontcover&img=1&zoom=1&source=gbs_api,A portrait of America as seen through the eyes of its new arrivals follows the story of an intensely feminine Cuban-Irish family of fourteen daughters and its one doggedly masculine son,1996.0,3.69,496.0,457.0,The Fourteen Sisters of Emilio Montez O'Brien,9780060975944 A portrait of America as seen through the eyes of its new arrivals follows the story of an intensely feminine Cuban-Irish family of fourteen daughters and its one doggedly masculine son,Fiction
9780060976118,006097611X,Operation Wandering Soul,Richard Powers,Fiction,http://books.google.com/books/content?id=nIGImQLvA9gC&printsec=frontcover&img=1&zoom=1&source=gbs_api,"Highly imaginative and emotionally powerful, this stunning novel about childhood innocence amid the nightmarish disease and deterioration at the heart of modern Los Angeles was nominated for a National Book Award.",1994.0,3.62,352.0,366.0,Operation Wandering Soul,"9780060976118 Highly imaginative and emotionally powerful, this stunning novel about childhood innocence amid the nightmarish disease and deterioration at the heart of modern Los Angeles was nominated for a National Book Award.",Fiction
9780061052392,0061052396,Realms of Dragons,Margaret Weis;Denise Little;Tracy Hickman,Fiction,http://books.google.com/books/content?id=ieAFAAAACAAJ&printsec=frontcover&img=1&zoom=1&source=gbs_api,"In the tradition of ""The Wheel of Time, "" this lavishly illustrated work is a definitive reference guide to the fantasy worlds of bestselling authors Weis and Hickman. Illustrations, many in full color.",1999.0,4.04,218.0,47.0,Realms of Dragons: The Worlds of Weis and Hickman,"9780061052392 In the tradition of ""The Wheel of Time, "" this lavishly illustrated work is a definitive reference guide to the fantasy worlds of bestselling authors Weis and Hickman. Illustrations, many in full color.",Fiction
9780061053566,0061053562,The Player of Games,Iain Banks,Fiction,http://books.google.com/books/content?id=io0JAAAACAAJ&printsec=frontcover&img=1&zoom=1&source=gbs_api,"Gurgeh, a champion game player, travels a hundred thousand light years to the Empire of Azad, where the winner of their complex game becomes emperor",1997.0,4.27,293.0,43988.0,The Player of Games,"9780061053566 Gurgeh, a champion game player, travels a hundred thousand light years to the Empire of Azad, where the winner of their complex game becomes emperor",Fiction
9780061054686,0061054682,Fugitive Prince,Janny Wurts,Fiction,http://books.google.com/books/content?id=tBINjRrDqmMC&printsec=frontcover&img=1&zoom=1&source=gbs_api,"Half brothers Lysaer, the Prince of the Light, and Arithon, the Master of Shadow, engage in violent conflict in the wake of the Vastmark Warhost's destruction and the strategies of the Koriani Enchantresses",1998.0,3.88,704.0,59.0,Fugitive Prince,"9780061054686 Half brothers Lysaer, the Prince of the Light, and Arithon, the Master of Shadow, engage in violent conflict in the wake of the Vastmark Warhost's destruction and the strategies of the Koriani Enchantresses",Fiction
9780062508867,0062508865,Muhammad,Karen Armstrong,Biography & Autobiography,http://books.google.com/books/content?id=FbDVDnPRXKoC&printsec=frontcover&img=1&zoom=1&source=gbs_api,This vivid and detailed biography strips away centuries of distortion and myth and presents a balanced view of the man whose religion continues to dramatically affect the course of history.,1993.0,4.15,304.0,4795.0,Muhammad,9780062508867 This vivid and detailed biography strips away centuries of distortion and myth and presents a balanced view of the man whose religion continues to dramatically affect the course of history.,Nonfiction
9780062700254,0062700251,Bulfinch's Mythology,Richard P. Martin,Reference,http://books.google.com/books/content?id=eev4uAEACAAJ&printsec=frontcover&img=1&zoom=1&source=gbs_api,"A beautiful gift edition of Thomas Bulfinch's classic retelling of famous myths and folk legends, with interpretive essays by Princeton classics professor Richard P. Martin.",1991.0,4.1,768.0,64.0,"Bulfinch's Mythology: The Age of the Fable, The Age of Chivalry, Legends of","9780062700254 A beautiful gift edition of Thomas Bulfinch's classic retelling of famous myths and folk legends, with interpretive essays by Princeton classics professor Richard P. Martin.",Nonfiction
9780064405478,0064405478,Betsy Was a Junior,Maud Hart Lovelace,Juvenile Fiction,http://books.google.com/books/content?id=TNcQQCH_NMgC&printsec=frontcover&img=1&zoom=1&source=gbs_api,A small town shortly after the turn of the century provides the background for this account of Betsy's third year at Deep Valley High. Reissue.,1995.0,4.17,320.0,4744.0,Betsy Was a Junior,9780064405478 A small town shortly after the turn of the century provides the background for this account of Betsy's third year at Deep Valley High. Reissue.,Children's Fiction
9780064408745,0064408744,The Good Liar,Gregory Maguire,Juvenile Fiction,http://books.google.com/books/content?id=NLBPD7kd5YQC&printsec=frontcover&img=1&zoom=1&source=gbs_api,"Now an old man living in the United States, Marcel recalls his childhood in German-occupied France, especially the summer that he and his older brother RenT befriended a young German soldier. Reprint.",2002.0,3.53,144.0,122.0,The Good Liar,"9780064408745 Now an old man living in the United States, Marcel recalls his childhood in German-occupied France, especially the summer that he and his older brother RenT befriended a young German soldier. Reprint.",Children's Fiction
9780064409902,0064409902,Old Town in the Green Groves,Cynthia Rylant;Jim LaMarche,Juvenile Fiction,http://books.google.com/books/content?id=YUQMAXdqvhgC&printsec=frontcover&img=1&zoom=1&source=gbs_api,"After grasshoppers ruin the crops, eight-year-old Laura Ingalls and her family leave Plum Creek and move to Burr Oak, Iowa, where they experience life in a small town and help manage a hotel. Reprint.",2004.0,4.04,176.0,4631.0,Old Town in the Green Groves: Laura Ingalls Wilder's Lost Little House Years,"9780064409902 After grasshoppers ruin the crops, eight-year-old Laura Ingalls and her family leave Plum Creek and move to Burr Oak, Iowa, where they experience life in a small town and help manage a hotel. Reprint.",Children's Fiction
9780064410724,0064410722,Four Stupid Cupids,Gregory Maguire,Juvenile Fiction,http://books.google.com/books/content?id=471OUKKACq8C&printsec=frontcover&img=1&zoom=1&source=gbs_api,The students' scheme to find a love match for their beloved teacher on Valentine's Day turns into a comedy of errors when four stupid cupids from Ancient Greece try to help.,2001.0,3.52,224.0,110.0,Four Stupid Cupids,9780064410724 The students' scheme to find a love match for their beloved teacher on Valentine's Day turns into a comedy of errors when four stupid cupids from Ancient Greece try to help.,Children's Fiction
9780064440950,0064440958,Chester,Syd Hoff,Juvenile Fiction,http://books.google.com/books/content?id=DiGFBC7APpYC&printsec=frontcover&img=1&zoom=1&source=gbs_api,"Chester, a wild horse who wants to be tame, comes to the city looking for a home. ‘Reading for fun: the artist’s sense of pacing makes this book race along.’ —Saturday Review.",1986.0,3.75,64.0,187.0,Chester,"9780064440950 Chester, a wild horse who wants to be tame, comes to the city looking for a home. ‘Reading for fun: the artist’s sense of pacing makes this book race along.’ —Saturday Review.",Children's Fiction
9780070488205,0070488207,Virgin,James Patterson,Fiction,,The Blessed Virgin's deliverance of a prophecy to a peasant girl in Fatima in 1914 is followed years later by signs and omens including worldwide droughts and famines that signify its imminent fulfillment,1980.0,3.86,210.0,300.0,Virgin,9780070488205 The Blessed Virgin's deliverance of a prophecy to a peasant girl in Fatima in 1914 is followed years later by signs and omens including worldwide droughts and famines that signify its imminent fulfillment,Fiction
9780071348270,0071348271,Mission Possible,Ken Blanchard;Terry Waghorn,Business & Economics,http://books.google.com/books/content?id=ofjQmAJBiiwC&printsec=frontcover&img=1&zoom=1&source=gbs_api,Explains how to improve one's existing organization while creating a replacement design for the future and why change is necessary to ensure the future of one's business,1999.0,3.42,242.0,0.0,Mission Possible: Becoming a World Class Organization While There's Still Time,9780071348270 Explains how to improve one's existing organization while creating a replacement design for the future and why change is necessary to ensure the future of one's business,Nonfiction
9780099134015,0099134012,A Time to Kill,John Grisham,Fiction,http://books.google.com/books/content?id=Ijgi5Hr0u7cC&printsec=frontcover&img=1&zoom=1&source=gbs_api,A Southern town is shocked when a 10-year-old black girl is raped by two white men--until the girl's father takes the law into his own hands.,1992.0,4.06,515.0,700.0,A Time to Kill,9780099134015 A Southern town is shocked when a 10-year-old black girl is raped by two white men--until the girl's father takes the law into his own hands.,Fiction
9780099429791,0099429799,Atonement,Ian McEwan,Atonement,http://books.google.com/books/content?id=jZe53wiTVbYC&printsec=frontcover&img=1&zoom=1&source=gbs_api,"Fledgling writer Briony Tallis, as a 13-year-old, irrevocably changes the course of several lives when she accuses her older sister's lover of a crime he did not commit.",2002.0,3.89,372.0,4537.0,Atonement,"9780099429791 Fledgling writer Briony Tallis, as a 13-year-old, irrevocably changes the course of several lives when she accuses her older sister's lover of a crime he did not commit.",Fiction
9780099448761,0099448769,Dance Dance Dance,Haruki Murakami,Crime investigation,http://books.google.com/books/content?id=23aiRAguYcEC&printsec=frontcover&img=1&zoom=1&source=gbs_api,"Combining an offbeat cast of characters with Murakami's idiosyncratic prose, this novel is an assault on all the senses, a murder mystery that is also philosophical speculation, and a dark fable of advanced capitalism.",2003.0,4.04,393.0,47494.0,Dance Dance Dance,"9780099448761 Combining an offbeat cast of characters with Murakami's idiosyncratic prose, this novel is an assault on all the senses, a murder mystery that is also philosophical speculation, and a dark fable of advanced capitalism.",Fiction
9780099461098,0099461099,Underground,Haruki Murakami,Cults,http://books.google.com/books/content?id=i2104FzgbvIC&printsec=frontcover&img=1&zoom=1&source=gbs_api,"This account of the 1995 gas attack on the Tokyo subway system by a Japanese religious cult is told, based on hundreds of interviews with survivors, relatives of those who died, and the perpetrators.",2003.0,3.9,309.0,10003.0,Underground: The Tokyo Gas Attack and the Japanese Psyche,"9780099461098 This account of the 1995 gas attack on the Tokyo subway system by a Japanese religious cult is told, based on hundreds of interviews with survivors, relatives of those who died, and the perpetrators.",Nonfiction
9780130887016,0130887013,C++ Programmer's Notebook,James Edward Keogh;John Shapley Gray,Computers,http://books.google.com/books/content?id=tmgPAQAAMAAJ&printsec=frontcover&img=1&zoom=1&source=gbs_api,"Covers all the C++ concepts a programmer needs to know, including variables, operators, pointers, and virtual functions, organized to build expertise one step at a time",2002.0,3.0,528.0,3.0,C++ Programmer's Notebook,"9780130887016 Covers all the C++ concepts a programmer needs to know, including variables, operators, pointers, and virtual functions, organized to build expertise one step at a time",Nonfiction
9780131494848,0131494848,Leadership in Organizations,Gary A. Yukl,Business & Economics,http://books.google.com/books/content?id=WHyPQgAACAAJ&printsec=frontcover&img=1&zoom=1&source=gbs_api,This text provides the most comprehensive survey of the major theories and research on leadership and managerial effectiveness in formal organizations with practical suggestions for improving leadership skills.,2006.0,3.68,542.0,55.0,Leadership in Organizations,9780131494848 This text provides the most comprehensive survey of the major theories and research on leadership and managerial effectiveness in formal organizations with practical suggestions for improving leadership skills.,Nonfiction
9780140065503,0140065504,Water Music,T. Coraghessan Boyle,Fiction,http://books.google.com/books/content?id=bL6tQgAACAAJ&printsec=frontcover&img=1&zoom=1&source=gbs_api,"Mungo Park, based on a real-life African explorer, and Ned Rise, a scoundrel, pimp, thief, and cheat, travel about Africa and meet up with a varied assortment of characters--native and colonial, antic and dangerous",1981.0,4.17,437.0,3128.0,Water Music,"9780140065503 Mungo Park, based on a real-life African explorer, and Ned Rise, a scoundrel, pimp, thief, and cheat, travel about Africa and meet up with a varied assortment of characters--native and colonial, antic and dangerous",Fiction
9780140110876,0140110879,You Bright and Risen Angels,William T. Vollmann,Fiction,http://books.google.com/books/content?id=d0buAAAAMAAJ&printsec=frontcover&img=1&zoom=1&source=gbs_api,"This comic and surreal novel about the beastliness and pain in the world focuses on the stories of assorted young American misfits, reactionaries and revolutionaries, young lovers, and raging old tyrants",1988.0,4.08,635.0,747.0,You Bright and Risen Angels: A Cartoon,"9780140110876 This comic and surreal novel about the beastliness and pain in the world focuses on the stories of assorted young American misfits, reactionaries and revolutionaries, young lovers, and raging old tyrants",Fiction
9780140139402,0140139400,The Spectator Bird,Wallace Earle Stegner;Wallace Stegner,Fiction,http://books.google.com/books/content?id=GC7SyeJDDyEC&printsec=frontcover&img=1&zoom=1&source=gbs_api,Retired literary agent Joe Allston passes through life as a spectator until he discovers the journals of a trip he took to his mother's birthplace years before.,1976.0,3.98,214.0,4537.0,The Spectator Bird,9780140139402 Retired literary agent Joe Allston passes through life as a spectator until he discovers the journals of a trip he took to his mother's birthplace years before.,Fiction
9780140143454,0140143459,Liar's Poker,Michael M. Lewis,Biography & Autobiography,http://books.google.com/books/content?id=eboqx4Fm0zkC&printsec=frontcover&img=1&zoom=1&source=gbs_api,"The author recounts his experiences on the lucrative Wall Street bond market of the 1980s, where young traders made millions quickly and easily, in a humorous account of greed and epic folly",1990.0,4.15,256.0,22710.0,Liar's Poker: Rising Through the Wreckage on Wall Street,"9780140143454 The author recounts his experiences on the lucrative Wall Street bond market of the 1980s, where young traders made millions quickly and easily, in a humorous account of greed and epic folly",Nonfiction
9780140152746,0140152741,Mao II,Don DeLillo,Fiction,http://books.google.com/books/content?id=t0v7jxGuSh4C&printsec=frontcover&img=1&zoom=1&source=gbs_api,"Reclusive writer Bill Gray escapes his failed novel into a world of political violence and terror, in a story that journeys from New York, to London, Athens, and ultimately, the bombed-out city of Beirut",1992.0,3.68,254.0,8085.0,Mao II,"9780140152746 Reclusive writer Bill Gray escapes his failed novel into a world of political violence and terror, in a story that journeys from New York, to London, Athens, and ultimately, the bombed-out city of Beirut",Fiction
9780140153194,0140153195,Justine,Lawrence Durrell,Fiction,http://books.google.com/books/content?id=zuK-PBDV50QC&printsec=frontcover&img=1&zoom=1&source=gbs_api,"On the eve of World War II in the Egyptian city of Alexandria, an exiled Irish schoolteacher becomes involved with Justine, the Jewish wife of a Coptic Christian",1991.0,3.9,253.0,5183.0,Justine,"9780140153194 On the eve of World War II in the Egyptian city of Alexandria, an exiled Irish schoolteacher becomes involved with Justine, the Jewish wife of a Coptic Christian",Fiction
9780140156041,0140156046,Libra,Don DeLillo,Fiction,http://books.google.com/books/content?id=Vw1NGVkbEyAC&printsec=frontcover&img=1&zoom=1&source=gbs_api,The scheme of two disgruntled CIA agents to stage an unsuccessful attempt on the life of President Kennedy and link it to Cuba backfires when the erratic Lee Harvey Oswald goes too far,1991.0,3.99,480.0,11361.0,Libra: With a New Introduction by the Author,9780140156041 The scheme of two disgruntled CIA agents to stage an unsuccessful attempt on the life of President Kennedy and link it to Cuba backfires when the erratic Lee Harvey Oswald goes too far,Fiction
9780140185331,014018533X,The Third Man and the Fallen Idol,Graham Greene,Fiction,http://books.google.com/books/content?id=REy21xKVROQC&printsec=frontcover&img=1&zoom=1&source=gbs_api,"Just arrived in Vienna, Rollo Martins discovers that the friend he has come to visit is dead, and Philip, a small boy, unwittingly betrays his best friend to the police",1977.0,3.76,157.0,1243.0,The Third Man and the Fallen Idol,"9780140185331 Just arrived in Vienna, Rollo Martins discovers that the friend he has come to visit is dead, and Philip, a small boy, unwittingly betrays his best friend to the police",Fiction
9780140189445,0140189440,Humboldt's Gift,Saul Bellow,Fiction,http://books.google.com/books/content?id=r0bFQu7Y6SIC&printsec=frontcover&img=1&zoom=1&source=gbs_api,"Charlie Citrine, suffering from steadily worsening troubles with women, career, and life, receives unexpected aid in the form of a belated bequest from his onetime friend and mentor, the poet Von Humboldt Fleisher.",1996.0,3.86,487.0,6760.0,Humboldt's Gift,"9780140189445 Charlie Citrine, suffering from steadily worsening troubles with women, career, and life, receives unexpected aid in the form of a belated bequest from his onetime friend and mentor, the poet Von Humboldt Fleisher.",Fiction
9780140193701,0140193707,Holy Madness,Georg Feuerstein,Religion,http://books.google.com/books/content?id=J08zswEACAAJ&printsec=frontcover&img=1&zoom=1&source=gbs_api,"Discusses the ""crazy wisdom"" of adepts, spiritual teachers, and gurus from all of the world's ancient spiritual traditions and explores the relationship between radical teachers and their disciples,",1992.0,3.71,320.0,15.0,"Holy Madness: The Shock Tactics and Radical Teachings of Crazy-Wise Adepts, Holy Fools, and Rascal Gurus","9780140193701 Discusses the ""crazy wisdom"" of adepts, spiritual teachers, and gurus from all of the world's ancient spiritual traditions and explores the relationship between radical teachers and their disciples,",Nonfiction
9780140196092,0140196099,Who are You?,Malcolm Godwin,"Body, Mind & Spirit",http://books.google.com/books/content?id=2p8BAAAACAAJ&printsec=frontcover&img=1&zoom=1&source=gbs_api,"A noted artist introduces 101 easy-to-follow ways to help readers identify their personal abilities, personality types, psychological strategies, and goals, examining the body, emotions, intellect, and spirit.",2000.0,3.48,224.0,250.0,Who are You?: 101 Ways of Seeing Yourself,"9780140196092 A noted artist introduces 101 easy-to-follow ways to help readers identify their personal abilities, personality types, psychological strategies, and goals, examining the body, emotions, intellect, and spirit.",Nonfiction
9780140230277,0140230270,Harvesting the Heart,Jodi Picoult,Fiction,http://books.google.com/books/content?id=SHq3ImXM8UEC&printsec=frontcover&img=1&zoom=1&source=gbs_api,"Now with a child of her own, Paige is still haunted by memories of her own mother, who left when she was five, and plagued by constant self-doubt.",1995.0,3.6,453.0,38397.0,Harvesting the Heart,"9780140230277 Now with a child of her own, Paige is still haunted by memories of her own mother, who left when she was five, and plagued by constant self-doubt.",Fiction
9780140236231,0140236236,Regeneration,Pat Barker,Fiction,http://books.google.com/books/content?id=BZhHPgAACAAJ&printsec=frontcover&img=1&zoom=1&source=gbs_api,"The first volume of the REGENERATION trilogy which centres around an actual encounter between army psychologist W.H.R.Rivers and the novelist Siegfried Sassoon, at Craiglockhart Hospital, during the First World War.",1997.0,4.03,256.0,19320.0,Regeneration,"9780140236231 The first volume of the REGENERATION trilogy which centres around an actual encounter between army psychologist W.H.R.Rivers and the novelist Siegfried Sassoon, at Craiglockhart Hospital, during the First World War.",Fiction
9780140283358,0140283358,Waiting for the Barbarians,J. M. Coetzee,Fiction,http://books.google.com/books/content?id=1me6TSRNdb4C&printsec=frontcover&img=1&zoom=1&source=gbs_api,A magistrate in a country village protests the army's treatment of members of the barbarian tribes taken prisoner during a civil war and finds himself arrested as a traitor.,1980.0,3.93,152.0,17232.0,Waiting for the Barbarians,9780140283358 A magistrate in a country village protests the army's treatment of members of the barbarian tribes taken prisoner during a civil war and finds himself arrested as a traitor.,Fiction
9780140285970,0140285970,Shadows and Wind,Robert Templer,History,http://books.google.com/books/content?id=CFiaQgAACAAJ&printsec=frontcover&img=1&zoom=1&source=gbs_api,"Examines the problems facing modern Vietnam, a country emerging from its troubled past into a new world marked by conspicuous consumption and a lifestyle of leisure",1998.0,3.48,400.0,101.0,Shadows and Wind: A View of Modern Vietnam,"9780140285970 Examines the problems facing modern Vietnam, a country emerging from its troubled past into a new world marked by conspicuous consumption and a lifestyle of leisure",Nonfiction
9780140286373,0140286373,The Spell,Alan Hollinghurst,Fiction,http://books.google.com/books/content?id=u8MZ_wV-QmsC&printsec=frontcover&img=1&zoom=1&source=gbs_api,The lives and relationships of four men intersect in this tale of gay love set during a long summer in England. By the author of The Swimming-Pool Library. Reprint.,2000.0,3.54,272.0,1505.0,The Spell,9780140286373 The lives and relationships of four men intersect in this tale of gay love set during a long summer in England. By the author of The Swimming-Pool Library. Reprint.,Fiction
9780140286809,0140286802,Collected Fictions,Jorge Luis Borges;Andrew Hurley,Fiction,http://books.google.com/books/content?id=4ChJPgAACAAJ&printsec=frontcover&img=1&zoom=1&source=gbs_api,"In honor of the centenary of the birth of Borges, this collection of his fiction has been gathered into a single volume. ""An unparalleled treasury of marvels.""--""Chicago Tribune.""",1998.0,4.58,565.0,18072.0,Collected Fictions,"9780140286809 In honor of the centenary of the birth of Borges, this collection of his fiction has been gathered into a single volume. ""An unparalleled treasury of marvels.""--""Chicago Tribune.""",Fiction
9780140288483,0140288481,Hunger,Lan Samantha Chang,Fiction,http://books.google.com/books/content?id=gUNAAQAAIAAJ&printsec=frontcover&img=1&zoom=1&source=gbs_api,"A firstgeneration immigrant from China marries an exiled musician whose unfulfilled desires nearly destroy their children, in the title story in a collection of tales about the trials and tribulations of Asian Americans. Reprint.",2000.0,3.89,192.0,793.0,Hunger: a novella and stories,"9780140288483 A firstgeneration immigrant from China marries an exiled musician whose unfulfilled desires nearly destroy their children, in the title story in a collection of tales about the trials and tribulations of Asian Americans. Reprint.",Fiction
9780140298512,0140298517,The Basque History of the World,Mark Kurlansky,History,http://books.google.com/books/content?id=9P0gvGJSwJoC&printsec=frontcover&img=1&zoom=1&source=gbs_api,A history of the Basque people of Spain speculates on the origins of this enigmatic group of Europeans whose language and culture have long baffled anthropologists. Reprint.,1999.0,3.84,400.0,3259.0,The Basque History of the World,9780140298512 A history of the Basque people of Spain speculates on the origins of this enigmatic group of Europeans whose language and culture have long baffled anthropologists. Reprint.,Nonfiction
9780140307375,0140307370,Little Plum,Rumer Godden,Juvenile Fiction,http://books.google.com/books/content?id=bCnOJnTP0Z8C&printsec=frontcover&img=1&zoom=1&source=gbs_api,The new girl who moves into the mansion next door is a mystery to her eight and nine-year-old neighbors who plot to become her friends when they learn she too owns a Japanese doll.,1987.0,4.22,144.0,10.0,Little Plum,9780140307375 The new girl who moves into the mansion next door is a mystery to her eight and nine-year-old neighbors who plot to become her friends when they learn she too owns a Japanese doll.,Children's Fiction
9780140345827,0140345825,Strange Attractors,William Sleator,Juvenile Fiction,http://books.google.com/books/content?id=DpgIAAAACAAJ&printsec=frontcover&img=1&zoom=1&source=gbs_api,"Max finds himself in possession of a time travel device which is eagerly sought by two desperate men, the scientist who invented it and the scientist's alter ego from a different timeline.",1991.0,3.71,176.0,226.0,Strange Attractors,"9780140345827 Max finds himself in possession of a time travel device which is eagerly sought by two desperate men, the scientist who invented it and the scientist's alter ego from a different timeline.",Children's Fiction
9780140363333,0140363335,How Do You Lose Those Ninth-Grade Blues?,Barthe DeClements,Obesity,http://books.google.com/books/content?id=1P-FcgE0pcMC&printsec=frontcover&img=1&zoom=1&source=gbs_api,"Though no longer a fat girl, Elsie, now fifteen, still has trouble believing anyone could love her and that old fear threatens her relationship with her boyfriend.",1993.0,3.74,144.0,10.0,How Do You Lose Those Ninth-Grade Blues?,"9780140363333 Though no longer a fat girl, Elsie, now fifteen, still has trouble believing anyone could love her and that old fear threatens her relationship with her boyfriend.",Nonfiction
9780140364750,0140364757,Seventeen & In-Between,Barthe DeClements,High schools,http://books.google.com/books/content?id=ptENPQAACAAJ&printsec=frontcover&img=1&zoom=1&source=gbs_api,"At seventeen, Elsie Edwards, once the fat girl of fifth grade, later slender but insecure in ninth grade, now has boyfriend problems that once would have seemed too good to be true.",1993.0,3.82,176.0,221.0,Seventeen & In-Between: A Novel,"9780140364750 At seventeen, Elsie Edwards, once the fat girl of fifth grade, later slender but insecure in ninth grade, now has boyfriend problems that once would have seemed too good to be true.",Nonfiction
9780140436587,0140436588,Ivanhoe,Walter Scott,Fiction,http://books.google.com/books/content?id=IiOgdjKRM5oC&printsec=frontcover&img=1&zoom=1&source=gbs_api,"Scott's classic historical romance, set in the twelfth-century England of Richard I, depicts the adventures of the heroic Wilfred of Ivanhoe in winning the hand of beautiful Lady Rowena.",2000.0,3.75,544.0,72038.0,Ivanhoe,"9780140436587 Scott's classic historical romance, set in the twelfth-century England of Richard I, depicts the adventures of the heroic Wilfred of Ivanhoe in winning the hand of beautiful Lady Rowena.",Fiction
9780140440461,0140440461,"The Comedy of Dante Alighieri, the Florentine: Purgatory",Dante Alighieri,Poetry,http://books.google.com/books/content?id=sQb_yAEACAAJ&printsec=frontcover&img=1&zoom=1&source=gbs_api,"The most celebrated work of Dante is the Divine comedy--a vision of hell, purgatory and heaven that provides a strangely surrealistic view of medieval attitudes on religious dogma and the price of disobedience.",1949.0,4.02,388.0,341.0,"The Comedy of Dante Alighieri, the Florentine: Purgatory","9780140440461 The most celebrated work of Dante is the Divine comedy--a vision of hell, purgatory and heaven that provides a strangely surrealistic view of medieval attitudes on religious dogma and the price of disobedience.",Fiction
9780140440935,0140440933,Faust,Johann Goethe,Drama,http://books.google.com/books/content?id=IYSxmzIyouoC&printsec=frontcover&img=1&zoom=1&source=gbs_api,"A brief analysis of the development, style, and protagonists of the play is included with Goethe's masterpiece about a troubled man who sells his soul to the devil.",1959.0,3.73,288.0,120.0,Faust,"9780140440935 A brief analysis of the development, style, and protagonists of the play is included with Goethe's masterpiece about a troubled man who sells his soul to the devil.",Fiction
9780140442243,0140442243,Home of the Gentry,Ivan Turgenev,Fiction,http://books.google.com/books/content?id=j7snw8iJobgC&printsec=frontcover&img=1&zoom=1&source=gbs_api,"The nobleman Lavretsky, broken and disillusioned by a failed marriage, returns from Paris to his Russian estate, where he begins to fall in love with a young woman named Liza.",1970.0,3.92,298.0,2070.0,Home of the Gentry,"9780140442243 The nobleman Lavretsky, broken and disillusioned by a failed marriage, returns from Paris to his Russian estate, where he begins to fall in love with a young woman named Liza.",Fiction
9780140443332,0140443339,The Oresteia,Aeschylus,Drama,http://books.google.com/books/content?id=NtSGKcgMIlIC&printsec=frontcover&img=1&zoom=1&source=gbs_api,"A trilogy of plays dramatizes the murder of Agamemnon by his wife, Clytaemnestra, the revenge of her son, Orestes, and his judgement by the court of Athena",1984.0,4.01,335.0,27759.0,The Oresteia,"9780140443332 A trilogy of plays dramatizes the murder of Agamemnon by his wife, Clytaemnestra, the revenge of her son, Orestes, and his judgement by the court of Athena",Fiction
9780140443691,014044369X,Spring Torrents,Иван Сергеевич Тургенев;Leonard Shapiro,Fiction,http://books.google.com/books/content?id=G7cilICN-dgC&printsec=frontcover&img=1&zoom=1&source=gbs_api,"Thirty years later Dimitry Sanin looks back on a passionate attachment, a virtual enslavement, to Madame Polozov, who used his helpless love to humiliate him",1980.0,3.94,240.0,2709.0,Spring Torrents,"9780140443691 Thirty years later Dimitry Sanin looks back on a passionate attachment, a virtual enslavement, to Madame Polozov, who used his helpless love to humiliate him",Fiction
9780140444421,0140444424,Divina Commedia. English,Dante Alighieri,Poetry,http://books.google.com/books/content?id=PCLZxwEACAAJ&printsec=frontcover&img=1&zoom=1&source=gbs_api,Detailed notes accompany a modern English translation of Dante's epic poem about a spiritual pilgrim led by the ghost of Virgil through the circles of hell,1985.0,4.02,399.0,734.0,Divina Commedia. English,9780140444421 Detailed notes accompany a modern English translation of Dante's epic poem about a spiritual pilgrim led by the ghost of Virgil through the circles of hell,Fiction
9780140447897,014044789X,Metamorphosis,Ovid;David Raeburn,Fiction,http://books.google.com/books/content?id=D3McXPPkPK8C&printsec=frontcover&img=1&zoom=1&source=gbs_api,"A new translation in hexameter verse of Ovid's narrative poem embraces more than two hundred mythical tales linked by the theme of transformation, incorporating many famed myths and legends of ancient Greece and Rome.",2004.0,4.05,723.0,46550.0,Metamorphosis,"9780140447897 A new translation in hexameter verse of Ovid's narrative poem embraces more than two hundred mythical tales linked by the theme of transformation, incorporating many famed myths and legends of ancient Greece and Rome.",Fiction
9780140448009,0140448004,Three Tales,Gustave Flaubert;Roger Whitehouse;Geoffrey Wall,Fiction,http://books.google.com/books/content?id=XFzgaUR-Vy0C&printsec=frontcover&img=1&zoom=1&source=gbs_api,"Features short fiction by the French naturalist author that is introduced by an essay describing his life, works, and artistic abilities, as well as explanatory notes, a chronology, and suggestions for further reading.",2005.0,3.71,110.0,3050.0,Three Tales,"9780140448009 Features short fiction by the French naturalist author that is introduced by an essay describing his life, works, and artistic abilities, as well as explanatory notes, a chronology, and suggestions for further reading.",Fiction
9780140448153,0140448152,Early Greek Philosophy,Jonathan Barnes,Philosophy,http://books.google.com/books/content?id=ooq9SnHIdxIC&printsec=frontcover&img=1&zoom=1&source=gbs_api,"Examines early Greek philosophy, which relied on reasoning and forged the first scientific vocabulary, and includes discussion of such topics as Democritus' atomic theory of matter and Pythagorean insights into mathematics.",2001.0,4.09,336.0,2022.0,Early Greek Philosophy,"9780140448153 Examines early Greek philosophy, which relied on reasoning and forged the first scientific vocabulary, and includes discussion of such topics as Democritus' atomic theory of matter and Pythagorean insights into mathematics.",Nonfiction
9780140449143,0140449140,The Republic,Plato;Sir Henry Desmond Pritchard Lee,Philosophy,http://books.google.com/books/content?id=R9PawAEACAAJ&printsec=frontcover&img=1&zoom=1&source=gbs_api,"A model for the ideal state includes discussion of the nature and application of justice, the role of the philosopher in society, the goals of education, and the effects of art upon character.",2003.0,3.93,416.0,127393.0,The Republic,"9780140449143 A model for the ideal state includes discussion of the nature and application of justice, the role of the philosopher in society, the goals of education, and the effects of art upon character.",Nonfiction
9780140503449,0140503447,Christmas in Noisy Village,Astrid Lindgren;Ilon Wikland,Juvenile Fiction,http://books.google.com/books/content?id=blqrNAEACAAJ&printsec=frontcover&img=1&zoom=1&source=gbs_api,"The noisy children of three neighboring families have a gay time at Christmas baking cookies, cutting and decorating trees, eating fruitcake and tarts, and opening Christmas gifts.",1981.0,4.18,32.0,797.0,Christmas in Noisy Village,"9780140503449 The noisy children of three neighboring families have a gay time at Christmas baking cookies, cutting and decorating trees, eating fruitcake and tarts, and opening Christmas gifts.",Children's Fiction
9780140568196,0140568190,The Giraffe and the Pelly and Me,Roald Dahl;Quentin Blake,Candy,http://books.google.com/books/content?id=J7FdIAAACAAJ&printsec=frontcover&img=1&zoom=1&source=gbs_api,"A Dahl story in which the giraffe, the pelican and the agile monkey set out to prove that they are the best window-cleaning company around.",2001.0,3.81,32.0,16265.0,The Giraffe and the Pelly and Me,"9780140568196 A Dahl story in which the giraffe, the pelican and the agile monkey set out to prove that they are the best window-cleaning company around.",Fiction
9780140714555,0140714553,A Midsummer Night's Dream,William Shakespeare,Drama,http://books.google.com/books/content?id=P0CehDJM6c4C&printsec=frontcover&img=1&zoom=1&source=gbs_api,"Two pairs of star-crossed lovers, a feuding pair of supernatural sprites, and a love potion gone awry all come together in an enchanted moonlit forest.",2000.0,3.94,144.0,984.0,A Midsummer Night's Dream,"9780140714555 Two pairs of star-crossed lovers, a feuding pair of supernatural sprites, and a love potion gone awry all come together in an enchanted moonlit forest.",Fiction
9780140771978,0140771972,Critical Studies,Kathleen Parkinson,Literary Criticism,http://books.google.com/books/content?id=_69cqaa7pnsC&printsec=frontcover&img=1&zoom=1&source=gbs_api,"A critical analysis of Fitzgerald's great novel explores its intricate patterns, chronology, locations, imagery and use of colour, and how these contribute to a seamless interplay of social comedy and symbolic landscape.",1988.0,3.88,144.0,518.0,Critical Studies: The Great Gatsby,"9780140771978 A critical analysis of Fitzgerald's great novel explores its intricate patterns, chronology, locations, imagery and use of colour, and how these contribute to a seamless interplay of social comedy and symbolic landscape.",Nonfiction
9780140817782,0140817786,Ten Short Stories,Roald Dahl,Short stories,http://books.google.com/books/content?id=kOaGGQAACAAJ&printsec=frontcover&img=1&zoom=1&source=gbs_api,"Contains The Umbrella Man; Dip in the Pool; The Butler; The Hitchhiker; Mr Botibol; My Lady Love, My Dove; The Way Up to Heaven; Parson's Pleasure; The Sound Machine; and The Wish.",2000.0,3.82,208.0,8.0,Ten Short Stories,"9780140817782 Contains The Umbrella Man; Dip in the Pool; The Butler; The Hitchhiker; Mr Botibol; My Lady Love, My Dove; The Way Up to Heaven; Parson's Pleasure; The Sound Machine; and The Wish.",Fiction
9780141001821,0141001828,In the Heart of the Sea,Nathaniel Philbrick,History,http://books.google.com/books/content?id=EaqOURNUL88C&printsec=frontcover&img=1&zoom=1&source=gbs_api,"Recounts the story of the 1820 wreck of the whaleship Essex, which inspired Melville's classic ""Moby-Dick,"" and describes its doomed crew's ninety-day attempt to survive whale attacks and the elements on three tiny lifeboats.",2001.0,4.16,302.0,68051.0,In the Heart of the Sea: The Tragedy of the Whaleship Essex,"9780141001821 Recounts the story of the 1820 wreck of the whaleship Essex, which inspired Melville's classic ""Moby-Dick,"" and describes its doomed crew's ninety-day attempt to survive whale attacks and the elements on three tiny lifeboats.",Nonfiction
9780141001876,0141001879,Door Wide Open,Jack Kerouac,Biography & Autobiography,http://books.google.com/books/content?id=O0NaAAAAYAAJ&printsec=frontcover&img=1&zoom=1&source=gbs_api,"A collection of poignant love letters between Jack Kerouac and Joyce Glassman reveals a tender, loving side to a writer famous for his rough exterior and moody ways. Reprint.",2001.0,3.82,232.0,677.0,"Door Wide Open: A Beat Love Affair in Letters, 1957-1958","9780141001876 A collection of poignant love letters between Jack Kerouac and Joyce Glassman reveals a tender, loving side to a writer famous for his rough exterior and moody ways. Reprint.",Nonfiction
9780141182582,014118258X,The Collected Dorothy Parker,Dorothy Parker,Classical fiction,http://books.google.com/books/content?id=9ch-AAAACAAJ&printsec=frontcover&img=1&zoom=1&source=gbs_api,"""With a biting wit and perceptive insight, Dorothy Parker examines the social mores of her day and exposes the darkness beneath the dazzle."" -- Provided by publisher.",2001.0,4.29,604.0,1057.0,The Collected Dorothy Parker,"9780141182582 ""With a biting wit and perceptive insight, Dorothy Parker examines the social mores of her day and exposes the darkness beneath the dazzle."" -- Provided by publisher.",Nonfiction
9780141183725,0141183721,Keep the Aspidistra Flying,George Orwell,Fiction,http://books.google.com/books/content?id=0oNp8FTIhlcC&printsec=frontcover&img=1&zoom=1&source=gbs_api,"London 1934. Gordon Comstock, copywriter for the The Queen of Sheba Toilet Requisites embarks on a new life as a poetry-writing bookseller with diastrous consequences.",2000.0,3.88,277.0,11220.0,Keep the Aspidistra Flying,"9780141183725 London 1934. Gordon Comstock, copywriter for the The Queen of Sheba Toilet Requisites embarks on a new life as a poetry-writing bookseller with diastrous consequences.",Fiction
9780141184289,0141184280,The Good Soldier Svejk,Jaroslav Hašek,Czechoslovakia,http://books.google.com/books/content?id=lRXvOwAACAAJ&printsec=frontcover&img=1&zoom=1&source=gbs_api,"This text is the classic novel of the little man fighting officialdom and bureaucracy with the only weapons available to him - passive resistance, subterfuge, native wit and dumb insolence.",2000.0,4.11,752.0,84.0,The Good Soldier Svejk,"9780141184289 This text is the classic novel of the little man fighting officialdom and bureaucracy with the only weapons available to him - passive resistance, subterfuge, native wit and dumb insolence.",Fiction
9780141185910,0141185910,Go Tell it on the Mountain,James Baldwin,Fiction,http://books.google.com/books/content?id=eyg78GsvB6UC&printsec=frontcover&img=1&zoom=1&source=gbs_api,"The story of the guilt, bitterness and spiritual strivings of the Grimes family which is told as the son, John, faces the issue of religious conversion in the Temple of the Fire Baptised.",2001.0,4.01,256.0,33558.0,Go Tell it on the Mountain,"9780141185910 The story of the guilt, bitterness and spiritual strivings of the Grimes family which is told as the son, John, faces the issue of religious conversion in the Temple of the Fire Baptised.",Fiction
9780141186078,0141186070,The Log from the Sea of Cortez,John Steinbeck,Biography & Autobiography,http://books.google.com/books/content?id=9CrIfTlBqccC&printsec=frontcover&img=1&zoom=1&source=gbs_api,"This light-hearted journal tells of John Steinbeck's fishing trip with Ed Ricketts. Combining science and adventure, Steinbeck voices his deeply-held views of man's place in the natural world.",2001.0,3.84,288.0,3226.0,The Log from the Sea of Cortez,"9780141186078 This light-hearted journal tells of John Steinbeck's fishing trip with Ed Ricketts. Combining science and adventure, Steinbeck voices his deeply-held views of man's place in the natural world.",Nonfiction
9780141186160,014118616X,"The Sea, the Sea",Iris Murdoch,Fiction,http://books.google.com/books/content?id=3Hw6xWim3tEC&printsec=frontcover&img=1&zoom=1&source=gbs_api,"After a brilliant and fulfilling career, Charles Arrowby revels in his perfect refuge, an isolated home by the sea, but soon his complex past makes unbidden visits.",2001.0,3.92,528.0,12428.0,"The Sea, the Sea","9780141186160 After a brilliant and fulfilling career, Charles Arrowby revels in his perfect refuge, an isolated home by the sea, but soon his complex past makes unbidden visits.",Fiction
9780141304311,0141304316,The Duplicate,William Sleator,Juvenile Fiction,http://books.google.com/books/content?id=k-j4GC8N-a8C&printsec=frontcover&img=1&zoom=1&source=gbs_api,"Sixteen-year-old David, finding a strange machine that creates replicas of living organisms, duplicates himself and suffers the horrible consequences when the duplicate turns against him.",1999.0,3.68,154.0,476.0,The Duplicate,"9780141304311 Sixteen-year-old David, finding a strange machine that creates replicas of living organisms, duplicates himself and suffers the horrible consequences when the duplicate turns against him.",Children's Fiction
9780141310695,0141310693,The Kestrel,Lloyd Alexander,Juvenile Fiction,http://books.google.com/books/content?id=RdIDAAAACAAJ&printsec=frontcover&img=1&zoom=1&source=gbs_api,"With war in Westmark and the assumption of the throne by Mickle, all Theo's talents are needed, as well as those of his former companions.",2002.0,3.99,244.0,2674.0,The Kestrel,"9780141310695 With war in Westmark and the assumption of the throne by Mickle, all Theo's talents are needed, as well as those of his former companions.",Children's Fiction
9780141311883,0141311886,The Blue Sword,Robin McKinley,,http://books.google.com/books/content?id=nDW2HK7iOVUC&printsec=frontcover&img=1&zoom=1&source=gbs_api,"Harry, bored with her sheltered life in the remote orange-growing colony of Daria, discovers magic in herself when she is kidnapped by a native king with mysterious powers. Newbery Medal Honor Book, 1983.",2001.0,4.23,272.0,286.0,The Blue Sword,"9780141311883 Harry, bored with her sheltered life in the remote orange-growing colony of Daria, discovers magic in herself when she is kidnapped by a native king with mysterious powers. Newbery Medal Honor Book, 1983.",Fiction
9780141439518,0141439513,Pride and Prejudice,Jane Austen,Fiction,http://books.google.com/books/content?id=obMP1xBBhh8C&printsec=frontcover&img=1&zoom=1&source=gbs_api,"In early nineteenth-century England, a spirited young woman copes with the suit of a snobbish gentleman, as well as the romantic entanglements of her four sisters.",2003.0,4.25,480.0,11552.0,Pride and Prejudice,"9780141439518 In early nineteenth-century England, a spirited young woman copes with the suit of a snobbish gentleman, as well as the romantic entanglements of her four sisters.",Fiction
9780141441160,014144116X,A Passage to India,Edward Morgan Forster;Pankaj Mishra,Fiction,http://books.google.com/books/content?id=6WdfQgAACAAJ&printsec=frontcover&img=1&zoom=1&source=gbs_api,What really happened to Miss Quested in the Marabar Caves? This tantalising question provides the intense drama of racial tension at the centre of Foster's last and greatest novel.,2005.0,3.68,376.0,53972.0,A Passage to India,9780141441160 What really happened to Miss Quested in the Marabar Caves? This tantalising question provides the intense drama of racial tension at the centre of Foster's last and greatest novel.,Fiction
9780142000212,0142000213,Bridget Jones's Guide to Life,Helen Fielding,Fiction,http://books.google.com/books/content?id=jJLdC4jLv0YC&printsec=frontcover&img=1&zoom=1&source=gbs_api,"Bridget Jones, the main character in the novel and the film, ""Bridget Jones's Diary,"" shares her own ideas on homemaking, cooking, relationships, weight loss, and other subjects in a parody of a self-help book.",2001.0,3.48,64.0,1083.0,Bridget Jones's Guide to Life,"9780142000212 Bridget Jones, the main character in the novel and the film, ""Bridget Jones's Diary,"" shares her own ideas on homemaking, cooking, relationships, weight loss, and other subjects in a parody of a self-help book.",Fiction
9780142001615,0142001619,Salt,Mark Kurlansky,History,http://books.google.com/books/content?id=9RdmHAAACAAJ&printsec=frontcover&img=1&zoom=1&source=gbs_api,"Explores the role of salt in shaping history, discussing how one of the world's most sought-after commodities has influenced economics, science, politics, religion, and eating customs.",2003.0,3.74,484.0,46854.0,Salt: A World History,"9780142001615 Explores the role of salt in shaping history, discussing how one of the world's most sought-after commodities has influenced economics, science, politics, religion, and eating customs.",Nonfiction
9780142002803,0142002801,"The Fall of Berlin, 1945",Antony Beevor,History,http://books.google.com/books/content?id=u6avDAEACAAJ&printsec=frontcover&img=1&zoom=1&source=gbs_api,"Chronicles the horror of Berlin's fall to the Soviets in 1945, recalling the starvation, exposure, artillery fire, rape, and mass destruction that marked the Red Army's final push on Germany's capital.",2003.0,4.28,490.0,9635.0,"The Fall of Berlin, 1945","9780142002803 Chronicles the horror of Berlin's fall to the Soviets in 1945, recalling the starvation, exposure, artillery fire, rape, and mass destruction that marked the Red Army's final push on Germany's capital.",Nonfiction
9780142003343,0142003344,The Blank Slate,Steven Pinker,Psychology,http://books.google.com/books/content?id=7rJ5gI1LbXoC&printsec=frontcover&img=1&zoom=1&source=gbs_api,"In a study of the nature versus nurture debate, one of the world's foremost experts on language and the mind explores the modern self-denial of our basic human natures.",2003.0,4.08,528.0,17851.0,The Blank Slate: The Modern Denial of Human Nature,"9780142003343 In a study of the nature versus nurture debate, one of the world's foremost experts on language and the mind explores the modern self-denial of our basic human natures.",Nonfiction
9780142003565,0142003565,The Classic Ten,Nancy MacDonell Smith;Nancy MacDonell,Design,http://books.google.com/books/content?id=MioOctxXKEMC&printsec=frontcover&img=1&zoom=1&source=gbs_api,"Discusses the origins, history, and social significance of the little black dress, the white shirt, the cashmere sweater, blue jeans, the suit, high heels, pearls, lipstick, sneakers, and the trench coat.",2003.0,3.43,224.0,108.0,The Classic Ten: The True Story of the Little Black Dress and Nine Other Fashion Favorites,"9780142003565 Discusses the origins, history, and social significance of the little black dress, the white shirt, the cashmere sweater, blue jeans, the suit, high heels, pearls, lipstick, sneakers, and the trench coat.",Nonfiction
9780142300848,0142300845,"Oliver and Albert, Friends Forever",Jean Van Leeuwen,Juvenile Fiction,http://books.google.com/books/content?id=-EBFsf_bskMC&printsec=frontcover&img=1&zoom=1&source=gbs_api,"Oliver makes friends with Albert, the new boy in class, and they have fun together, playing kickball and collecting bugs. By the creators of Amanda Pig, Schoolgirl. Reprint.",2002.0,3.62,48.0,22.0,"Oliver and Albert, Friends Forever","9780142300848 Oliver makes friends with Albert, the new boy in class, and they have fun together, playing kickball and collecting bugs. By the creators of Amanda Pig, Schoolgirl. Reprint.",Children's Fiction
9780142301449,0142301442,The Philadelphia Adventure,Lloyd Alexander,Juvenile Fiction,http://books.google.com/books/content?id=bBwJAAAACAAJ&printsec=frontcover&img=1&zoom=1&source=gbs_api,"In the final episode of the Vesper Holly adventures, the young woman is home in Philadelphia, where she can relax--until President Ulysses S. Grant asks for her help.",2002.0,3.88,150.0,564.0,The Philadelphia Adventure,"9780142301449 In the final episode of the Vesper Holly adventures, the young woman is home in Philadelphia, where she can relax--until President Ulysses S. Grant asks for her help.",Children's Fiction
9780142302279,0142302279,Dirty Beasts,Roald Dahl,Juvenile Nonfiction,,"Poems tell the stories of a smart pig who outwits a farmer, a crocodile who likes to eat children, a hungry lion, a dangerous scorpion, an aunt-eating ant-eater, and a flying cow. Reissue.",2002.0,4.02,32.0,3953.0,Dirty Beasts,"9780142302279 Poems tell the stories of a smart pig who outwits a farmer, a crocodile who likes to eat children, a hungry lion, a dangerous scorpion, an aunt-eating ant-eater, and a flying cow. Reissue.",Children's Nonfiction
9780142402481,0142402486,Triss,Brian Jacques;David Elliot,Juvenile Fiction,http://books.google.com/books/content?id=aUcUAgAACAAJ&printsec=frontcover&img=1&zoom=1&source=gbs_api,"Triss, Shogg, and Welfo escape from slavery at Riftgard and are pursued across the sea toward Redwall by Princess Kurdah, Prince Bladd, and a band of freebooters who seek the rumored treasure of Brockhall.",2004.0,3.98,389.0,10527.0,Triss: A Tale from Redwall,"9780142402481 Triss, Shogg, and Welfo escape from slavery at Riftgard and are pursued across the sea toward Redwall by Princess Kurdah, Prince Bladd, and a band of freebooters who seek the rumored treasure of Brockhall.",Children's Fiction
9780142402498,0142402494,Pippi Longstocking,Astrid Lindgren,Juvenile Fiction,http://books.google.com/books/content?id=STE5PwAACAAJ&printsec=frontcover&img=1&zoom=1&source=gbs_api,Relates the antics of a rambunctious girl who lives with a horse and a monkey--but without any parents--at the edge of a Swedish village. Reissue.,2005.0,4.12,160.0,140107.0,Pippi Longstocking,9780142402498 Relates the antics of a rambunctious girl who lives with a horse and a monkey--but without any parents--at the edge of a Swedish village. Reissue.,Children's Fiction
9780142402931,0142402931,The Far Side of Evil,Sylvia Engdahl,Juvenile Fiction,http://books.google.com/books/content?id=7nijj72X39MC&printsec=frontcover&img=1&zoom=1&source=gbs_api,A young girl from an advanced civilization is sent as an observer to a planet whose people have not yet learned to control their use of atomic power.,2005.0,3.98,324.0,57.0,The Far Side of Evil,9780142402931 A young girl from an advanced civilization is sent as an observer to a planet whose people have not yet learned to control their use of atomic power.,Children's Fiction
9780142404201,0142404209,Charlie and the Chocolate Factory,Roald Dahl,Juvenile Fiction,http://books.google.com/books/content?id=X73lHHMeLUIC&printsec=frontcover&img=1&zoom=1&source=gbs_api,Each of five children lucky enough to discover an entry ticket into Mr. Willy Wonka's mysterious chocolate factory takes advantage of the situation in his own way.,2005.0,3.86,40.0,12.0,Charlie and the Chocolate Factory,9780142404201 Each of five children lucky enough to discover an entry ticket into Mr. Willy Wonka's mysterious chocolate factory takes advantage of the situation in his own way.,Children's Fiction
9780142407929,0142407925,The BFG,Roald Dahl;David Wood;Jane Walmsley,Juvenile Nonfiction,http://books.google.com/books/content?id=aDf-OwAACAAJ&printsec=frontcover&img=1&zoom=1&source=gbs_api,"With notes on staging, props, and costumes, a collection of plays based on the author's book can be performed with the minimum of experience or resources. Reprint.",2007.0,4.26,128.0,452.0,The BFG: A Set of Plays,"9780142407929 With notes on staging, props, and costumes, a collection of plays based on the author's book can be performed with the minimum of experience or resources. Reprint.",Children's Nonfiction
9780142437018,0142437018,A Little Princess,Frances Hodgson Burnett,Fiction,http://books.google.com/books/content?id=7_8uF1mO9icC&printsec=frontcover&img=1&zoom=1&source=gbs_api,"Sara Crewe, a pupil at Miss Minchin's London school, is left in poverty when her father dies but is later rescued by a mysterious benefactor.",2002.0,4.19,242.0,232387.0,A Little Princess,"9780142437018 Sara Crewe, a pupil at Miss Minchin's London school, is left in poverty when her father dies but is later rescued by a mysterious benefactor.",Fiction
9780142437551,0142437557,The Portable Arthur Miller,Arthur Miller,Drama,http://books.google.com/books/content?id=Ik73H7d4x8gC&printsec=frontcover&img=1&zoom=1&source=gbs_api,"Containing in full Miller's masterpieces ""The Crucible"" and ""Death of a Salesman, "" this collection comprises 60 years of writing from America's greatest living playwright.",2003.0,4.19,575.0,228.0,The Portable Arthur Miller,"9780142437551 Containing in full Miller's masterpieces ""The Crucible"" and ""Death of a Salesman, "" this collection comprises 60 years of writing from America's greatest living playwright.",Fiction
9780142501184,0142501182,Castaways of the Flying Dutchman,Brian Jacques,Juvenile Fiction,http://books.google.com/books/content?id=WTLTp2v3PA0C&printsec=frontcover&img=1&zoom=1&source=gbs_api,"In 1620, a boy and his dog are rescued from the doomed ship, Flying Dutchman, by an angel who guides them in traveling the world, eternally helping those in great need.",2003.0,3.99,356.0,7648.0,Castaways of the Flying Dutchman,"9780142501184 In 1620, a boy and his dog are rescued from the doomed ship, Flying Dutchman, by an angel who guides them in traveling the world, eternally helping those in great need.",Children's Fiction
9780142501528,0142501522,Salamandastron,Brian Jacques;Gary Chalk,Juvenile Fiction,http://books.google.com/books/content?id=7FkFAQAACAAJ&printsec=frontcover&img=1&zoom=1&source=gbs_api,"Urthstripe the Strong, a wise old badger, leads the animals of the great fortress of Salamandastron and Redwall Abbey against the weasel Ferahgo the Assassin and his corps of vermin.",2003.0,4.06,400.0,25484.0,Salamandastron,"9780142501528 Urthstripe the Strong, a wise old badger, leads the animals of the great fortress of Salamandastron and Redwall Abbey against the weasel Ferahgo the Assassin and his corps of vermin.",Children's Fiction
9780143034605,014303460X,Excursion to Tindari,Andrea Camilleri,Fiction,http://books.google.com/books/content?id=l5AxDwAAQBAJ&printsec=frontcover&img=1&zoom=1&source=gbs_api,Sicily's Inspector Salvo Montalbano investigates two seemingly unrelated crimes--the murder of a young Casanova and the mysterious disappearance of an elderly couple during an excursion to Tindari. Original.,2005.0,4.03,304.0,3174.0,Excursion to Tindari,9780143034605 Sicily's Inspector Salvo Montalbano investigates two seemingly unrelated crimes--the murder of a young Casanova and the mysterious disappearance of an elderly couple during an excursion to Tindari. Original.,Fiction
9780143035169,0143035169,Jane Austen,Carol Shields,Biography & Autobiography,http://books.google.com/books/content?id=Csx2YcnStBQC&printsec=frontcover&img=1&zoom=1&source=gbs_api,The Pulitzer Prize-winning author of The Stone Diaries focuses on the life and fiction of Jane Austen in a critical biography of the reclusive author of Pride and Prejudice and other great novels. Reprint.,2005.0,3.85,192.0,2221.0,Jane Austen,9780143035169 The Pulitzer Prize-winning author of The Stone Diaries focuses on the life and fiction of Jane Austen in a critical biography of the reclusive author of Pride and Prejudice and other great novels. Reprint.,Nonfiction
9780143036081,0143036084,The United States of Europe,T. R. Reid,History,http://books.google.com/books/content?id=Yra-GwAACAAJ&printsec=frontcover&img=1&zoom=1&source=gbs_api,"Now comprising 25 nations and 450 million citizens, the European Union has more people, wealth and votes than the United States. The author explores the challenge it poses to American political and economic supremacy.",2005.0,3.62,320.0,681.0,The United States of Europe: The New Superpower and the End of American Supremacy,"9780143036081 Now comprising 25 nations and 450 million citizens, the European Union has more people, wealth and votes than the United States. The author explores the challenge it poses to American political and economic supremacy.",Nonfiction
9780143036975,0143036971,Bargaining for Advantage,G. Richard Shell,Business & Economics,http://books.google.com/books/content?id=zy5lDwAAQBAJ&printsec=frontcover&img=1&zoom=1&source=gbs_api,"An authoritative guide to business negotiation explores the complex psychological factors in each bargaining situation and examines six key leverage points that promote bargaining success. Reprint. 15,000 first printing.",2006.0,3.94,320.0,4406.0,Bargaining for Advantage: Negotiation Strategies for Reasonable People,"9780143036975 An authoritative guide to business negotiation explores the complex psychological factors in each bargaining situation and examines six key leverage points that promote bargaining success. Reprint. 15,000 first printing.",Nonfiction
9780143037231,0143037234,The Big Over Easy,Jasper Fforde,Fiction,http://books.google.com/books/content?id=tGNdrjM7NtwC&printsec=frontcover&img=1&zoom=1&source=gbs_api,"Unconvinced that a former convict and millionaire philanthropist has been murdered by his suicide-victim ex-wife, detective inspector Jack Spratt and his assistant, Mary Mary, uncover a plot involving money laundering and asylum-seeking titans.",2006.0,3.93,383.0,26532.0,The Big Over Easy: A Nursery Crime,"9780143037231 Unconvinced that a former convict and millionaire philanthropist has been murdered by his suicide-victim ex-wife, detective inspector Jack Spratt and his assistant, Mary Mary, uncover a plot involving money laundering and asylum-seeking titans.",Fiction
9780143037392,0143037390,The Read-aloud Handbook,Jim Trelease,Language Arts & Disciplines,http://books.google.com/books/content?id=B2_yUfmc6dsC&printsec=frontcover&img=1&zoom=1&source=gbs_api,"Explains the importance of reading aloud to children, offers guidance on how to set up a read-aloud atmosphere in the home or classroom, and recommends titles to select.",2006.0,4.4,432.0,4122.0,The Read-aloud Handbook,"9780143037392 Explains the importance of reading aloud to children, offers guidance on how to set up a read-aloud atmosphere in the home or classroom, and recommends titles to select.",Fiction
9780143037682,0143037684,Homegrown Democrat,Garrison Keillor,Political Science,http://books.google.com/books/content?id=0Fa7jwEACAAJ&printsec=frontcover&img=1&zoom=1&source=gbs_api,"The humorist and radio host examines the ""politics of kindness,"" offering a series of nostalgic reminiscences, meditations, and observations on the core values of the democratic ideal.",2006.0,3.96,288.0,1164.0,Homegrown Democrat: A Few Plain Thoughts from the Heart of America,"9780143037682 The humorist and radio host examines the ""politics of kindness,"" offering a series of nostalgic reminiscences, meditations, and observations on the core values of the democratic ideal.",Nonfiction
9780143038092,0143038095,The Joy Luck Club,Amy Tan,Fiction,http://books.google.com/books/content?id=2mgnEzzaJrIC&printsec=frontcover&img=1&zoom=1&edge=curl&source=gbs_api,"Encompassing two generations and a rich blend of Chinese and American history, the story of four struggling, strong women also reveals their daughter's memories and feelings.",2006.0,3.91,288.0,550264.0,The Joy Luck Club,"9780143038092 Encompassing two generations and a rich blend of Chinese and American history, the story of four struggling, strong women also reveals their daughter's memories and feelings.",Fiction
9780143038108,0143038109,The Kitchen God's Wife,Amy Tan,Fiction,http://books.google.com/books/content?id=n0CzDwAAQBAJ&printsec=frontcover&img=1&zoom=1&source=gbs_api,"Winnie Louie, an aging Chinese woman convinced that she will die soon, decides to unburden herself by divulging the secrets of those closest to her and to her suspicious, Americanized daughter.",2006.0,4.0,416.0,64285.0,The Kitchen God's Wife,"9780143038108 Winnie Louie, an aging Chinese woman convinced that she will die soon, decides to unburden herself by divulging the secrets of those closest to her and to her suspicious, Americanized daughter.",Fiction
9780143039501,0143039504,The Complete Novels,Jane Austen,Fiction,http://books.google.com/books/content?id=a6LokmcqqSEC&printsec=frontcover&img=1&zoom=1&source=gbs_api,"A definitive compilation of the author's seven great novels offers a vivid portrait of English middle-class life, its mores, institutions, and society around the turn of the nineteenth century.",2006.0,4.55,1278.0,417.0,The Complete Novels,"9780143039501 A definitive compilation of the author's seven great novels offers a vivid portrait of English middle-class life, its mores, institutions, and society around the turn of the nineteenth century.",Fiction
9780143039853,0143039857,The Outsiders,S. E. Hinton;Jodi Picoult,Fiction,http://books.google.com/books/content?id=9PyIPwAACAAJ&printsec=frontcover&img=1&zoom=1&source=gbs_api,The struggle of three brothers to stay together after their parent's death and their quest for identity among the conflicting values of their adolescent society.,1967.0,4.08,160.0,1558.0,The Outsiders,9780143039853 The struggle of three brothers to stay together after their parent's death and their quest for identity among the conflicting values of their adolescent society.,Fiction
9780143104827,0143104829,Life is a Dream,Pedro Calderón de la Barca,Drama,http://books.google.com/books/content?id=yZ3eILHxUeoC&printsec=frontcover&img=1&zoom=1&source=gbs_api,"Considered one of the outstanding Spanish dramas of all time, this 17th-century allegory explores the mysteries of human destiny, the illusory nature of existence, and the struggle between predestination and free will.",2006.0,3.98,160.0,154.0,Life is a Dream,"9780143104827 Considered one of the outstanding Spanish dramas of all time, this 17th-century allegory explores the mysteries of human destiny, the illusory nature of existence, and the struggle between predestination and free will.",Fiction
9780143104902,014310490X,Black Lamb and Grey Falcon,Rebecca West,History,http://books.google.com/books/content?id=Lfe0W6fDwCMC&printsec=frontcover&img=1&zoom=1&source=gbs_api,"Written on the brink of World War II, West's classic examination of the history, people, and politics of Yugoslavia is a magnificent blend of travel journal, cultural commentary, and historical insight.",2007.0,4.23,1181.0,1550.0,Black Lamb and Grey Falcon: A Journey Through Yugoslavia,"9780143104902 Written on the brink of World War II, West's classic examination of the history, people, and politics of Yugoslavia is a magnificent blend of travel journal, cultural commentary, and historical insight.",Nonfiction
9780152049676,0152049673,Winter is the Warmest Season,Lauren Stringer,Juvenile Fiction,http://books.google.com/books/content?id=S1EOmQEACAAJ&printsec=frontcover&img=1&zoom=1&source=gbs_api,"A child describes pleasant ways to stay warm during the winter, from sipping hot chocolate and eating grilled cheese sandwiches to wearing woolly sweaters and sitting near a glowing fireplace.",2006.0,3.91,40.0,360.0,Winter is the Warmest Season,"9780152049676 A child describes pleasant ways to stay warm during the winter, from sipping hot chocolate and eating grilled cheese sandwiches to wearing woolly sweaters and sitting near a glowing fireplace.",Children's Fiction
9780152050863,0152050868,Doomed Queen Anne,Carolyn Meyer,Juvenile Fiction,http://books.google.com/books/content?id=rhhKvgAACAAJ&printsec=frontcover&img=1&zoom=1&source=gbs_api,"In 1520, thirteen-year-old Anne Boleyn, jealous of her older sister's beauty and position at court, declares that she will one day be queen of England, and that her sister will kneel at her feet.",2004.0,3.87,240.0,3478.0,Doomed Queen Anne,"9780152050863 In 1520, thirteen-year-old Anne Boleyn, jealous of her older sister's beauty and position at court, declares that she will one day be queen of England, and that her sister will kneel at her feet.",Children's Fiction
9780152052607,0152052607,The Hundred Dresses,Eleanor Estes,Juvenile Fiction,http://books.google.com/books/content?id=herrly9O22EC&printsec=frontcover&img=1&zoom=1&edge=curl&source=gbs_api,"In winning a medal she is no longer there to receive, a tight-lipped little Polish girl teaches her classmates a lesson. Includes a note from the author's daughter, Helena Estes.",2004.0,4.09,80.0,29372.0,The Hundred Dresses: Growing Up. Set 4,"9780152052607 In winning a medal she is no longer there to receive, a tight-lipped little Polish girl teaches her classmates a lesson. Includes a note from the author's daughter, Helena Estes.",Children's Fiction
9780152057640,0152057641,Beauty Shop for Rent,Laura Bowers,Juvenile Fiction,http://books.google.com/books/content?id=MwoYvgAACAAJ&printsec=frontcover&img=1&zoom=1&source=gbs_api,"Raised by a great-grandmother and a bunch of beauty shop buddies, fourteen-year-old Abbey resolves to overcome her unhappy childhood and disillusionment with the mother who deserted her.",2007.0,3.87,336.0,758.0,"Beauty Shop for Rent: --fully Equipped, Inquire Within","9780152057640 Raised by a great-grandmother and a bunch of beauty shop buddies, fourteen-year-old Abbey resolves to overcome her unhappy childhood and disillusionment with the mother who deserted her.",Children's Fiction
9780152758516,0152758518,The Sleeping Giant and Other Stories,Eleanor Estes,Folklore,,Three short tall tales : The sleeping giant -- The lost shadow -- A nice room for giraffes - written and illustrated by Eleanor Estes.,1948.0,4.0,101.0,10.0,The Sleeping Giant and Other Stories,9780152758516 Three short tall tales : The sleeping giant -- The lost shadow -- A nice room for giraffes - written and illustrated by Eleanor Estes.,Fiction
9780156001458,0156001454,Winterdance,Gary Paulsen,Pets,http://books.google.com/books/content?id=BSVtQXGgdKwC&printsec=frontcover&img=1&zoom=1&source=gbs_api,"Paulsen and his team of dogs endured snowstorms, frostbite, dogfights, moose attacks, sleeplessness, and hallucinations in the relentless push to go on. Map and color photographs.",1994.0,4.25,272.0,5128.0,Winterdance: The Fine Madness of Running the Iditarod,"9780156001458 Paulsen and his team of dogs endured snowstorms, frostbite, dogfights, moose attacks, sleeplessness, and hallucinations in the relentless push to go on. Map and color photographs.",Nonfiction
9780156002080,0156002086,This Is the Way the World Ends,James Morrow,Fiction,http://books.google.com/books/content?id=uxnNTIGkp_8C&printsec=frontcover&img=1&zoom=1&source=gbs_api,"George Paxton was an ordinary man until something extraordinary happened--nuclear holocaust. Now George Paxton is about to discover what happens after the end of the world. ""Astute, highly engaging, and finally moving"".--Los Angeles Times.",1986.0,3.75,319.0,1275.0,This Is the Way the World Ends,"9780156002080 George Paxton was an ordinary man until something extraordinary happened--nuclear holocaust. Now George Paxton is about to discover what happens after the end of the world. ""Astute, highly engaging, and finally moving"".--Los Angeles Times.",Fiction
9780156006248,0156006243,The History of the Siege of Lisbon,José Saramago,Fiction,http://books.google.com/books/content?id=5WXe9lE-Ix8C&printsec=frontcover&img=1&zoom=1&source=gbs_api,"Living the innocent life of a proofreader, Raimundo Silva changes a key word in a history text that leads him to romance and alters the course of European history",1998.0,3.8,314.0,324.0,The History of the Siege of Lisbon,"9780156006248 Living the innocent life of a proofreader, Raimundo Silva changes a key word in a history text that leads him to romance and alters the course of European history",Fiction
9780156027915,0156027917,A Writer's Diary,Virginia Woolf;Leonard Woolf,Biography & Autobiography,http://books.google.com/books/content?id=pn9OzR4AYdsC&printsec=frontcover&img=1&zoom=1&source=gbs_api,Extracts drawn by Virginia Woolf's husband from the personal record she kept over a period of twenty-seven years offer insight into the art and mind of the twentieth-century author.,2003.0,4.25,355.0,3219.0,A Writer's Diary: Being Extracts from the Diary of Virginia Woolf,9780156027915 Extracts drawn by Virginia Woolf's husband from the personal record she kept over a period of twenty-seven years offer insight into the art and mind of the twentieth-century author.,Nonfiction
9780156028790,0156028794,The Cave,José Saramago,Fiction,http://books.google.com/books/content?id=hcXTwAEACAAJ&printsec=frontcover&img=1&zoom=1&source=gbs_api,"Informed that his clay pots and jugs are no longer needed, elderly potter Cipriano applies his craft to the making of ceramic dolls, but his family's subsequent successes are compromised by a terrible discovery.",2003.0,3.83,307.0,7390.0,The Cave,"9780156028790 Informed that his clay pots and jugs are no longer needed, elderly potter Cipriano applies his craft to the making of ceramic dolls, but his family's subsequent successes are compromised by a terrible discovery.",Fiction
9780156031639,0156031639,Three Guineas,Virginia Woolf;Jane Marcus;Mark Hussey,Fiction,http://books.google.com/books/content?id=MVdivgAACAAJ&printsec=frontcover&img=1&zoom=1&source=gbs_api,"The gifted English writer submits a strong plea for intellectual freedom, women's rights, and the cessation of war, in an annotated series of letters. Reprint. 12,000 first printing.",2006.0,3.86,352.0,2270.0,Three Guineas,"9780156031639 The gifted English writer submits a strong plea for intellectual freedom, women's rights, and the cessation of war, in an annotated series of letters. Reprint. 12,000 first printing.",Fiction
9780156189217,0156189216,The Collected Stories of Eudora Welty,Eudora Welty,Literary Collections,http://books.google.com/books/content?id=r1ByPyEWD_wC&printsec=frontcover&img=1&zoom=1&edge=curl&source=gbs_api,"All forty-one stories published by the distinguished writer are brought together, displaying her insights into the American South and including her most famous work, ""Death of a Traveling Salesman""",1980.0,4.23,622.0,7003.0,The Collected Stories of Eudora Welty,"9780156189217 All forty-one stories published by the distinguished writer are brought together, displaying her insights into the American South and including her most famous work, ""Death of a Traveling Salesman""",Fiction
9780156212502,0156212501,The Complete Shorter Fiction of Virginia Woolf,Virginia Woolf,Fiction,http://books.google.com/books/content?id=hZyixrjITqMC&printsec=frontcover&img=1&zoom=1&source=gbs_api,Collects nearly fifty short stories and sketches written over the course of Woolf's writing career and arranges them chronologically to offer insights into Woolf's development as a writer,1989.0,4.04,345.0,684.0,The Complete Shorter Fiction of Virginia Woolf,9780156212502 Collects nearly fifty short stories and sketches written over the course of Woolf's writing career and arranges them chronologically to offer insights into Woolf's development as a writer,Fiction
9780156260374,0156260379,The Diary of Virginia Woolf,Virginia Woolf,Biography & Autobiography,http://books.google.com/books/content?id=FjEvjwEACAAJ&printsec=frontcover&img=1&zoom=1&source=gbs_api,"Entries interrupted only by her periodic breakdowns record the daily events and activities, enthusiasms and disappointments, and writing tasks in Virginia Woolf's life and her responses to people, books, and her own work",1980.0,4.37,384.0,374.0,The Diary of Virginia Woolf: 1920-1924,"9780156260374 Entries interrupted only by her periodic breakdowns record the daily events and activities, enthusiasms and disappointments, and writing tasks in Virginia Woolf's life and her responses to people, books, and her own work",Nonfiction
9780156260398,0156260395,The Diary of Virginia Woolf: 1931-1935,Virginia Woolf,Biography & Autobiography,http://books.google.com/books/content?id=ai7uAAAAMAAJ&printsec=frontcover&img=1&zoom=1&source=gbs_api,"Entries interrupted only by her periodic breakdowns record the daily events and activities, enthusiasms and disappointments, and writing tasks in Virginia Woolf's life and her responses to people, books, and her own work",1983.0,4.44,420.0,213.0,The Diary of Virginia Woolf: 1931-1935,"9780156260398 Entries interrupted only by her periodic breakdowns record the daily events and activities, enthusiasms and disappointments, and writing tasks in Virginia Woolf's life and her responses to people, books, and her own work",Nonfiction
9780156306300,0156306301,Fiasco,Stanislaw Lem,Fiction,http://books.google.com/books/content?id=4IZ3PwAACAAJ&printsec=frontcover&img=1&zoom=1&source=gbs_api,"When a crew of earthmen--among them a space pilot, a military leader, a scientist, and a priest--reach the planet Quinta, the travelers descend into the very depths of the human condition",1988.0,4.12,322.0,2125.0,Fiasco,"9780156306300 When a crew of earthmen--among them a space pilot, a military leader, a scientist, and a priest--reach the planet Quinta, the travelers descend into the very depths of the human condition",Fiction
9780156453806,0156453800,Invisible Cities,Italo Calvino,Fiction,http://books.google.com/books/content?id=5AokCxyISuIC&printsec=frontcover&img=1&zoom=1&source=gbs_api,"In Kublai Khan's garden, at sunset, the young Marco Polo diverts the aged emperor from his obsession with the impending end of his empire with tales of countless cities past, present, and future",1978.0,4.17,165.0,39058.0,Invisible Cities,"9780156453806 In Kublai Khan's garden, at sunset, the young Marco Polo diverts the aged emperor from his obsession with the impending end of his empire with tales of countless cities past, present, and future",Fiction
9780156619189,0156619180,Moments of Being,Virginia Woolf,Biography & Autobiography,http://books.google.com/books/content?id=sWiiqWV0hQ4C&printsec=frontcover&img=1&zoom=1&source=gbs_api,"Six autobiographical pieces that span her entire career reveal the underlying unity of Woolf's art, thought, and sensibility and the unusual degree to which she integrated personal experiences within her fiction",1985.0,4.26,230.0,1661.0,Moments of Being,"9780156619189 Six autobiographical pieces that span her entire career reveal the underlying unity of Woolf's art, thought, and sensibility and the unusual degree to which she integrated personal experiences within her fiction",Nonfiction
9780156631402,0156631407,Mrs. Miniver,Jan Struther,Fiction,http://books.google.com/books/content?id=Sox9mgEACAAJ&printsec=frontcover&img=1&zoom=1&source=gbs_api,"In prewar England, Mrs. Miniver, an ordinary English wife and mother of three, finds extraordinary aspects of life in the everyday routines others take for granted",1990.0,3.96,162.0,1040.0,Mrs. Miniver,"9780156631402 In prewar England, Mrs. Miniver, an ordinary English wife and mother of three, finds extraordinary aspects of life in the everyday routines others take for granted",Fiction
9780156659758,0156659751,The Nonexistent Knight & The Cloven Viscount,Italo Calvino,Fiction,http://books.google.com/books/content?id=xti83ZDjUiAC&printsec=frontcover&img=1&zoom=1&source=gbs_api,Recounts the chivalrous exploits of an empty suit of armor and the separate halves of a nobleman who has been bisected by a cannon ball,1977.0,4.03,272.0,4585.0,The Nonexistent Knight & The Cloven Viscount,9780156659758 Recounts the chivalrous exploits of an empty suit of armor and the separate halves of a nobleman who has been bisected by a cannon ball,Fiction
9780156701600,015670160X,Orlando,Virginia Woolf;Adeline Virginia Stephen Woolf,Fiction,http://books.google.com/books/content?id=7KLbkCfUI_UC&printsec=frontcover&img=1&zoom=1&source=gbs_api,Orlando doubles as first an Elizabethan nobleman and then as a Victorian heroine who undergoes all the transitions of history in this novel that examines sex roles and social mores.,1973.0,3.86,333.0,1602.0,Orlando: A Biography,9780156701600 Orlando doubles as first an Elizabethan nobleman and then as a Victorian heroine who undergoes all the transitions of history in this novel that examines sex roles and social mores.,Fiction
9780156932509,0156932504,The Uses of Literature,Italo Calvino,Literary Criticism,http://books.google.com/books/content?id=INlwzJp2fMMC&printsec=frontcover&img=1&zoom=1&source=gbs_api,"This essay collection discusses literature in relation to science, philosophy, and politics in studies of great classical works and tributes to such contemporary writers as Eugenio Montale, Roland Barthes, and Marianne Moore",1987.0,4.07,341.0,887.0,The Uses of Literature: Essays,"9780156932509 This essay collection discusses literature in relation to science, philosophy, and politics in studies of great classical works and tributes to such contemporary writers as Eugenio Montale, Roland Barthes, and Marianne Moore",Nonfiction
9780192752796,0192752790,Cart And Cwidder,Diana Wynne Jones,Juvenile Fiction,http://books.google.com/books/content?id=QdI4OmS8UGMC&printsec=frontcover&img=1&zoom=1&edge=curl&source=gbs_api,"Clennen and his family make their living as travelling musicians. A danger deepens around them, Moril is chosen to receive the mysterious musical instrument - the ancient cwidder.",2003.0,3.84,186.0,2560.0,Cart And Cwidder,"9780192752796 Clennen and his family make their living as travelling musicians. A danger deepens around them, Moril is chosen to receive the mysterious musical instrument - the ancient cwidder.",Children's Fiction
9780192781536,0192781537,"Moby Dick, Or, The White Whale",Herman Melville;Geraldine McCaughrean;Victor G. Ambrus,Juvenile Fiction,http://books.google.com/books/content?id=La1ASAAACAAJ&printsec=frontcover&img=1&zoom=1&source=gbs_api,"Retells Melville's novel of the sailor called Ishmael and Captain Ahab, who would do anything to catch the great white whale, Moby Dick, that had taken the Captain's leg.",1998.0,3.85,104.0,38.0,"Moby Dick, Or, The White Whale","9780192781536 Retells Melville's novel of the sailor called Ishmael and Captain Ahab, who would do anything to catch the great white whale, Moby Dick, that had taken the Captain's leg.",Children's Fiction
9780192802637,0192802631,Persuasion,Jane Austen,Fiction,http://books.google.com/books/content?id=lpD5anvUaRUC&printsec=frontcover&img=1&zoom=1&source=gbs_api,"The romance between Captain Wentworth and Anne, the daughter of Sir Walter Elliot, seems doomed because of the young man's family connections and lack of wealth.",2004.0,4.13,249.0,421344.0,Persuasion,"9780192802637 The romance between Captain Wentworth and Anne, the daughter of Sir Walter Elliot, seems doomed because of the young man's family connections and lack of wealth.",Fiction
9780192806949,0192806947,A Christmas Carol and Other Christmas Books,Charles Dickens,Fiction,http://books.google.com/books/content?id=e4YJ2oiSjzYC&printsec=frontcover&img=1&zoom=1&source=gbs_api,"Collects some of the author's Christmas stories, including ""A Christmas Carol,"" in which a miser learns the true meaning of Christmas when three ghostly visitors review his past and foretell his future.",2006.0,4.12,438.0,141.0,A Christmas Carol and Other Christmas Books,"9780192806949 Collects some of the author's Christmas stories, including ""A Christmas Carol,"" in which a miser learns the true meaning of Christmas when three ghostly visitors review his past and foretell his future.",Fiction
9780192824257,0192824252,The Histories,Herodotus,History,http://books.google.com/books/content?id=VrV5TELCHJ4C&printsec=frontcover&img=1&zoom=1&source=gbs_api,"Provides a new translation of the classic account of the wars between the Greek city-states and Persia, and of the culture of the peoples who took part",1998.0,3.98,772.0,265.0,The Histories,"9780192824257 Provides a new translation of the classic account of the wars between the Greek city-states and Persia, and of the culture of the peoples who took part",Nonfiction
9780192824547,0192824546,The First Philosophers,Robin Waterfield,Philosophy,http://books.google.com/books/content?id=fiDWoqLUW9AC&printsec=frontcover&img=1&zoom=1&edge=curl&source=gbs_api,"A complete collection of philosophical writing of the Presocratics and Sophists, this book shows how ""the first philosophers"" paved the way for Plato and Aristotle, hence influencing the whole of Western thought.",2000.0,3.93,400.0,303.0,The First Philosophers: The Presocratics and Sophists,"9780192824547 A complete collection of philosophical writing of the Presocratics and Sophists, this book shows how ""the first philosophers"" paved the way for Plato and Aristotle, hence influencing the whole of Western thought.",Nonfiction
9780192833600,019283360X,The Canterbury Tales,Geoffrey Chaucer;David Wright,Poetry,http://books.google.com/books/content?id=5WkDQniy5awC&printsec=frontcover&img=1&zoom=1&edge=curl&source=gbs_api,Provides a modern verse translation of the story of a group of pilgrims who pass the time during their journey by telling each other tales,1998.0,3.49,465.0,249.0,The Canterbury Tales,9780192833600 Provides a modern verse translation of the story of a group of pilgrims who pass the time during their journey by telling each other tales,Fiction
9780192834423,0192834428,The Bostonians,Henry James,Fiction,http://books.google.com/books/content?id=hGX8aqWTX_8C&printsec=frontcover&img=1&zoom=1&source=gbs_api,"Olive Chancellor and Basil Ransom, cousins, clash, when Olive wants Verena Tarrant to use her eloquence for the woman's movement, and Basil wants Verena to give up politics and marry him.",1998.0,3.59,504.0,84.0,The Bostonians,"9780192834423 Olive Chancellor and Basil Ransom, cousins, clash, when Olive wants Verena Tarrant to use her eloquence for the woman's movement, and Basil wants Verena to give up politics and marry him.",Fiction
9780192836380,0192836382,La Dame Aux Camélias,Alexandre Dumas;David Coward,Fiction,http://books.google.com/books/content?id=Aqft1VzHuHkC&printsec=frontcover&img=1&zoom=1&edge=curl&source=gbs_api,This new translation successfully combines a feeling for the formal proprieties of Dumas's style with a supple and colloquial liveliness that once again proves this story irresistible. -,1986.0,3.99,256.0,14702.0,La Dame Aux Camélias,9780192836380 This new translation successfully combines a feeling for the formal proprieties of Dumas's style with a supple and colloquial liveliness that once again proves this story irresistible. -,Fiction
9780192854520,0192854526,Augustine: A Very Short Introduction,Henry Chadwick,Biography & Autobiography,http://books.google.com/books/content?id=QnrRB19gQ0kC&printsec=frontcover&img=1&zoom=1&edge=curl&source=gbs_api,"Very Short Introductions offer stimulating, accessible introductions to a wide variety of subjects, demonstrating the finest contemporary thinking about their central problems and issues.'magisterial and highly readable.' -Bookseller",2001.0,3.74,144.0,219.0,Augustine: A Very Short Introduction,"9780192854520 Very Short Introductions offer stimulating, accessible introductions to a wide variety of subjects, demonstrating the finest contemporary thinking about their central problems and issues.'magisterial and highly readable.' -Bookseller",Nonfiction
9780195069051,0195069056,Albion's Seed,David Hackett Fischer,Fiction,http://books.google.com/books/content?id=GOYg58I7g30C&printsec=frontcover&img=1&zoom=1&edge=curl&source=gbs_api,The first volume in a cultural history of America examines the different lives and customs of the first groups of immigrants to America and assesses the importance of those traditions for contemporary American life.,1989.0,4.31,972.0,2163.0,Albion's Seed: Four British Folkways in America,9780195069051 The first volume in a cultural history of America examines the different lives and customs of the first groups of immigrants to America and assesses the importance of those traditions for contemporary American life.,Fiction
9780195101287,0195101286,Justice Oliver Wendell Holmes,G. Edward White,Literary Criticism,http://books.google.com/books/content?id=wE7nCwAAQBAJ&printsec=frontcover&img=1&zoom=1&edge=curl&source=gbs_api,"Discusses Holmes' early life, Civil War experiences, legal career, and thirty years on the U.S. Supreme Court, and presents new information regarding his relationship with Clare Castletown",1995.0,3.67,648.0,17.0,Justice Oliver Wendell Holmes: Law and the Inner Self,"9780195101287 Discusses Holmes' early life, Civil War experiences, legal career, and thirty years on the U.S. Supreme Court, and presents new information regarding his relationship with Clare Castletown",Nonfiction
9780195135923,019513592X,The Oresteia,Aeschylus,Drama,http://books.google.com/books/content?id=SY9HlKSNwZUC&printsec=frontcover&img=1&zoom=1&edge=curl&source=gbs_api,"The story of the house of Atreus is a tale of incest, adultery, human sacrifice, cannibalism, and political intrigue. It is also a story in which human action is simultaneously willed and determined."".",2003.0,4.01,304.0,76.0,The Oresteia,"9780195135923 The story of the house of Atreus is a tale of incest, adultery, human sacrifice, cannibalism, and political intrigue. It is also a story in which human action is simultaneously willed and determined."".",Fiction
9780195145663,0195145666,Medea,Eurípides;Michael Collier;Georgia Machemer,Drama,http://books.google.com/books/content?id=9mViAAAAMAAJ&printsec=frontcover&img=1&zoom=1&source=gbs_api,"Medea, whose magical powers helped Jason and the Argonauts take the Golden Fleece, remains one of the strongest female characters ever to appear on stage.",2006.0,3.85,116.0,339.0,Medea,"9780195145663 Medea, whose magical powers helped Jason and the Argonauts take the Golden Fleece, remains one of the strongest female characters ever to appear on stage.",Fiction
9780195174472,019517447X,Strategies of Containment,John Lewis Gaddis,History,http://books.google.com/books/content?id=HVsSDAAAQBAJ&printsec=frontcover&img=1&zoom=1&edge=curl&source=gbs_api,"A classic synthesis of US security policy, now updated to include analysis of how Reagan, Bush Snr., Clinton, & Bush Jnr. have defended the nation. Previous ed.: 1982.",2005.0,4.01,484.0,523.0,Strategies of Containment: A Critical Appraisal of American National Security Policy During the Cold War,"9780195174472 A classic synthesis of US security policy, now updated to include analysis of how Reagan, Bush Snr., Clinton, & Bush Jnr. have defended the nation. Previous ed.: 1982.",Nonfiction
9780198320272,0198320272,Julius Caesar,William Shakespeare,Juvenile Nonfiction,http://books.google.com/books/content?id=NlmkhO3vZQ4C&printsec=frontcover&img=1&zoom=1&edge=curl&source=gbs_api,"Caesar returns from a triumphant battle to Rome, despite warning along the way, only to fall into the assassination plot set by Brutus, Cassius, and Casca.",2001.0,3.67,128.0,133575.0,Julius Caesar,"9780198320272 Caesar returns from a triumphant battle to Rome, despite warning along the way, only to fall into the assassination plot set by Brutus, Cassius, and Casca.",Children's Nonfiction
9780199264797,0199264791,The Oxford Companion to Philosophy,Ted Honderich,Philosophy,http://books.google.com/books/content?id=F9oAomj2IIwC&printsec=frontcover&img=1&zoom=1&source=gbs_api,"Over 2,200 entries containing information on all aspects of philosophy, and of the lives and work of the great philosophers, from antiquity to the present day.",2005.0,4.14,1056.0,49.0,The Oxford Companion to Philosophy,"9780199264797 Over 2,200 entries containing information on all aspects of philosophy, and of the lives and work of the great philosophers, from antiquity to the present day.",Nonfiction
9780201748673,0201748673,Robin Williams Web Design Workshop,John Tollett;Robin Williams;David Rohr,Computers,http://books.google.com/books/content?id=lhatgvXw0JcC&printsec=frontcover&img=1&zoom=1&source=gbs_api,"Illustrating her ideas with hundreds of examples, Williams takes her lessons on creative design, highly regarded within the graphics community, and applies them to the Web. Full color.",2002.0,3.78,384.0,51.0,Robin Williams Web Design Workshop,"9780201748673 Illustrating her ideas with hundreds of examples, Williams takes her lessons on creative design, highly regarded within the graphics community, and applies them to the Web. Full color.",Nonfiction
9780226301198,0226301192,"Love, Sex & Tragedy",Simon Goldhill,History,http://books.google.com/books/content?id=31udHwAACAAJ&printsec=frontcover&img=1&zoom=1&source=gbs_api,"A noted classicist offers a survey of the Greek and Roman roots of everything from hard bodies to political systems, tracing follies and philosophical questions through the centuries to the birthplace of Western civilization.",2005.0,3.76,345.0,120.0,"Love, Sex & Tragedy: How the Ancient World Shapes Our Lives","9780226301198 A noted classicist offers a survey of the Greek and Roman roots of everything from hard bodies to political systems, tracing follies and philosophical questions through the centuries to the birthplace of Western civilization.",Nonfiction
9780226307787,0226307786,Oresteia,Esquilo;Aeschylus,Erinyes (Greek mythology),http://books.google.com/books/content?id=ACSXuwEACAAJ&printsec=frontcover&img=1&zoom=1&source=gbs_api,A brief discussion of the life of Aeschylus and the structure of early tragedy accompanies a translation of the three plays based on H.W. Smyth's Loeb Classical Library text.,1953.0,4.01,171.0,688.0,"Oresteia: Agamemnon, The Libation Bearers, The Eumenides",9780226307787 A brief discussion of the life of Aeschylus and the structure of early tragedy accompanies a translation of the three plays based on H.W. Smyth's Loeb Classical Library text.,Nonfiction
9780226307800,0226307808,Euripides I,Euripides,Greek drama (Tragedy),http://books.google.com/books/content?id=ZRt5IxCHhfoC&printsec=frontcover&img=1&zoom=1&source=gbs_api,Table of Contents: Alcestis / translated by Richmond Lattimore -- The Medea / translated by Rex Warner -- The Heracleidae / translated by Ralph Gladstone -- Hippolytus / translated by David Grene.,1955.0,4.03,221.0,4482.0,Euripides I: Alcestis; The Medea; The Heracleidae; Hippolytus,9780226307800 Table of Contents: Alcestis / translated by Richmond Lattimore -- The Medea / translated by Rex Warner -- The Heracleidae / translated by Ralph Gladstone -- Hippolytus / translated by David Grene.,Nonfiction
9780226321325,0226321320,"Billy Budd, Sailor",Herman Melville,Fiction,http://books.google.com/books/content?id=LMC-GqItKwkC&printsec=frontcover&img=1&zoom=1&edge=curl&source=gbs_api,"Definitive text of Billy Budd, Sailor, is presented with extensive notes and commentary enabling the reader to trace the genesis and growth of Melville's masterpiece",1962.0,3.11,230.0,219.0,"Billy Budd, Sailor","9780226321325 Definitive text of Billy Budd, Sailor, is presented with extensive notes and commentary enabling the reader to trace the genesis and growth of Melville's masterpiece",Fiction
9780226500621,0226500624,Young Men and Fire,Norman Maclean,Biography & Autobiography,http://books.google.com/books/content?id=7Gq8a7ZfA6YC&printsec=frontcover&img=1&zoom=1&edge=curl&source=gbs_api,"A witness to the Montana Mann Gulch fire of 1949 explores the mysteries of the tragedy, with eyewitness accounts, new evidence, and research from fire scientists",1993.0,4.07,301.0,4148.0,Young Men and Fire,"9780226500621 A witness to the Montana Mann Gulch fire of 1949 explores the mysteries of the tragedy, with eyewitness accounts, new evidence, and research from fire scientists",Nonfiction
9780231121910,0231121911,"Nathaniel Hawthorne, The Scarlet Letter",Nathaniel Hawthorne,Literary Criticism,http://books.google.com/books/content?id=OHFFpZosoC8C&printsec=frontcover&img=1&zoom=1&source=gbs_api,"Gives an account and a sampling of varied interpretations of Hawthorne's ""The Scarlet Letter,"" encompassing moral and historical criticism, New Criticism, archetypal and myth criticism, psychoanalytical and feminist criticism, and linguistic and semioticcriticism.",2000.0,3.39,192.0,173.0,"Nathaniel Hawthorne, The Scarlet Letter","9780231121910 Gives an account and a sampling of varied interpretations of Hawthorne's ""The Scarlet Letter,"" encompassing moral and historical criticism, New Criticism, archetypal and myth criticism, psychoanalytical and feminist criticism, and linguistic and semioticcriticism.",Nonfiction
9780231138703,0231138709,More Than You Know,Michael J. Mauboussin,Business & Economics,http://books.google.com/books/content?id=g6WlQgAACAAJ&printsec=frontcover&img=1&zoom=1&source=gbs_api,"Mauboussin mines disciplines that are not normally associated with finance such as biology, physics, and psychology to help investors make better decisions and to argue for a new model of investment philosophy.",2006.0,4.08,268.0,1238.0,More Than You Know: Finding Financial Wisdom in Unconventional Places,"9780231138703 Mauboussin mines disciplines that are not normally associated with finance such as biology, physics, and psychology to help investors make better decisions and to argue for a new model of investment philosophy.",Nonfiction
9780237526887,0237526883,"20,000 Leagues Under the Sea",Jules Verne;Pauline Francis,Children's stories,http://books.google.com/books/content?id=qnNypvYxcy4C&printsec=frontcover&img=1&zoom=1&edge=curl&source=gbs_api,The abridged adventures of a French professor and his two companions as they sail above and below the world's oceans as prisoners on the fabulous electric submarine of the deranged Captain Nemo.,2004.0,3.76,48.0,543.0,"20,000 Leagues Under the Sea",9780237526887 The abridged adventures of a French professor and his two companions as they sail above and below the world's oceans as prisoners on the fabulous electric submarine of the deranged Captain Nemo.,Nonfiction
9780240806082,0240806085,Directing the Documentary,Michael Rabiger,Performing Arts,http://books.google.com/books/content?id=uoKliOPD5qEC&printsec=frontcover&img=1&zoom=1&source=gbs_api,"Michael Rabiger guides the reader through the stages required to conceive, edit and produce a documentary. He also provides advice on the law, ethics and authorship as well as career possibilities and finding work.",2004.0,4.23,648.0,173.0,Directing the Documentary,"9780240806082 Michael Rabiger guides the reader through the stages required to conceive, edit and produce a documentary. He also provides advice on the law, ethics and authorship as well as career possibilities and finding work.",Nonfiction
9780241003008,0241003008,The Very Hungry Caterpillar,Eric Carle,Babytime resource,http://books.google.com/books/content?id=DpGEQgAACAAJ&printsec=frontcover&img=1&zoom=1&source=gbs_api,Eric Carle's children's classic is the story of a very small and very hungry caterpillar who manages to nibble his way through the pages of this enchanting book.,1994.0,4.29,26.0,340101.0,The Very Hungry Caterpillar,9780241003008 Eric Carle's children's classic is the story of a very small and very hungry caterpillar who manages to nibble his way through the pages of this enchanting book.,Fiction
9780241912720,0241912725,Stuart Little,Elwyn Brooks White,"Little, Stuart (Fictitious character)",,"The adventures of the debonair mouse Stuart Little as he sets out to seek his dearest friend, a small bird who stayed a few days in his family's garden.",1946.0,3.89,144.0,109.0,Stuart Little,"9780241912720 The adventures of the debonair mouse Stuart Little as he sets out to seek his dearest friend, a small bird who stayed a few days in his family's garden.",Fiction
9780252008078,0252008073,Zora Neale Hurston,Robert E. Hemenway,Biography & Autobiography,http://books.google.com/books/content?id=Gzta3iHgiQ8C&printsec=frontcover&img=1&zoom=1&edge=curl&source=gbs_api,"Reconstructs the events, relationships, and achievements that marked the life of the black novelist, folklorist, and anthropologist, assessing her important works and commitment to the black folk tradition",1980.0,4.11,408.0,100.0,Zora Neale Hurston: A Literary Biography,"9780252008078 Reconstructs the events, relationships, and achievements that marked the life of the black novelist, folklorist, and anthropologist, assessing her important works and commitment to the black folk tradition",Nonfiction
9780261102255,0261102257,The Lost Road,John Ronald Reuel Tolkien;Christopher Tolkien,,http://books.google.com/books/content?id=pWsvtQEACAAJ&printsec=frontcover&img=1&zoom=1&source=gbs_api,"The fifth volume of the History of Middle-earth, containing the early myths and legends which led to the writing of Tolkien's epic tale of war, The Silmarillion.",2002.0,3.96,455.0,88.0,The Lost Road: The History of Middle-Earth 5,"9780261102255 The fifth volume of the History of Middle-earth, containing the early myths and legends which led to the writing of Tolkien's epic tale of war, The Silmarillion.",Nonfiction
9780261102309,0261102303,The Lord of the Rings,J. R. R. Tolkien,Fiction,http://books.google.com/books/content?id=9wu1QgAACAAJ&printsec=frontcover&img=1&zoom=1&source=gbs_api,"This single volume edition of J.R.R Tolkien's trilogy is illustrated with reproductions of 50 original Alan Lee paintings. He has also illustrated Faeries, Merlin Dreams and The Mabinogion.",1991.0,4.49,1200.0,550.0,The Lord of the Rings,"9780261102309 This single volume edition of J.R.R Tolkien's trilogy is illustrated with reproductions of 50 original Alan Lee paintings. He has also illustrated Faeries, Merlin Dreams and The Mabinogion.",Fiction
9780261102422,0261102427,The Silmarillion,John Ronald Reuel Tolkien,Fantasy,http://books.google.com/books/content?id=22ePuAAACAAJ&printsec=frontcover&img=1&zoom=1&source=gbs_api,Tolkien's Silmarillion is the core work of the Middle-Earth canon. In this often neglected masterpiece the entire cosmology which is the background to The Hobbit and The Lord of the Rings is documented.,1999.0,3.91,384.0,253.0,The Silmarillion,9780261102422 Tolkien's Silmarillion is the core work of the Middle-Earth canon. In this often neglected masterpiece the entire cosmology which is the background to The Hobbit and The Lord of the Rings is documented.,Fiction
9780261103665,0261103660,The Silmarillion,John Ronald Reuel Tolkien,"Fantasy fiction, English",http://books.google.com/books/content?id=DQ1hQgAACAAJ&printsec=frontcover&img=1&zoom=1&source=gbs_api,"These tales tell of the rebellion of Feanor and his kindred against the gods, and of the war, hopeless, despite great heroism, against the great enemy.",1998.0,3.91,368.0,237.0,The Silmarillion,"9780261103665 These tales tell of the rebellion of Feanor and his kindred against the gods, and of the war, hopeless, despite great heroism, against the great enemy.",Fiction
9780262240512,0262240513,The Parallax View,Slavoj Žižek,Philosophy,http://books.google.com/books/content?id=PwJXmwEACAAJ&printsec=frontcover&img=1&zoom=1&source=gbs_api,"Seeks to rehabilitate dialectical materialism by discussing the ""parallax gap,"" which separates two points because of the displacement of an object resulting from a change in observational position.",2006.0,4.01,433.0,984.0,The Parallax View,"9780262240512 Seeks to rehabilitate dialectical materialism by discussing the ""parallax gap,"" which separates two points because of the displacement of an object resulting from a change in observational position.",Nonfiction
9780262532556,0262532557,The Man Who Tasted Shapes,Richard E. Cytowic,Medical,http://books.google.com/books/content?id=EvA5xS-qKR8C&printsec=frontcover&img=1&zoom=1&edge=curl&source=gbs_api,"Uncovers the strange medical mystery of synesthesia, a condition in which people can taste shapes or hear and smell colors, and suggests that everyone has synesthetic powers.",2003.0,3.88,296.0,732.0,The Man Who Tasted Shapes,"9780262532556 Uncovers the strange medical mystery of synesthesia, a condition in which people can taste shapes or hear and smell colors, and suggests that everyone has synesthetic powers.",Nonfiction
9780295976914,0295976918,Long Day's Journey,Carlos A. Schwantes,History,http://books.google.com/books/content?id=Ma5zQgAACAAJ&printsec=frontcover&img=1&zoom=1&source=gbs_api,"Schwantes gathers historical photos, advertisements, posters, and contemporary accounts to recreate one of the most colorful periods in the American West. 255 illustrations, 40 in color.",1999.0,4.0,408.0,4.0,Long Day's Journey: The Steamboat & Stagecoach Era in the Northern West,"9780295976914 Schwantes gathers historical photos, advertisements, posters, and contemporary accounts to recreate one of the most colorful periods in the American West. 255 illustrations, 40 in color.",Nonfiction
9780300095241,0300095244,How Democratic is the American Constitution?,Robert A. Dahl,History,http://books.google.com/books/content?id=k0jCO_FMbFYC&printsec=frontcover&img=1&zoom=1&edge=curl&source=gbs_api,"The author argues that certain aspects of the American Constitution are deeply flawed and detract from a purely democratic society and includes discussions on the electoral college, the Federalist Papers, and proportional representation.",2003.0,3.64,240.0,436.0,How Democratic is the American Constitution?: Second Edition,"9780300095241 The author argues that certain aspects of the American Constitution are deeply flawed and detract from a purely democratic society and includes discussions on the electoral college, the Federalist Papers, and proportional representation.",Nonfiction
9780306808913,0306808919,Unsung Heroes of Rock 'n' Roll,Nick Tosches,Biography & Autobiography,http://books.google.com/books/content?id=V9wgnwEACAAJ&printsec=frontcover&img=1&zoom=1&source=gbs_api,"The author of ""Country"" now offers a paean to a forsaken time of relentless excess, sudden ruin, and fierce music--the days of rock 'n' roll, long before Elvis came on the scene. 42 illustrations.",1999.0,4.1,288.0,327.0,Unsung Heroes of Rock 'n' Roll: The Birth of Rock in the Wild Years Before Elvis,"9780306808913 The author of ""Country"" now offers a paean to a forsaken time of relentless excess, sudden ruin, and fierce music--the days of rock 'n' roll, long before Elvis came on the scene. 42 illustrations.",Nonfiction
9780306813689,0306813688,Johnny Cash,Michael Streissguth,Biography & Autobiography,http://books.google.com/books/content?id=BBRDZoBeI88C&printsec=frontcover&img=1&zoom=1&source=gbs_api,"Explores the life and accomplishments of the successful country singer known as the rebellious ""Man in Black"" who struggled with a guilt-ridden childhood, addictions, and self-doubt.",2006.0,3.79,334.0,277.0,Johnny Cash: The Biography,"9780306813689 Explores the life and accomplishments of the successful country singer known as the rebellious ""Man in Black"" who struggled with a guilt-ridden childhood, addictions, and self-doubt.",Nonfiction
9780307236012,0307236013,The Deeper Meaning of Liff,Douglas Adams;John Lloyd,Humor,http://books.google.com/books/content?id=TVFPmAEACAAJ&printsec=frontcover&img=1&zoom=1&source=gbs_api,"Presents a dictionary of such items as ""Tingrith,"" or the feeling of aluminum foil against your fillings, and ""Ahenny,"" the way people stand when examining other people's bookshelves.",2005.0,3.93,192.0,3924.0,The Deeper Meaning of Liff: A Dictionary of Things There Aren't Any Words for Yet-- But There Ought to be,"9780307236012 Presents a dictionary of such items as ""Tingrith,"" or the feeling of aluminum foil against your fillings, and ""Ahenny,"" the way people stand when examining other people's bookshelves.",Fiction
9780307237903,0307237907,The Last Boleyn,Karen Harper,Fiction,http://books.google.com/books/content?id=yeYzpDgTo8MC&printsec=frontcover&img=1&zoom=1&source=gbs_api,"Henry is generally well-behaved, but he is occasionally arrogant and vain. Henry is at heart a hard worker, but his frequent bouts of illness hinder his work.",2006.0,4.05,592.0,8848.0,The Last Boleyn,"9780307237903 Henry is generally well-behaved, but he is occasionally arrogant and vain. Henry is at heart a hard worker, but his frequent bouts of illness hinder his work.",Fiction
9780307264121,0307264122,The Spy Who Barked,George Edward Stanley,Juvenile Fiction,http://books.google.com/books/content?id=jykzxgEACAAJ&printsec=frontcover&img=1&zoom=1&source=gbs_api,"Eight-year-old spy Adam Sharp pursues the very short Ambassador of Barkastan, who has stolen a top secret computer program, DOGBARK, that will let him understand the language of dogs.",2002.0,3.47,48.0,24.0,The Spy Who Barked,"9780307264121 Eight-year-old spy Adam Sharp pursues the very short Ambassador of Barkastan, who has stolen a top secret computer program, DOGBARK, that will let him understand the language of dogs.",Children's Fiction
9780307264657,0307264653,Terrorist,John Updike,Fiction,http://books.google.com/books/content?id=KlFnmmF0IJcC&printsec=frontcover&img=1&zoom=1&source=gbs_api,"Eighteen-year-old Ahmad, the son of an Irish-American mother and long-gone Egyptian father, is contemptuous of the self-indulgent society surrounding him, and devoted to the teachings of Islam, becomes drawn into an insidious terrorist plot.",2006.0,3.17,320.0,3405.0,Terrorist,"9780307264657 Eighteen-year-old Ahmad, the son of an Irish-American mother and long-gone Egyptian father, is contemptuous of the self-indulgent society surrounding him, and devoted to the teachings of Islam, becomes drawn into an insidious terrorist plot.",Fiction
9780307275554,0307275558,The Devil Wears Prada,Lauren Weisberger,Fiction,http://books.google.com/books/content?id=jgnS-R9qNU8C&printsec=frontcover&img=1&zoom=1&source=gbs_api,"A small-town girl fresh out of an Ivy League college lands a job at a prestigious fashion magazine, but wonders if the glamorous perks are worth working for the editor from hell.",2006.0,3.73,432.0,723487.0,The Devil Wears Prada,"9780307275554 A small-town girl fresh out of an Ivy League college lands a job at a prestigious fashion magazine, but wonders if the glamorous perks are worth working for the editor from hell.",Fiction
9780307275936,0307275930,If Beale Street Could Talk,James Baldwin,Fiction,http://books.google.com/books/content?id=24D5xwEACAAJ&printsec=frontcover&img=1&zoom=1&source=gbs_api,"When a pregnant Tish's boyfriend Fonny, a sculptor, is wrongfully jailed for the rape of a Puerto Rican woman, their families unite to prove the charge false. Reprint. 10,000 first printing.",2006.0,4.24,197.0,14306.0,If Beale Street Could Talk: A Novel,"9780307275936 When a pregnant Tish's boyfriend Fonny, a sculptor, is wrongfully jailed for the rape of a Puerto Rican woman, their families unite to prove the charge false. Reprint. 10,000 first printing.",Fiction
9780307278364,0307278360,The Sunset Limited,Cormac McCarthy,Drama,http://books.google.com/books/content?id=JNFlAAAAMAAJ&printsec=frontcover&img=1&zoom=1&source=gbs_api,"McCarthy's new play packs all the wallop of his gut-wrenching fiction. ""The Sunset Limited,"" though, is not about blood and guts but about the battle for the human soul.",2006.0,3.96,160.0,6166.0,The Sunset Limited: A Novel in Dramatic Form,"9780307278364 McCarthy's new play packs all the wallop of his gut-wrenching fiction. ""The Sunset Limited,"" though, is not about blood and guts but about the battle for the human soul.",Fiction
9780307337931,0307337936,"Small Bites, Big Nights",Govind Armstrong;Ann Wycoff;Alison Clare Steingold,Cooking,http://books.google.com/books/content?id=BEYkPQAACAAJ&printsec=frontcover&img=1&zoom=1&source=gbs_api,"Percy is incredibly accident-prone, and holds the dubious record of the most accidents. Percy has had a small rivalary with Harold, however, they are always willing to help each other when in trouble.",2007.0,3.6,256.0,20.0,"Small Bites, Big Nights: Seductive Little Plates for Intimate Occasions and Lavish Parties","9780307337931 Percy is incredibly accident-prone, and holds the dubious record of the most accidents. Percy has had a small rivalary with Harold, however, they are always willing to help each other when in trouble.",Nonfiction
9780307346582,0307346587,Everyday Pasta,Giada De Laurentiis,Cooking,http://books.google.com/books/content?id=oMiU2rsyyWYC&printsec=frontcover&img=1&zoom=1&source=gbs_api,Collects Italian cookery recipes that range from classic favorites to innovative new dishes and are accompanied by simple instructions for making fresh pasta and a selection of side dishes.,2007.0,4.09,240.0,8719.0,Everyday Pasta: Favorite Pasta Recipes for Every Occasion,9780307346582 Collects Italian cookery recipes that range from classic favorites to innovative new dishes and are accompanied by simple instructions for making fresh pasta and a selection of side dishes.,Nonfiction
9780307383419,0307383415,Dreams from My Father,Barack Obama,Biography & Autobiography,http://books.google.com/books/content?id=eNWODQAAQBAJ&printsec=frontcover&img=1&zoom=1&source=gbs_api,"The son of an African father and white American mother discusses his childhood in Hawaii, his struggle to find his identity as an African American, and his life accomplishments.",2007.0,3.86,442.0,1187.0,Dreams from My Father: A Story of Race and Inheritance,"9780307383419 The son of an African father and white American mother discusses his childhood in Hawaii, his struggle to find his identity as an African American, and his life accomplishments.",Nonfiction
9780310217602,0310217601,Trial by Fire,Terri Blackstock,Fiction,http://books.google.com/books/content?id=Ji-svNwtmosC&printsec=frontcover&img=1&zoom=1&source=gbs_api,Paramedic Issie Mattreaux joins forces with minister Nick Foster to investigate after Foster's church is burned to the ground and a young African-American man is found shot to death in the rubble. Original.,2000.0,4.35,347.0,3119.0,Trial by Fire,9780310217602 Paramedic Issie Mattreaux joins forces with minister Nick Foster to investigate after Foster's church is burned to the ground and a young African-American man is found shot to death in the rubble. Original.,Fiction
9780310243878,0310243874,Breach of Promise,James Scott Bell,Fiction,http://books.google.com/books/content?id=RNpBD41SNMcC&printsec=frontcover&img=1&zoom=1&source=gbs_api,Actor and father Mark Gillen finds out how far modern courts will go to keep a child from a parent who has strong Christian views.,2004.0,4.0,345.0,358.0,Breach of Promise,9780310243878 Actor and father Mark Gillen finds out how far modern courts will go to keep a child from a parent who has strong Christian views.,Fiction
9780310252191,0310252199,The Church on the Other Side,Brian D. McLaren,Religion,http://books.google.com/books/content?id=973kEQV9ruUC&printsec=frontcover&img=1&zoom=1&source=gbs_api,Tested strategies for pastors and churches that want to be somewhere else in the postmodern world and need reliable and practical help to get there. Now revised and expanded. Formerly titled Reinventing Your Church.,2003.0,3.58,224.0,201.0,The Church on the Other Side: Doing Ministry in the Postmodern Matrix,9780310252191 Tested strategies for pastors and churches that want to be somewhere else in the postmodern world and need reliable and practical help to get there. Now revised and expanded. Formerly titled Reinventing Your Church.,Nonfiction
9780310264132,0310264138,Purpose Driven Life MM Camouflage Edition,"Rick Warren, D.Min.;Zondervan Publishing",Christian life,http://books.google.com/books/content?id=2_zhAAAACAAJ&printsec=frontcover&img=1&zoom=1&source=gbs_api,The #1 international bestseller! This 40-day spiritual journey will help you understand why you are alive and God's amazing plan for you both no and for eternity.,2004.0,3.92,336.0,20.0,Purpose Driven Life MM Camouflage Edition,9780310264132 The #1 international bestseller! This 40-day spiritual journey will help you understand why you are alive and God's amazing plan for you both no and for eternity.,Nonfiction
9780310929550,0310929555,Zondervan NIV Study Bible,Kenneth L. Barker;Donald W. Burdick,Bibles,http://books.google.com/books/content?id=WvYLGwAACAAJ&printsec=frontcover&img=1&zoom=1&source=gbs_api,"#1 Best-selling study Bible in the best-selling NIV translation Study features fully revised and updated. Over 20,000 in-text study notes. Library of study resources at your fingertips. ""Excellent for Homeschool Use""",2002.0,4.7,2198.0,4092.0,Zondervan NIV Study Bible: New International Version,"9780310929550 #1 Best-selling study Bible in the best-selling NIV translation Study features fully revised and updated. Over 20,000 in-text study notes. Library of study resources at your fingertips. ""Excellent for Homeschool Use""",Nonfiction
9780312049997,0312049994,The Sun in the Morning,Mary Margaret Kaye,Biography & Autobiography,,"The author writes of her childhood in India; her enduring love for the romance, mystery, and culture of that country; and the creative inspiration she continues to draw from the India of the Raj",1990.0,4.21,454.0,230.0,The Sun in the Morning: My Early Years in India and England,"9780312049997 The author writes of her childhood in India; her enduring love for the romance, mystery, and culture of that country; and the creative inspiration she continues to draw from the India of the Raj",Nonfiction
9780312151225,0312151225,The Everyday I Ching,Sarah Dening,"Body, Mind & Spirit",http://books.google.com/books/content?id=i5j0ZumPWkwC&printsec=frontcover&img=1&zoom=1&source=gbs_api,Details how to use the ancient Chinese book of divination and discussess how to relate the I Ching's hexagrams to the problems of modern life,1997.0,4.19,224.0,23.0,The Everyday I Ching,9780312151225 Details how to use the ancient Chinese book of divination and discussess how to relate the I Ching's hexagrams to the problems of modern life,Nonfiction
9780312151256,031215125X,The Far Pavilions,M. M. Kaye,Fiction,http://books.google.com/books/content?id=2Hw4KmShqzYC&printsec=frontcover&img=1&zoom=1&source=gbs_api,"A monumental, internationally best-selling novel set in nineteenth-century India weaves a vast tapestry of love, war, and adventure in the foothills of the towering Himalayas. Reprint.",1997.0,4.21,958.0,36300.0,The Far Pavilions,"9780312151256 A monumental, internationally best-selling novel set in nineteenth-century India weaves a vast tapestry of love, war, and adventure in the foothills of the towering Himalayas. Reprint.",Fiction
9780312203030,0312203039,High Five,Janet Evanovich,Fiction,http://books.google.com/books/content?id=9aqX3Z1vlLkC&printsec=frontcover&img=1&zoom=1&source=gbs_api,"New Jersey bounty hunter Stephanie Plum struggles to make ends meet while coping with a missing Uncle Fred, homicidal rapist and stalker Benito Ramirez, amorous vice cop Joe Morelli, and would-be lover Roger",1999.0,4.18,292.0,660.0,High Five,"9780312203030 New Jersey bounty hunter Stephanie Plum struggles to make ends meet while coping with a missing Uncle Fred, homicidal rapist and stalker Benito Ramirez, amorous vice cop Joe Morelli, and would-be lover Roger",Fiction
9780312241353,0312241356,And The Band Played on,Randy Shilts,Health & Fitness,http://books.google.com/books/content?id=A8g2VPGtdUkC&printsec=frontcover&img=1&zoom=1&source=gbs_api,"An examination of the AIDS crisis exposes the federal government for its inaction, health authorities for their greed, and scientists for their desire for prestige in the face of the AIDS pandemic.",2000.0,4.39,656.0,18518.0,"And The Band Played on: Politics, People, and the AIDS Epidemic","9780312241353 An examination of the AIDS crisis exposes the federal government for its inaction, health authorities for their greed, and scientists for their desire for prestige in the face of the AIDS pandemic.",Nonfiction
9780312252816,0312252811,Death in the Andamans,M. M. Kaye,Fiction,http://books.google.com/books/content?id=lMFbMB3PZroC&printsec=frontcover&img=1&zoom=1&source=gbs_api,"While visiting the Andaman Islands in the Indian Ocean, Copper Randal and Valerie Masson become entangled in a mysterious case of drowning and murder. Reprint. 15,000 first printing.",2000.0,3.93,272.0,813.0,Death in the Andamans,"9780312252816 While visiting the Andaman Islands in the Indian Ocean, Copper Randal and Valerie Masson become entangled in a mysterious case of drowning and murder. Reprint. 15,000 first printing.",Fiction
9780312263102,0312263104,Death in Kashmir,M. M. Kaye,Fiction,http://books.google.com/books/content?id=CsUSjmbYMTYC&printsec=frontcover&img=1&zoom=1&source=gbs_api,"When Sarah Parrish journeys to Gulmarg, a vacation ski resort in the mountains above the valley of Kashmir, she finds herself embroiled in danger, intrigue, and multiple murder. Reprint. 10,000 first printing.",2000.0,3.95,256.0,1435.0,Death in Kashmir: A Mystery,"9780312263102 When Sarah Parrish journeys to Gulmarg, a vacation ski resort in the mountains above the valley of Kashmir, she finds herself embroiled in danger, intrigue, and multiple murder. Reprint. 10,000 first printing.",Fiction
9780312265052,0312265050,The Naked and the Dead,Norman Mailer,Fiction,http://books.google.com/books/content?id=c66GLzQjQFAC&printsec=frontcover&img=1&zoom=1&source=gbs_api,"Portrays the contrasting personalities and nostalgic reminiscences of a group of World War II American soldiers engaged in a combat operation against the Japanese. Reprint. 15,000 first printing.",2000.0,3.94,721.0,20541.0,"The Naked and the Dead: 50th Anniversary Edition, With a New Introduction by the Author","9780312265052 Portrays the contrasting personalities and nostalgic reminiscences of a group of World War II American soldiers engaged in a combat operation against the Japanese. Reprint. 15,000 first printing.",Fiction
9780312267179,0312267177,Catfish and Mandala,Andrew X. Pham,Biography & Autobiography,http://books.google.com/books/content?id=GMqwBI6Bx7AC&printsec=frontcover&img=1&zoom=1&source=gbs_api,A Vietnamese American returns to the land of his birth in a memoir of the consequences of war and the divide that still separates Asian Americans from the dominant culture,2000.0,3.96,344.0,4541.0,Catfish and Mandala: A Two-Wheeled Voyage Through the Landscape and Memory of Vietnam,9780312267179 A Vietnamese American returns to the land of his birth in a memoir of the consequences of war and the divide that still separates Asian Americans from the dominant culture,Nonfiction
9780312286217,031228621X,A Writer's Workbook,Caroline Sharp;Elizabeth Gilbert,Language Arts & Disciplines,http://books.google.com/books/content?id=iiTfCwAAQBAJ&printsec=frontcover&img=1&zoom=1&source=gbs_api,"Provides a series of warm-ups and practical exercises for aspiring writers that address such issues as fear of failure, dyslexia, writer's block, rewriting, and related matters. Reprint. 15,000 first printing.",2002.0,3.71,176.0,148.0,A Writer's Workbook: Daily Exercises for the Writing Life,"9780312286217 Provides a series of warm-ups and practical exercises for aspiring writers that address such issues as fear of failure, dyslexia, writer's block, rewriting, and related matters. Reprint. 15,000 first printing.",Fiction
9780312289515,0312289510,The Christmas Shoes,Donna VanLiere,Fiction,http://books.google.com/books/content?id=ISMSvEsRR-EC&printsec=frontcover&img=1&zoom=1&source=gbs_api,"While shopping for gifts on Christmas Eve, Robert, a successful lawyer whose family life is falling apart, meets Nathan, an eight-year-old boy whose mother is dying.",2001.0,4.23,132.0,31800.0,The Christmas Shoes,"9780312289515 While shopping for gifts on Christmas Eve, Robert, a successful lawyer whose family life is falling apart, meets Nathan, an eight-year-old boy whose mother is dying.",Fiction
9780312311339,0312311338,McCarthy's Bar,Pete McCarthy,Travel,http://books.google.com/books/content?id=2DF-J8CZSxwC&printsec=frontcover&img=1&zoom=1&source=gbs_api,"An American chronicles his funny, nostalgic encounter with Ireland as he searches for his roots in the countryside and pubs of this beautiful and deceptively simple country. Reprint. 20,000 first printing.",2003.0,3.79,338.0,8589.0,McCarthy's Bar: A Journey of Discovery In Ireland,"9780312311339 An American chronicles his funny, nostalgic encounter with Ireland as he searches for his roots in the countryside and pubs of this beautiful and deceptively simple country. Reprint. 20,000 first printing.",Nonfiction
9780312312152,0312312156,The Little Princesses,Marion Crawford,Biography & Autobiography,http://books.google.com/books/content?id=kv65ZiLjTT0C&printsec=frontcover&img=1&zoom=1&source=gbs_api,"An account of the childhoods and early adulthoods of Queen Elizabeth and Princess Margaret, as told by one of their primary caregivers, offers insight into early twentieth-century British royal life.",2003.0,4.0,230.0,378.0,"The Little Princesses: The Story of the Queen's Childhood by Her Nanny, Marion Crawford","9780312312152 An account of the childhoods and early adulthoods of Queen Elizabeth and Princess Margaret, as told by one of their primary caregivers, offers insight into early twentieth-century British royal life.",Nonfiction
9780312313678,0312313675,The New York Times Guide to Essential Knowledge,The New York Times,Reference,http://books.google.com/books/content?id=zqkdNwRxSooC&printsec=frontcover&img=1&zoom=1&source=gbs_api,"Presents information on such subjects as art, architecture, biology, business, history, medicine, sports, philosophy, and film, with essays by experts on numerous topics, a biographical dictionary, and a writer's guide to grammar.",2004.0,4.09,1104.0,150.0,The New York Times Guide to Essential Knowledge: A Desk Reference for the Curious Mind,"9780312313678 Presents information on such subjects as art, architecture, biology, business, history, medicine, sports, philosophy, and film, with essays by experts on numerous topics, a biographical dictionary, and a writer's guide to grammar.",Nonfiction
9780312319731,0312319738,Dominion,Matthew Scully,Nature,http://books.google.com/books/content?id=_htG-Pi2GboC&printsec=frontcover&img=1&zoom=1&source=gbs_api,"Argues for responsible action in the treatment of animals, challenging popular conceptions about animal feeling and awareness and profiling a safari convention, factory farm, and the works of top writers.",2003.0,4.16,448.0,1131.0,"Dominion: The Power of Man, the Suffering of Animals, and the Call to Mercy","9780312319731 Argues for responsible action in the treatment of animals, challenging popular conceptions about animal feeling and awareness and profiling a safari convention, factory farm, and the works of top writers.",Nonfiction
9780312333751,0312333757,Inside the Mind of Gideon Rayburn,Sarah Miller,Juvenile Fiction,http://books.google.com/books/content?id=jOd1-lojYxoC&printsec=frontcover&img=1&zoom=1&source=gbs_api,"Reveals the thoughts and feelings of New England prep school student Gideon Rayburn through the narration of one of Gideon's female classmates, who is inside his mind and sees events through his perspective.",2006.0,3.39,289.0,1066.0,Inside the Mind of Gideon Rayburn,"9780312333751 Reveals the thoughts and feelings of New England prep school student Gideon Rayburn through the narration of one of Gideon's female classmates, who is inside his mind and sees events through his perspective.",Children's Fiction
9780312333799,031233379X,Spider Mountain,P. T. Deutermann,Fiction,http://books.google.com/books/content?id=1Wflpi1atxYC&printsec=frontcover&img=1&zoom=1&source=gbs_api,"Infiltrating a dangerous Appalachian mountain gang, former police officer Cam Richter and special agent Carrie Santangelo expose the gang's methamphetamine trade only to learn about their secret activities involving abandoned and abused children.",2006.0,3.91,309.0,447.0,Spider Mountain: A Novel,"9780312333799 Infiltrating a dangerous Appalachian mountain gang, former police officer Cam Richter and special agent Carrie Santangelo expose the gang's methamphetamine trade only to learn about their secret activities involving abandoned and abused children.",Fiction
9780312349493,0312349491,Lean Mean Thirteen,Janet Evanovich,Fiction,http://books.google.com/books/content?id=MzI11XrhN5AC&printsec=frontcover&img=1&zoom=1&source=gbs_api,"Trenton, New Jersey, bounty hunter Stephanie Plum, along with her offbeat family and associates, embarks on her thirteenth zany and perilous adventure, in the sequel to Twelve Sharp. 1,250,000 first printing.",2007.0,4.09,310.0,78572.0,Lean Mean Thirteen,"9780312349493 Trenton, New Jersey, bounty hunter Stephanie Plum, along with her offbeat family and associates, embarks on her thirteenth zany and perilous adventure, in the sequel to Twelve Sharp. 1,250,000 first printing.",Fiction
9780312361754,0312361750,"The Paris Review Interviews, I",The Paris Review,Biography & Autobiography,http://books.google.com/books/content?id=AaXWxQEACAAJ&printsec=frontcover&img=1&zoom=1&source=gbs_api,"A new compilation of interviews from the premier literary magazine includes conversations with some of the world's leading authors, poets, novelists, playwrights, and memoirists, including William Faulkner, Toni Morrison, Isaac Bashevis Singer, Graham Gre",2006.0,4.38,510.0,838.0,"The Paris Review Interviews, I","9780312361754 A new compilation of interviews from the premier literary magazine includes conversations with some of the world's leading authors, poets, novelists, playwrights, and memoirists, including William Faulkner, Toni Morrison, Isaac Bashevis Singer, Graham Gre",Nonfiction
9780312420925,0312420927,"Haussmann, Or the Distinction",Paul LaFarge,Fiction,http://books.google.com/books/content?id=2CIM-IKhZmEC&printsec=frontcover&img=1&zoom=1&source=gbs_api,"France's greatest architect, Baron Georges-EugFne Haussman, stands at the center of this unique novel about the reconstruction of Paris during the nineteenth century. Reprint. 10,000 first printing.",2002.0,3.64,379.0,150.0,"Haussmann, Or the Distinction: A Novel","9780312420925 France's greatest architect, Baron Georges-EugFne Haussman, stands at the center of this unique novel about the reconstruction of Paris during the nineteenth century. Reprint. 10,000 first printing.",Fiction
9780312423377,0312423373,The River at the Center of the World,Simon Winchester,Travel,http://books.google.com/books/content?id=qiL4eiCfL64C&printsec=frontcover&img=1&zoom=1&source=gbs_api,"The author recounts his experiences traveling along the Yangtze river from the Tibetan border to the East China Sea, vividly bringing to life China's rich cultural history, politics, people, geography, and climate. Reprint.",2004.0,3.92,416.0,1359.0,"The River at the Center of the World: A Journey Up the Yangtze, and Back in Chinese Time","9780312423377 The author recounts his experiences traveling along the Yangtze river from the Tibetan border to the East China Sea, vividly bringing to life China's rich cultural history, politics, people, geography, and climate. Reprint.",Nonfiction
9780312424671,0312424671,Small Island,Andrea Levy,Fiction,http://books.google.com/books/content?id=tahylzEQ78AC&printsec=frontcover&img=1&zoom=1&source=gbs_api,"At the end of World War II the Joseph family arrives in London from Jamaica and Queenie, their white landlady, befriends them, until her racist husband, Bernard, arrives home from the front.",2004.0,3.93,441.0,20087.0,Small Island: A Novel,"9780312424671 At the end of World War II the Joseph family arrives in London from Jamaica and Queenie, their white landlady, befriends them, until her racist husband, Bernard, arrives home from the front.",Fiction
9780312424688,031242468X,Collected Prose,Paul Auster,Literary Collections,http://books.google.com/books/content?id=J0HhZE6jxRMC&printsec=frontcover&img=1&zoom=1&source=gbs_api,"Features the author's selection of essays, true stories, autobiographical writings, prefaces, collaborations with artists, and articles, covering topics ranging from New York City and Kafka to Sir Walter Raleigh and high-wire artist Philippe Petit.",2005.0,4.04,528.0,272.0,"Collected Prose: Autobiographical Writings, True Stories, Critical Essays, Prefaces, and Collaborations with Artists","9780312424688 Features the author's selection of essays, true stories, autobiographical writings, prefaces, collaborations with artists, and articles, covering topics ranging from New York City and Kafka to Sir Walter Raleigh and high-wire artist Philippe Petit.",Nonfiction
9780312426033,0312426038,Night Draws Near,Anthony Shadid,History,http://books.google.com/books/content?id=foVhywPrz4EC&printsec=frontcover&img=1&zoom=1&source=gbs_api,"An Arab-American journalist looks at the Iraq War from the perspective of ordinary Iraqi citizens confronted by the dislocations, hardships, tragedies, and harsh realities of the conflict.",2006.0,4.11,507.0,614.0,Night Draws Near: Iraq's People in the Shadow of America's War,"9780312426033 An Arab-American journalist looks at the Iraq War from the perspective of ordinary Iraqi citizens confronted by the dislocations, hardships, tragedies, and harsh realities of the conflict.",Nonfiction
9780312861438,0312861435,The Memory of Whiteness,Kim Stanley Robinson,Fiction,http://books.google.com/books/content?id=NZak7Hk5zTQC&printsec=frontcover&img=1&zoom=1&source=gbs_api,"In the year 3229 AD, when the best and sometimes only means of communication is through music, Johannes Wright, master Musician, and his friends and enemies journey toward an understanding of the Universe",1996.0,3.56,352.0,431.0,The Memory of Whiteness: A Scientific Romance,"9780312861438 In the year 3229 AD, when the best and sometimes only means of communication is through music, Johannes Wright, master Musician, and his friends and enemies journey toward an understanding of the Universe",Fiction
9780312864743,0312864744,Ports of Call,Jack Vance,Fiction,http://books.google.com/books/content?id=_Zu4Su4cdMoC&printsec=frontcover&img=1&zoom=1&source=gbs_api,"A romantic tale follows a space swashbuckler and conman as he travels from world to world, plying his trade, drinking in wild bars, and flirting with women",1999.0,3.53,300.0,395.0,Ports of Call,"9780312864743 A romantic tale follows a space swashbuckler and conman as he travels from world to world, plying his trade, drinking in wild bars, and flirting with women",Fiction
9780312878269,0312878265,Duel,Richard Matheson,Fiction,http://books.google.com/books/content?id=CEM1sk7k3XQC&printsec=frontcover&img=1&zoom=1&source=gbs_api,"Collects horror stories such as ""Third from the Sun,"" ""Little Girl Lost,"" ""Death Ship,"" and ""Duel,"" which was the basis for the Spielberg film of the same name.",2003.0,4.05,400.0,1752.0,Duel: Terror Stories by Richard Matheson,"9780312878269 Collects horror stories such as ""Third from the Sun,"" ""Little Girl Lost,"" ""Death Ship,"" and ""Duel,"" which was the basis for the Spielberg film of the same name.",Fiction
9780312878603,0312878605,The Collected Stories of Arthur C. Clarke,Arthur C. Clarke,Fiction,http://books.google.com/books/content?id=HLz1g95AXDsC&printsec=frontcover&img=1&zoom=1&source=gbs_api,"Introduces readers to the author's shorter works, spanning his entire writing career, including ""The Nine Billion Names of God,"" ""Nemesis,"" ""The Sentinel,"" and ""The Songs of Distant Earth.""",2002.0,4.3,966.0,3964.0,The Collected Stories of Arthur C. Clarke,"9780312878603 Introduces readers to the author's shorter works, spanning his entire writing career, including ""The Nine Billion Names of God,"" ""Nemesis,"" ""The Sentinel,"" and ""The Songs of Distant Earth.""",Fiction
9780312890216,0312890214,The Starry Rift,James Tiptree,Fiction,,"This novel set in the far-future and filled with action, extraordinary characters, and visionary speculation, chronicles the human exploration of alien planets with strange and mysterious life forms",1994.0,3.82,250.0,220.0,The Starry Rift,"9780312890216 This novel set in the far-future and filled with action, extraordinary characters, and visionary speculation, chronicles the human exploration of alien planets with strange and mysterious life forms",Fiction
9780312929640,0312929641,The Circle,David Poyer,Fiction,http://books.google.com/books/content?id=N-H70tCN0S8C&printsec=frontcover&img=1&zoom=1&source=gbs_api,"Fresh from Annapolis, Dan Lenson boards an antiquated destroyer headed for the Arctic Circle, where he and the crew encounter a rogue sub, violent weather, and possible court martial",1993.0,4.08,543.0,337.0,The Circle: He Pledged To Serve With Duty And Honor. Instead He Fought Betrayal On A Ship Bound For Danger.,"9780312929640 Fresh from Annapolis, Dan Lenson boards an antiquated destroyer headed for the Arctic Circle, where he and the crew encounter a rogue sub, violent weather, and possible court martial",Fiction
9780312934309,0312934300,Full Bloom,Janet Evanovich;Charlotte Hughes,Fiction,http://books.google.com/books/content?id=j25oZ2e_B04C&printsec=frontcover&img=1&zoom=1&source=gbs_api,"Inheriting the local B&B and its eccentric handyman, Annie Fortenberry finds her life complicated by rumors of a ghost, millionaire Max Holt's upcoming wedding, enigmatic stranger Wes Bridges, and her murdered ex-husband.",2005.0,3.81,344.0,11877.0,Full Bloom,"9780312934309 Inheriting the local B&B and its eccentric handyman, Annie Fortenberry finds her life complicated by rumors of a ghost, millionaire Max Holt's upcoming wedding, enigmatic stranger Wes Bridges, and her murdered ex-husband.",Fiction
9780312940669,0312940661,When the Lion Feeds,Wilbur Smith,Fiction,http://books.google.com/books/content?id=0YLT5DSlsgAC&printsec=frontcover&img=1&zoom=1&source=gbs_api,"In late nineteenth-century South Africa, Sean Courteney follows his destiny to the gold mines of Pretoria, while his twin, Garrick, bitterly plots revenge against his brother for the shooting accident that crippled him. Reprint.",2006.0,4.18,544.0,9802.0,When the Lion Feeds,"9780312940669 In late nineteenth-century South Africa, Sean Courteney follows his destiny to the gold mines of Pretoria, while his twin, Garrick, bitterly plots revenge against his brother for the shooting accident that crippled him. Reprint.",Fiction
9780312965785,0312965788,All Creatures Great and Small,James Herriot,Biography & Autobiography,http://books.google.com/books/content?id=YiYUOW9L-pIC&printsec=frontcover&img=1&zoom=1&source=gbs_api,A country veterinary surgeon in Yorkshire describes the joys and trials of his profession and recalls his early career and experiences with his unique clientele,1998.0,4.32,437.0,65381.0,All Creatures Great and Small,9780312965785 A country veterinary surgeon in Yorkshire describes the joys and trials of his profession and recalls his early career and experiences with his unique clientele,Nonfiction
9780312970741,0312970749,El Paso,Matt Braun,Fiction,http://books.google.com/books/content?id=GP3EXjYkGRMC&printsec=frontcover&img=1&zoom=1&source=gbs_api,"Dallas Stoudenmire comes to El Paso, Texas, to end the terror of the two vicious Banning Brothers, and to put a stop to the bloody violence between Americans and Mexicans. Reprint.",1999.0,3.4,256.0,22.0,El Paso,"9780312970741 Dallas Stoudenmire comes to El Paso, Texas, to end the terror of the two vicious Banning Brothers, and to put a stop to the bloody violence between Americans and Mexicans. Reprint.",Fiction
9780312971281,0312971281,Search the Dark,Charles Todd,Fiction,http://books.google.com/books/content?id=I9yZKs30ChMC&printsec=frontcover&img=1&zoom=1&source=gbs_api,"Scotland Yard's most intrepid inspector is sent to Dorset with strict orders to coordinate the search for two missing children, but his investigation is complicated by his growing feelings for a potential suspect.",2000.0,4.0,310.0,3717.0,Search the Dark,"9780312971281 Scotland Yard's most intrepid inspector is sent to Dorset with strict orders to coordinate the search for two missing children, but his investigation is complicated by his growing feelings for a potential suspect.",Fiction
9780312971397,0312971397,Cuba,Stephen Coonts,Fiction,http://books.google.com/books/content?id=LgKACy2j2Z8C&printsec=frontcover&img=1&zoom=1&source=gbs_api,"As Castro lies dying, an internal power struggle threatens to unleash a stolen stockpile of chemical weapons against the U.S., but Admiral Jake Grafton is determined to prevent the destruction. Reprint.",2000.0,3.81,461.0,1400.0,Cuba,"9780312971397 As Castro lies dying, an internal power struggle threatens to unleash a stolen stockpile of chemical weapons against the U.S., but Admiral Jake Grafton is determined to prevent the destruction. Reprint.",Fiction
9780312982515,0312982518,The Sigma Protocol,Robert Ludlum,Fiction,http://books.google.com/books/content?id=zB21mSnmop8C&printsec=frontcover&img=1&zoom=1&source=gbs_api,"When a childhood friend unexpectedly attempts to murder him in Switzerland, an American investment banker begins to unravel a mystery involving his famous financier father and a mysterious OSS case code-named Sigma. Reprint.",2002.0,3.79,662.0,9116.0,The Sigma Protocol,"9780312982515 When a childhood friend unexpectedly attempts to murder him in Switzerland, an American investment banker begins to unravel a mystery involving his famous financier father and a mysterious OSS case code-named Sigma. Reprint.",Fiction
9780316000956,0316000957,Trials of Death,Darren Shan,Juvenile Fiction,http://books.google.com/books/content?id=99CCPgAACAAJ&printsec=frontcover&img=1&zoom=1&source=gbs_api,"Darren begins the Trials of Initiation to prove himself worthy of being a half-vampire, even as the clan's blood foes, the vampaneze, gather near Vampire Mountain.",2005.0,4.25,202.0,23943.0,Trials of Death,"9780316000956 Darren begins the Trials of Initiation to prove himself worthy of being a half-vampire, even as the clan's blood foes, the vampaneze, gather near Vampire Mountain.",Children's Fiction
9780316066143,0316066141,Hollywood Station,Joseph Wambaugh,Fiction,http://books.google.com/books/content?id=W6kjuQEACAAJ&printsec=frontcover&img=1&zoom=1&source=gbs_api,"Under the leadership of their sergeant, known as ""The Oracle,"" the crew of the LAPD's Hollywood Station take on their toughest case yet as they deal with the Russian mob, diamonds, counterfeiting, and grenades.",2006.0,3.72,340.0,2030.0,Hollywood Station: A Novel,"9780316066143 Under the leadership of their sergeant, known as ""The Oracle,"" the crew of the LAPD's Hollywood Station take on their toughest case yet as they deal with the Russian mob, diamonds, counterfeiting, and grenades.",Fiction
9780316182744,0316182745,Paint it Black,Janet Fitch,Fiction,http://books.google.com/books/content?id=DD8elwEACAAJ&printsec=frontcover&img=1&zoom=1&source=gbs_api,"From the bestselling author of ""White Oleander"" comes a powerful story of passion, first love, and a young woman's search for a true world in the aftermath of loss.",2006.0,3.48,387.0,9884.0,Paint it Black: A Novel,"9780316182744 From the bestselling author of ""White Oleander"" comes a powerful story of passion, first love, and a young woman's search for a true world in the aftermath of loss.",Fiction
9780316281331,0316281336,"The World Treasury of Physics, Astronomy, and Mathematics",Timothy Ferris;Clifton Fadiman,Education,http://books.google.com/books/content?id=zryXGwAACAAJ&printsec=frontcover&img=1&zoom=1&source=gbs_api,"The writings of more than 60 authors including Isaac Asimov, Albert Einstein, Stephen Hawking, Pierre Curie, Primo Levi and James Gleick, are represented in this volume. Each expresses a perspective on the Sciences.",1993.0,4.12,859.0,361.0,"The World Treasury of Physics, Astronomy, and Mathematics","9780316281331 The writings of more than 60 authors including Isaac Asimov, Albert Einstein, Stephen Hawking, Pierre Curie, Primo Levi and James Gleick, are represented in this volume. Each expresses a perspective on the Sciences.",Nonfiction
9780316578998,0316578991,The Black Veil,Rick Moody,Family & Relationships,http://books.google.com/books/content?id=AQC2QgAACAAJ&printsec=frontcover&img=1&zoom=1&source=gbs_api,"The author weaves together past and present and family legend as he shares his personal story of dealing with depression, and his search through his family's paternal lines to find clues to his melancholy.",2002.0,3.06,336.0,391.0,The Black Veil: A Memoir with Digressions,"9780316578998 The author weaves together past and present and family legend as he shares his personal story of dealing with depression, and his search through his family's paternal lines to find clues to his melancholy.",Nonfiction
9780316693356,0316693359,Miracle on the 17th Green,James Patterson;Peter De Jonge,Fiction,http://books.google.com/books/content?id=gmkUPZQ-Q80C&printsec=frontcover&img=1&zoom=1&source=gbs_api,"While playing a round of golf on Christmas, Travis McKinley experiences a Zen-like vision that transforms him into a professional player, pits him against his favorite champions, and eventually saves his troubled marriage",1996.0,3.66,160.0,3558.0,Miracle on the 17th Green: A Novel,"9780316693356 While playing a round of golf on Christmas, Travis McKinley experiences a Zen-like vision that transforms him into a professional player, pits him against his favorite champions, and eventually saves his troubled marriage",Fiction
9780321432872,0321432878,Andrew Carnegie and the Rise of Big Business,Harold C. Livesay,Biography & Autobiography,http://books.google.com/books/content?id=SePtAAAAMAAJ&printsec=frontcover&img=1&zoom=1&source=gbs_api,"A biography of Scotsman Andrew Carnegie that discusses how his actions, as founder of Carnegie Steel, contributed to the reorganization of the pattern of industrial activity.",2007.0,3.27,230.0,28.0,Andrew Carnegie and the Rise of Big Business,"9780321432872 A biography of Scotsman Andrew Carnegie that discusses how his actions, as founder of Carnegie Steel, contributed to the reorganization of the pattern of industrial activity.",Nonfiction
9780330301749,0330301748,The Circus of Adventure,Enid Blyton,Juvenile Fiction,http://books.google.com/books/content?id=-80JSgAACAAJ&printsec=frontcover&img=1&zoom=1&source=gbs_api,When Bill comes home with a strange guest it proves to be the beginning of an adventure involving a travelling circus and a castle with secret passages.,1988.0,4.1,192.0,1856.0,The Circus of Adventure,9780330301749 When Bill comes home with a strange guest it proves to be the beginning of an adventure involving a travelling circus and a castle with secret passages.,Children's Fiction
9780330346511,0330346512,An Unquiet Mind,Kay Redfield Jamison,Biography & Autobiography,http://books.google.com/books/content?id=adEquyRaKTYC&printsec=frontcover&img=1&zoom=1&source=gbs_api,"In this book, a world authority on manic-depression reveals her own struggle since girlhood with this cruel disease. She describes how she mastered it and how it shaped her life.",1997.0,4.05,240.0,297.0,An Unquiet Mind: A Memoir of Moods and Madness,"9780330346511 In this book, a world authority on manic-depression reveals her own struggle since girlhood with this cruel disease. She describes how she mastered it and how it shaped her life.",Nonfiction
9780330411738,033041173X,Hour Game,David Baldacci,Fiction,http://books.google.com/books/content?id=A0i1qocdUhEC&printsec=frontcover&img=1&zoom=1&source=gbs_api,"Baldacci's #1 ""New York Times"" bestseller brings back Sean King and Michelle Maxwell--the unstoppable duo from ""Split Second""--on the trails of two diabolical killers, one of whom is copying the other--and stealing the ""credit.""",2005.0,3.97,726.0,204.0,Hour Game,"9780330411738 Baldacci's #1 ""New York Times"" bestseller brings back Sean King and Michelle Maxwell--the unstoppable duo from ""Split Second""--on the trails of two diabolical killers, one of whom is copying the other--and stealing the ""credit.""",Fiction
9780330412445,0330412442,Bosnia,Noel Malcolm,Bosnia and Hercegovina,http://books.google.com/books/content?id=ToYfeuTfhF8C&printsec=frontcover&img=1&zoom=1&source=gbs_api,This work aims to set the war in the Balkans in its full historical and political context. This edition includes a chapter covering the events between 1993 and 1995.,2002.0,4.06,384.0,33.0,Bosnia: A Short History,9780330412445 This work aims to set the war in the Balkans in its full historical and political context. This edition includes a chapter covering the events between 1993 and 1995.,Nonfiction
9780330419581,0330419587,Marching Powder,Rusty Young,Cocaine industry,http://books.google.com/books/content?id=rfFohfHH1RcC&printsec=frontcover&img=1&zoom=1&source=gbs_api,"Inspired by the description of Bolivia's San Pedro Prison in the ""Lonely Planet"" guidebook, Young decided to spend four months listening to inmate McFadden and learning about one of the strangest places on earth.",2004.0,4.25,371.0,869.0,Marching Powder,"9780330419581 Inspired by the description of Bolivia's San Pedro Prison in the ""Lonely Planet"" guidebook, Young decided to spend four months listening to inmate McFadden and learning about one of the strangest places on earth.",Nonfiction
9780330487153,0330487159,The Enigma of Arrival,V. S. Naipaul,England,http://books.google.com/books/content?id=p_nohX19FFIC&printsec=frontcover&img=1&zoom=1&source=gbs_api,"Perhaps Naipaul's most autobiographical work, this is the story of a writer's singular journey from the British colony of Trinidad to the ancient countryside of England.",2002.0,3.69,387.0,994.0,The Enigma of Arrival,"9780330487153 Perhaps Naipaul's most autobiographical work, this is the story of a writer's singular journey from the British colony of Trinidad to the ancient countryside of England.",Nonfiction
9780330491198,0330491199,The Hitchhiker's Guide to the Galaxy,Douglas Adams,"Dent, Arthur (Fictitious character)",http://books.google.com/books/content?id=S062QgAACAAJ&printsec=frontcover&img=1&zoom=1&source=gbs_api,"Adams's beloved and enduring sci-fi/comedy classic is now available in this beautiful, clothbound, elegantly presented book, filled with never-before-published material, original scripts from the BBC radio series, and much more to please any fan.",2002.0,4.22,180.0,2918.0,The Hitchhiker's Guide to the Galaxy,"9780330491198 Adams's beloved and enduring sci-fi/comedy classic is now available in this beautiful, clothbound, elegantly presented book, filled with never-before-published material, original scripts from the BBC radio series, and much more to please any fan.",Fiction
9780340692912,034069291X,Crucifix Lane,Kate Mosse,London (England),http://books.google.com/books/content?id=z6f6HAAACAAJ&printsec=frontcover&img=1&zoom=1&source=gbs_api,"As well as being a gripping thriller, Crucifix Lane explores topical issues such as genetic engineering, and weaves in Celtic mythology in an original and inventive way.",1998.0,3.4,309.0,41.0,Crucifix Lane,"9780340692912 As well as being a gripping thriller, Crucifix Lane explores topical issues such as genetic engineering, and weaves in Celtic mythology in an original and inventive way.",Fiction
9780345251220,0345251229,Visions from Nowhere,William Arrow,Science fiction,,"The first novel in the series, ""Return to the Planet of the Apes, "" in which astronauts, out of their time period, become involved with a society dominated by apes.",1976.0,3.23,183.0,10.0,Visions from Nowhere,"9780345251220 The first novel in the series, ""Return to the Planet of the Apes, "" in which astronauts, out of their time period, become involved with a society dominated by apes.",Fiction
9780345302359,0345302354,The Crucible of Time,John Brunner,Fiction,http://books.google.com/books/content?id=1T5ddGlkvbkC&printsec=frontcover&img=1&zoom=1&source=gbs_api,"Traces the development over milennia of a civilization of an unusual alien species, whose sense of humor, resourceful adaptibility, and metalworking skills are the strengths and the hope of their society",1984.0,3.71,416.0,24.0,The Crucible of Time,"9780345302359 Traces the development over milennia of a civilization of an unusual alien species, whose sense of humor, resourceful adaptibility, and metalworking skills are the strengths and the hope of their society",Fiction
9780345305183,0345305183,On a pale horse,Piers Anthony,Fiction,http://books.google.com/books/content?id=8tR0CLrhucIC&printsec=frontcover&img=1&zoom=1&source=gbs_api,"Zane belongs to a world in which the scientific revolution has been followed by the revolution of magic, and he is thrust into the role of Death.",1984.0,4.13,325.0,152.0,On a pale horse,"9780345305183 Zane belongs to a world in which the scientific revolution has been followed by the revolution of magic, and he is thrust into the role of Death.",Fiction
9780345316509,0345316509,"Job, a Comedy of Justice",Robert Anson Heinlein,Fiction,http://books.google.com/books/content?id=qdfZBJ8PWWMC&printsec=frontcover&img=1&zoom=1&source=gbs_api,"On vacation in Polynesia, Alex Hergensheimer experiences a series of world-changes, all of which point to Armageddon and reveal him to be a pawn in the ancient feud between God and Lucifer.",1985.0,3.78,439.0,15580.0,"Job, a Comedy of Justice","9780345316509 On vacation in Polynesia, Alex Hergensheimer experiences a series of world-changes, all of which point to Armageddon and reveal him to be a pawn in the ancient feud between God and Lucifer.",Fiction
9780345331052,0345331052,The Doom that Came to Sarnath,Howard Phillips Lovecraft,Fiction,http://books.google.com/books/content?id=McpvPwAACAAJ&printsec=frontcover&img=1&zoom=1&source=gbs_api,In a city of gems and riches - beyond the dreams of mortal men - a race of conquerors celebrates its triumph and reaps the horror of its glory.,1971.0,4.12,208.0,2734.0,The Doom that Came to Sarnath,9780345331052 In a city of gems and riches - beyond the dreams of mortal men - a race of conquerors celebrates its triumph and reaps the horror of its glory.,Fiction
9780345396938,0345396936,Cry to Heaven,Anne Rice,Fiction,http://books.google.com/books/content?id=5iiODQAAQBAJ&printsec=frontcover&img=1&zoom=1&source=gbs_api,"Eighteenth-century Naples provides the setting for the pain, fears, resentments, desires, and triumphs of peasant-born Guido Maffeo and patrician-born Tonio Treschi, two castrati--mentor and angel-voiced student--who strive passionately to live full lives",1995.0,3.84,566.0,17761.0,Cry to Heaven,"9780345396938 Eighteenth-century Naples provides the setting for the pain, fears, resentments, desires, and triumphs of peasant-born Guido Maffeo and patrician-born Tonio Treschi, two castrati--mentor and angel-voiced student--who strive passionately to live full lives",Fiction
9780345397393,0345397398,The Vampire Companion,Katherine M. Ramsland;Anne Rice,Fiction,http://books.google.com/books/content?id=GwL3NWi9tn4C&printsec=frontcover&img=1&zoom=1&source=gbs_api,"Hundreds of entries discuss various topics related to the Anne Rice series of vampire novels, and include characters, themes, places, and symbolism in the novels",1995.0,3.93,608.0,4704.0,The Vampire Companion: The Official Guide to Anne Rice's The Vampire Chronicles,"9780345397393 Hundreds of entries discuss various topics related to the Anne Rice series of vampire novels, and include characters, themes, places, and symbolism in the novels",Fiction
9780345418685,0345418689,Reunion,Alan Dean Foster,Fiction,http://books.google.com/books/content?id=PSeT-HlIU-IC&printsec=frontcover&img=1&zoom=1&source=gbs_api,"Flinx and his companion Pip venture into a top-secret security installation on Earth to find information about the Meliorare Society, a sect of renegade eugenicists notorious for their experiments on humans, including Flinx himself.",2001.0,3.87,352.0,1339.0,Reunion,"9780345418685 Flinx and his companion Pip venture into a top-secret security installation on Earth to find information about the Meliorare Society, a sect of renegade eugenicists notorious for their experiments on humans, including Flinx himself.",Fiction
9780345418777,0345418778,Mostly Harmless,Douglas Adams,Fiction,http://books.google.com/books/content?id=jefTQwAACAAJ&printsec=frontcover&img=1&zoom=1&source=gbs_api,"Raised on a planet at the remote edge of the universe, the daughter of Arthur Dent sets out on a transgalactic quest to find the planet of her ancestors",2000.0,3.97,240.0,72235.0,Mostly Harmless,"9780345418777 Raised on a planet at the remote edge of the universe, the daughter of Arthur Dent sets out on a transgalactic quest to find the planet of her ancestors",Fiction
9780345419620,0345419626,The Queen of the Damned,Anne Rice,Fiction,http://books.google.com/books/content?id=LKOyybatskUC&printsec=frontcover&img=1&zoom=1&source=gbs_api,"Intertwines the stories of rock star and vampire Lestat, beautiful twins haunted by a gruesome tragedy, and Akasha, mother of all vampires, who dreams of godhood.",1997.0,3.88,448.0,118857.0,The Queen of the Damned,"9780345419620 Intertwines the stories of rock star and vampire Lestat, beautiful twins haunted by a gruesome tragedy, and Akasha, mother of all vampires, who dreams of godhood.",Fiction
9780345422040,034542204X,Tales of the Cthulhu Mythos,H. P. Lovecraft,Fiction,http://books.google.com/books/content?id=GeZZAAAAMAAJ&printsec=frontcover&img=1&zoom=1&source=gbs_api,"Presents a collection of stories based on H.P. Lovecraft's Cthulhu mythos, including stories by Lovecraft, Frank Belnap Long, Robert Bloch, Stephen King, and August Derleth",1998.0,4.2,462.0,4154.0,Tales of the Cthulhu Mythos,"9780345422040 Presents a collection of stories based on H.P. Lovecraft's Cthulhu mythos, including stories by Lovecraft, Frank Belnap Long, Robert Bloch, Stephen King, and August Derleth",Fiction
9780345423870,0345423879,Candy,Luke Davies,Fiction,http://books.google.com/books/content?id=wFyPDQAAQBAJ&printsec=frontcover&img=1&zoom=1&source=gbs_api,"Set in the author's native Australia, a controversial debut novel reminiscent of Trainspotting follows a young couple's descent into slavery to heroin, which forces them to make money by any means necessary. Original.",1998.0,4.08,304.0,5687.0,Candy,"9780345423870 Set in the author's native Australia, a controversial debut novel reminiscent of Trainspotting follows a young couple's descent into slavery to heroin, which forces them to make money by any means necessary. Original.",Fiction
9780345431103,0345431103,"Star Wars, Episode I",George Lucas,Fiction,http://books.google.com/books/content?id=fE3XAQAACAAJ&printsec=frontcover&img=1&zoom=1&source=gbs_api,"The complete screenplay for the latest ""Star Wars"" motion picture, which tells the story of Darth Vader's youth, includes reproductions of storyboards from the director's studio",1999.0,3.92,150.0,257.0,"Star Wars, Episode I: The Phantom Menace : Illustrated Screenplay","9780345431103 The complete screenplay for the latest ""Star Wars"" motion picture, which tells the story of Darth Vader's youth, includes reproductions of storyboards from the director's studio",Fiction
9780345431912,034543191X,The King of Elfland's Daughter,Edward John Moreton Drax Plunkett Baron Dunsany,Fiction,http://books.google.com/books/content?id=LIoBAAAACAAJ&printsec=frontcover&img=1&zoom=1&source=gbs_api,"A young prince ventures into a mysterious forest in search of the land of Faerie and of a princess bride, in one of the landmarks of modern fantasy fiction",1999.0,3.84,240.0,4718.0,The King of Elfland's Daughter,"9780345431912 A young prince ventures into a mysterious forest in search of the land of Faerie and of a princess bride, in one of the landmarks of modern fantasy fiction",Fiction
9780345433749,0345433742,The Genome War,James Shreeve,Science,http://books.google.com/books/content?id=uOxFV6oFgj4C&printsec=frontcover&img=1&zoom=1&source=gbs_api,An account of the race to solve the world's greatest scientific challenge--the sequencing of the human genome--describes the competition between rival researchers Craig Venter and Francis Collins.,2005.0,3.81,392.0,259.0,The Genome War: How Craig Venter Tried to Capture the Code of Life and Save the World,9780345433749 An account of the race to solve the world's greatest scientific challenge--the sequencing of the human genome--describes the competition between rival researchers Craig Venter and Francis Collins.,Nonfiction
9780345435750,0345435753,Morgawr,Terry Brooks,Fiction,http://books.google.com/books/content?id=ESKYaKFA5voC&printsec=frontcover&img=1&zoom=1&source=gbs_api,Shocking revelations challenge the beliefs of the Druids and their comrades as they continue to battle the unspeakable forces of darkness that threaten to engulf them.,2003.0,3.97,415.0,13817.0,Morgawr,9780345435750 Shocking revelations challenge the beliefs of the Druids and their comrades as they continue to battle the unspeakable forces of darkness that threaten to engulf them.,Fiction
9780345437082,034543708X,Henry VIII,Alison Weir,Biography & Autobiography,http://books.google.com/books/content?id=eh7Ylw4rPAAC&printsec=frontcover&img=1&zoom=1&source=gbs_api,"Examines the king's remarkable influence on the laws, customs, culture, and politics of his kingdom and profiles the diverse courtiers, artists, and scholars who surrounded Henry VIII.",2002.0,4.17,642.0,10137.0,Henry VIII: The King and His Court,"9780345437082 Examines the king's remarkable influence on the laws, customs, culture, and politics of his kingdom and profiles the diverse courtiers, artists, and scholars who surrounded Henry VIII.",Nonfiction
9780345437839,0345437837,The Case of the Curious Bride,Erle Stanley Gardner,Fiction,http://books.google.com/books/content?id=afFOPgAACAAJ&printsec=frontcover&img=1&zoom=1&source=gbs_api,"When her ""deceased"" con man husband turns up after being declared dead in a plane crash, he's threatening to blackmail Rhoda Lorton, who has since married a millionaire. Reissue.",2000.0,3.86,192.0,1519.0,The Case of the Curious Bride,"9780345437839 When her ""deceased"" con man husband turns up after being declared dead in a plane crash, he's threatening to blackmail Rhoda Lorton, who has since married a millionaire. Reissue.",Fiction
9780345441690,0345441699,The Dark Arena,Mario Puzo,Fiction,http://books.google.com/books/content?id=HeiODQAAQBAJ&printsec=frontcover&img=1&zoom=1&source=gbs_api,"Walter Mosca, a former G.I. and World War II veteran, returns to post-war Germany seeking his fortune but, instead, falls in love with Hella and becomes involved in the dangerous black market. Reissue.",2001.0,3.35,288.0,1515.0,The Dark Arena,"9780345441690 Walter Mosca, a former G.I. and World War II veteran, returns to post-war Germany seeking his fortune but, instead, falls in love with Hella and becomes involved in the dangerous black market. Reissue.",Fiction
9780345441706,0345441702,The Sicilian,Mario Puzo,Fiction,http://books.google.com/books/content?id=yHSODQAAQBAJ&printsec=frontcover&img=1&zoom=1&source=gbs_api,"After his three-year exile in Sicily, Michael Corleone is charged to return to America with Salvatore Giuliano, a young Sicilian bandit whose activities have angered the head of the Sicilian Mafia. Reprint.",2001.0,3.96,416.0,15801.0,The Sicilian,"9780345441706 After his three-year exile in Sicily, Michael Corleone is charged to return to America with Salvatore Giuliano, a young Sicilian bandit whose activities have angered the head of the Sicilian Mafia. Reprint.",Fiction
9780345443601,0345443608,A Stroke of Midnight,Laurell K. Hamilton,Fiction,http://books.google.com/books/content?id=W45XYPF-fzEC&printsec=frontcover&img=1&zoom=1&source=gbs_api,"Heir to the throne of Faerie, Private Investigator Meredith Gentry faces unforeseen enemies and must summon magical powers to battle the evil that threatens to devour her.",2006.0,4.07,385.0,28124.0,A Stroke of Midnight: A Novel,"9780345443601 Heir to the throne of Faerie, Private Investigator Meredith Gentry faces unforeseen enemies and must summon magical powers to battle the evil that threatens to devour her.",Fiction
9780345448194,0345448197,Boogaloo on 2nd Avenue,Mark Kurlansky,Fiction,http://books.google.com/books/content?id=GuO6QgAACAAJ&printsec=frontcover&img=1&zoom=1&source=gbs_api,"Captures the lives of the inhabitants of a tight-knit, ethnically diverse neighborhood on the Lower East Side of New York, including Nathan, a claustrophobic married man falling for Karoline, a German pastry maker.",2005.0,3.15,319.0,182.0,"Boogaloo on 2nd Avenue: A Novel of Pastry, Guilt, and Music","9780345448194 Captures the lives of the inhabitants of a tight-knit, ethnically diverse neighborhood on the Lower East Side of New York, including Nathan, a claustrophobic married man falling for Karoline, a German pastry maker.",Fiction
9780345450692,0345450698,Clay's Quilt,Silas House,Fiction,http://books.google.com/books/content?id=Tcgduqd7Nk4C&printsec=frontcover&img=1&zoom=1&source=gbs_api,"Clay Sizemore, a coal miner in love, searches his family history for clues about who he is, uncovering a dramatic story woven into the fabric of his uncle's quilts.",2001.0,3.95,320.0,2588.0,Clay's Quilt: A Novel,"9780345450692 Clay Sizemore, a coal miner in love, searches his family history for clues about who he is, uncovering a dramatic story woven into the fabric of his uncle's quilts.",Fiction
9780345452511,0345452518,Sunstorm,Arthur Charles Clarke;Stephen Baxter,Fiction,http://books.google.com/books/content?id=Wzg9BEEnIV8C&printsec=frontcover&img=1&zoom=1&source=gbs_api,"A woman stumbles upon a mysterious portal that links back to the Firstborn, omnipotent beings responsible for the upheaval of history and the creators of the notorious black monolith of ""2001: A Space Odyssey.""",2006.0,3.83,356.0,3894.0,Sunstorm,"9780345452511 A woman stumbles upon a mysterious portal that links back to the Firstborn, omnipotent beings responsible for the upheaval of history and the creators of the notorious black monolith of ""2001: A Space Odyssey.""",Fiction
9780345453860,0345453867,Shadow Dance,Julie Garwood,Fiction,http://books.google.com/books/content?id=KXqrAfghW9wC&printsec=frontcover&img=1&zoom=1&source=gbs_api,"Moving between the glamorous cosmopolitan world of Boston and small-town Texas, a sizzling romance follows the evolution of the tumultuous relationship between Jordan Buchanan and Noah Clayborne. 300,000 first printing.",2007.0,4.0,336.0,10943.0,Shadow Dance: A Novel,"9780345453860 Moving between the glamorous cosmopolitan world of Boston and small-town Texas, a sizzling romance follows the evolution of the tumultuous relationship between Jordan Buchanan and Noah Clayborne. 300,000 first printing.",Fiction
9780345455826,0345455827,1968,Mark Kurlansky,History,http://books.google.com/books/content?id=PgoWNH22yTMC&printsec=frontcover&img=1&zoom=1&source=gbs_api,"Provides a detailed look at 1968, a pivotal year in the history of the twentieth century, exploring the turbulent events, politics, culture, economics, and social changes that marked a volatile year.",2005.0,3.78,480.0,1933.0,1968: The Year That Rocked The World,"9780345455826 Provides a detailed look at 1968, a pivotal year in the history of the twentieth century, exploring the turbulent events, politics, culture, economics, and social changes that marked a volatile year.",Nonfiction
9780345457370,0345457374,The Bonesetter's Daughter,Amy Tan,Fiction,http://books.google.com/books/content?id=TQW3ngISY98C&printsec=frontcover&img=1&zoom=1&source=gbs_api,"Struggling to regain her voice and express her true feelings to her husband, ghostwriter Ruth Young discovers that her inability to speak closely parallels the story of her mother LuLing's early life in China.",2003.0,3.98,368.0,105432.0,The Bonesetter's Daughter,"9780345457370 Struggling to regain her voice and express her true feelings to her husband, ghostwriter Ruth Young discovers that her inability to speak closely parallels the story of her mother LuLing's early life in China.",Fiction
9780345461612,0345461614,Running from the Deity,Alan Dean Foster,Fiction,http://books.google.com/books/content?id=9mnzmJ3Ksn0C&printsec=frontcover&img=1&zoom=1&source=gbs_api,"As a Great Darkness threatens to engulf the entire universe, Flinx and his mini-drag companion Pip may finally get the chance to face down the ultimate evil. Reprint.",2006.0,3.8,280.0,1025.0,Running from the Deity,"9780345461612 As a Great Darkness threatens to engulf the entire universe, Flinx and his mini-drag companion Pip may finally get the chance to face down the ultimate evil. Reprint.",Fiction
9780345461674,0345461673,Judas Unchained,Peter F. Hamilton,Fiction,http://books.google.com/books/content?id=eHMVAAAACAAJ&printsec=frontcover&img=1&zoom=1&source=gbs_api,"The factions in the embattled Commonwealth must come together to battle not only the predatory alien species, the Prime, but also the Starflyer, a mysterious and undetectable alien with irresistible mind-control abilities.",2007.0,4.31,1008.0,707.0,Judas Unchained,"9780345461674 The factions in the embattled Commonwealth must come together to battle not only the predatory alien species, the Prime, but also the Starflyer, a mysterious and undetectable alien with irresistible mind-control abilities.",Fiction
9780345463159,0345463153,The Fourth Hand,John Irving,Fiction,http://books.google.com/books/content?id=oeD1ApzuFM4C&printsec=frontcover&img=1&zoom=1&source=gbs_api,"When a New York journalist suffers a horrible accident--his left hand eaten by a lion while reporting on a story from India--witnessed by millions on television, viewers rally to help him.",2003.0,3.31,368.0,24758.0,The Fourth Hand,"9780345463159 When a New York journalist suffers a horrible accident--his left hand eaten by a lion while reporting on a story from India--witnessed by millions on television, viewers rally to help him.",Fiction
9780345465542,0345465547,The Heritage of Shannara,Terry Brooks,Fiction,http://books.google.com/books/content?id=zaIKAAAACAAJ&printsec=frontcover&img=1&zoom=1&source=gbs_api,"Collects the four novels of the ""Heritage of Shannara"" series--""The Scions of Shannara,"" ""The Druid of Shannara,"" ""The Elf Queen of Shannara,"" and ""The Talisman of Shannara""--into a single volume.",2003.0,4.28,1238.0,3548.0,The Heritage of Shannara,"9780345465542 Collects the four novels of the ""Heritage of Shannara"" series--""The Scions of Shannara,"" ""The Druid of Shannara,"" ""The Elf Queen of Shannara,"" and ""The Talisman of Shannara""--into a single volume.",Fiction
9780345475732,0345475739,Star Wars,James Luceno,Fiction,http://books.google.com/books/content?id=_g7TCwAAQBAJ&printsec=frontcover&img=1&zoom=1&source=gbs_api,"Obi-Wan Kenobi and Anakin Skywalker embark on a mission to uncover the wearabouts of the evil Sith Lord, Darth Sidious, only to become trapped in a labyrinthine web of lies, betrayal, and intrigue.",2005.0,3.84,370.0,5477.0,Star Wars: Labyrinth of Evil,"9780345475732 Obi-Wan Kenobi and Anakin Skywalker embark on a mission to uncover the wearabouts of the evil Sith Lord, Darth Sidious, only to become trapped in a labyrinthine web of lies, betrayal, and intrigue.",Fiction
9780345482402,0345482409,Enchantment,Orson Scott Card,Fiction,http://books.google.com/books/content?id=TfC7wAEACAAJ&printsec=frontcover&img=1&zoom=1&source=gbs_api,"Follows one man from ninth-century Russia to present-day America as he struggles to rescue a princess and her kingdom, find true love, and overcome the blackest of evil.",2005.0,3.9,422.0,23134.0,Enchantment,"9780345482402 Follows one man from ninth-century Russia to present-day America as he struggles to rescue a princess and her kingdom, find true love, and overcome the blackest of evil.",Fiction
9780345486585,0345486587,Drop Dead Gorgeous,Linda Howard,Fiction,http://books.google.com/books/content?id=tLqFnO5SsEIC&printsec=frontcover&img=1&zoom=1&source=gbs_api,"After narrowly escaping two attempts on her life, Blair Mallory launches a personal campaign to discover her attacker's identity without the support of her fiancâe, police detective Wyatt Bloodsworth.",2006.0,3.93,347.0,7100.0,Drop Dead Gorgeous: A Novel,"9780345486585 After narrowly escaping two attempts on her life, Blair Mallory launches a personal campaign to discover her attacker's identity without the support of her fiancâe, police detective Wyatt Bloodsworth.",Fiction
9780345494764,0345494768,The Making of Star Wars,J. W. Rinzler,Performing Arts,http://books.google.com/books/content?id=S5IXtAEACAAJ&printsec=frontcover&img=1&zoom=1&source=gbs_api,"Coinciding with the thirtieth anniversary of the first Star Wars film and including long-lost interviews and photos, a work written by a Lucasfilm staff member reveals the challenges and dramas behind the movie's creation.",2007.0,4.54,362.0,1148.0,The Making of Star Wars: The Definitive Story Behind the Original Film : Based on the Lost Interviews from the Official Lucasfilm Archives,"9780345494764 Coinciding with the thirtieth anniversary of the first Star Wars film and including long-lost interviews and photos, a work written by a Lucasfilm staff member reveals the challenges and dramas behind the movie's creation.",Nonfiction
9780370307121,0370307127,A Likely Lad,Gillian Avery,Adventure stories,,"Pressured by his father to leave school for a career he doesn't want, a nineteenth-century Manchester boy runs away and gains a new perspective on his future.",1986.0,4.08,224.0,12.0,A Likely Lad,"9780370307121 Pressured by his father to leave school for a career he doesn't want, a nineteenth-century Manchester boy runs away and gains a new perspective on his future.",Nonfiction
9780373250479,0373250479,Slightly Settled,Wendy Markham,Fiction,http://books.google.com/books/content?id=_RnWqxABCcQC&printsec=frontcover&img=1&zoom=1&source=gbs_api,"Tracey Spadolini from ""Slightly Single"" is back and looking and feeling fabulous. But Tracey soon finds herself the object of desire of three men. When did life for Tracey get so complicated?",2004.0,3.66,312.0,4601.0,Slightly Settled,"9780373250479 Tracey Spadolini from ""Slightly Single"" is back and looking and feeling fabulous. But Tracey soon finds herself the object of desire of three men. When did life for Tracey get so complicated?",Fiction
9780373638178,0373638175,Omega Path,James Axler,Fiction,http://books.google.com/books/content?id=c7XuPQAACAAJ&printsec=frontcover&img=1&zoom=1&source=gbs_api,"Allied with fellow outcasts Brigid Baptiste and Grant, Kane journeys back in time to pre-apocalyptic New York City, where he hopes to win over a young man who could alter the future. Original.",1998.0,3.87,352.0,77.0,Omega Path,"9780373638178 Allied with fellow outcasts Brigid Baptiste and Grant, Kane journeys back in time to pre-apocalyptic New York City, where he hopes to win over a young man who could alter the future. Original.",Fiction
9780373832712,0373832710,Sizzle,Jennifer Crusie,Fiction,,"Business takes a back seat to romance when accountant Richard Parker encounters Emily Tate, an advertising executive running a new ad campaign for a sensual new perfume called Sizzle. Original.",1994.0,3.09,92.0,655.0,Sizzle,"9780373832712 Business takes a back seat to romance when accountant Richard Parker encounters Emily Tate, an advertising executive running a new ad campaign for a sensual new perfume called Sizzle. Original.",Fiction
9780373835492,0373835493,The Foundling,Georgette Heyer,Fiction,http://books.google.com/books/content?id=ca1BwgEACAAJ&printsec=frontcover&img=1&zoom=1&source=gbs_api,The second of six special Georgette Heyer Collector Editions offered by Harlequin throughout 2003 features this hard-to-find Regency romance and a special Foreword by Kay Hooper. Reissue.,2003.0,3.85,406.0,3599.0,The Foundling,9780373835492 The second of six special Georgette Heyer Collector Editions offered by Harlequin throughout 2003 features this hard-to-find Regency romance and a special Foreword by Kay Hooper. Reissue.,Fiction
9780373836932,0373836937,"And the Envelope, Please...",Barbara Bretton;Emilie Rose;Isabel Sharpe,Fiction,http://books.google.com/books/content?id=0B2X-s87SFAC&printsec=frontcover&img=1&zoom=1&source=gbs_api,"Working behind the scenes at the I Love New York Film Festival, three heroines find unexpected romance in this quirky and lighthearted collection from bestselling authors.",2006.0,3.57,279.0,7.0,"And the Envelope, Please...: Ever After an Affair to Remember It Happened One Night","9780373836932 Working behind the scenes at the I Love New York Film Festival, three heroines find unexpected romance in this quirky and lighthearted collection from bestselling authors.",Fiction
9780374292799,0374292795,The World Is Flat [Updated and Expanded],Thomas L. Friedman,Social Science,http://books.google.com/books/content?id=CfHCBUepsXIC&printsec=frontcover&img=1&zoom=1&source=gbs_api,"Offers a concise history of globalization, discussing a wide range of topics, from the September 11 terrorist attacks to the growth of the middle class in both China and India.",2006.0,3.68,616.0,85459.0,The World Is Flat [Updated and Expanded]: A Brief History of the Twenty-first Century,"9780374292799 Offers a concise history of globalization, discussing a wide range of topics, from the September 11 terrorist attacks to the growth of the middle class in both China and India.",Nonfiction
9780374517885,0374517886,Sammlung,Isaac Bashevis Singer,Fiction,http://books.google.com/books/content?id=B0_ws1gwux8C&printsec=frontcover&img=1&zoom=1&source=gbs_api,"The Noble laureate has selected nearly 150 of his acclaimed stories, from his eight previous collections, offering abundant evidence of his mastery of the genre",1982.0,4.37,624.0,1603.0,Sammlung,"9780374517885 The Noble laureate has selected nearly 150 of his acclaimed stories, from his eight previous collections, offering abundant evidence of his mastery of the genre",Fiction
9780374522872,0374522871,Coming Into the Country,John McPhee,Nature,http://books.google.com/books/content?id=ds3uJRhlOB0C&printsec=frontcover&img=1&zoom=1&source=gbs_api,"An account of a kayak and canoe journey through the Brooks Range wilderness, impressions of urban life and political activity, and portraits of people in the bush make up a study of contemporary Alaska",1991.0,4.22,448.0,5452.0,Coming Into the Country,"9780374522872 An account of a kayak and canoe journey through the Brooks Range wilderness, impressions of urban life and political activity, and portraits of people in the bush make up a study of contemporary Alaska",Nonfiction
9780374525804,0374525803,The Artist of the Missing,Paul LaFarge,Fiction,http://books.google.com/books/content?id=n4igLX-makMC&printsec=frontcover&img=1&zoom=1&source=gbs_api,"Hoping to solve the mystery of his parents' disappearance, a young artist travels to the city, where he falls in love with a woman who also promptly vanishes. A first novel. Original.",1999.0,3.58,256.0,99.0,The Artist of the Missing: A Novel,"9780374525804 Hoping to solve the mystery of his parents' disappearance, a young artist travels to the city, where he falls in love with a woman who also promptly vanishes. A first novel. Original.",Fiction
9780374528539,0374528535,"Get Out of My Life, But First Could You Drive Me & Cheryl to the Mall",Anthony E. Wolf,Family & Relationships,http://books.google.com/books/content?id=oKdbCk_05wQC&printsec=frontcover&img=1&zoom=1&source=gbs_api,"A lighthearted but insightful guide to raising adolescent children shows parents how to deal with teenagers living in a faster-paced, less morally certain world than the one they knew. Original. 50,000 first printing.",2002.0,3.94,240.0,1301.0,"Get Out of My Life, But First Could You Drive Me & Cheryl to the Mall: A Parent's Guide to the New Teenager","9780374528539 A lighthearted but insightful guide to raising adolescent children shows parents how to deal with teenagers living in a faster-paced, less morally certain world than the one they knew. Original. 50,000 first printing.",Nonfiction
9780374528669,0374528667,Crescent and Star,Stephen Kinzer,History,http://books.google.com/books/content?id=wRGeIkGd3tcC&printsec=frontcover&img=1&zoom=1&source=gbs_api,"Examining the glories of its past and its hopes for the future, the author explores Turkey's unrealized potential as a nation poised between Europe and Asia.",2002.0,3.83,272.0,784.0,Crescent and Star: Turkey Between Two Worlds,"9780374528669 Examining the glories of its past and its hopes for the future, the author explores Turkey's unrealized potential as a nation poised between Europe and Asia.",Nonfiction
9780375411724,0375411720,Collected Shorter Fiction,graf Leo Tolstoy;Louise Maude,Fiction,http://books.google.com/books/content?id=fQr5yAEACAAJ&printsec=frontcover&img=1&zoom=1&source=gbs_api,"Collects Tolstoy's shorter fiction, offering insight into his life as a soldier, married life, interest in peasantry, belief in truth and simplicity, and interest in religion.",2001.0,4.42,848.0,65.0,Collected Shorter Fiction,"9780375411724 Collects Tolstoy's shorter fiction, offering insight into his life as a soldier, married life, interest in peasantry, belief in truth and simplicity, and interest in religion.",Fiction
9780375500725,0375500723,The Heart of a Woman,Maya Angelou,Biography & Autobiography,http://books.google.com/books/content?id=6VFhQgAACAAJ&printsec=frontcover&img=1&zoom=1&source=gbs_api,"In the fourth volume of her autobiography, the author describes her experiences as a singer-dancer in New York and her impressions of the Civil Rights movement",1997.0,4.2,288.0,17403.0,The Heart of a Woman,"9780375500725 In the fourth volume of her autobiography, the author describes her experiences as a singer-dancer in New York and her impressions of the Civil Rights movement",Nonfiction
9780375507151,0375507159,Cliffs of Despair,Tom Hunt,Psychology,http://books.google.com/books/content?id=Tb32wAEACAAJ&printsec=frontcover&img=1&zoom=1&source=gbs_api,"Interweaving personal reminiscences and investigative journalism, describes the author's journey--in the wake of his grief over a close relative's suicide--to Beachy Head, England, one of the most popular suicide spots in the world.",2006.0,3.72,256.0,70.0,Cliffs of Despair: A Journey to the Edge,"9780375507151 Interweaving personal reminiscences and investigative journalism, describes the author's journey--in the wake of his grief over a close relative's suicide--to Beachy Head, England, one of the most popular suicide spots in the world.",Nonfiction
9780375700125,0375700129,As She Climbed Across the Table,Jonathan Lethem,Fiction,http://books.google.com/books/content?id=dwaPDQAAQBAJ&printsec=frontcover&img=1&zoom=1&source=gbs_api,"Deeply in love with physicist Alice Coombs, professor Philip Engstrand becomes involved in Alice's research into the creation of ""Lack,"" a conscious void in the universe that swallows up things it fancies",1998.0,3.67,224.0,4374.0,As She Climbed Across the Table,"9780375700125 Deeply in love with physicist Alice Coombs, professor Philip Engstrand becomes involved in Alice's research into the creation of ""Lack,"" a conscious void in the universe that swallows up things it fancies",Fiction
9780375700811,0375700811,The Executioner's Song,Norman Mailer,Fiction,http://books.google.com/books/content?id=3y9uQ1ym0GUC&printsec=frontcover&img=1&zoom=1&source=gbs_api,"Reconstructs the crime and fate of Gary Gilmore, the convicted murderer who sought his own execution in Utah, based on taped interviews with relatives, friends, lawyers, and law-enforcement officials.",1998.0,4.07,1056.0,15185.0,The Executioner's Song,"9780375700811 Reconstructs the crime and fate of Gary Gilmore, the convicted murderer who sought his own execution in Utah, based on taped interviews with relatives, friends, lawyers, and law-enforcement officials.",Fiction
9780375701474,0375701478,Night Falls Fast,Kay Redfield Jamison,,http://books.google.com/books/content?id=NTeODQAAQBAJ&printsec=frontcover&img=1&zoom=1&source=gbs_api,"A study of the growing epidemic of suicide among young people draws on the author's firsthand battle with severe manic-depression and attempted suicide to reveal the psychological, medical, and biological aspects of self-inflicted death.",2011.0,4.09,432.0,5211.0,Night Falls Fast,"9780375701474 A study of the growing epidemic of suicide among young people draws on the author's firsthand battle with severe manic-depression and attempted suicide to reveal the psychological, medical, and biological aspects of self-inflicted death.",Nonfiction
9780375701801,037570180X,Geisha,Jodi Cobb;Ian Buruma,Photography,http://books.google.com/books/content?id=GvuAJQAACAAJ&printsec=frontcover&img=1&zoom=1&source=gbs_api,"Looks inside the private world of the geisha to capture this unique icon of Japanese traditional culture, following the geisha's training, preparation for a performance, and role in Japanese society",1998.0,3.89,128.0,183.0,"Geisha: The Life, the Voices, the Art","9780375701801 Looks inside the private world of the geisha to capture this unique icon of Japanese traditional culture, following the geisha's training, preparation for a performance, and role in Japanese society",Nonfiction
9780375701887,0375701885,The Amen Corner,James Baldwin,Drama,http://books.google.com/books/content?id=Ce93BmqmQz4C&printsec=frontcover&img=1&zoom=1&source=gbs_api,"The play centers on the dilemma of the congregation of a Harlem storefront church when they realize Sister Margaret, their leader, is not a saint.",1998.0,3.9,112.0,427.0,The Amen Corner: A Play,"9780375701887 The play centers on the dilemma of the congregation of a Harlem storefront church when they realize Sister Margaret, their leader, is not a saint.",Fiction
9780375704055,0375704051,Awakenings,Oliver W. Sacks,Medical,http://books.google.com/books/content?id=fUzk9gDqBWwC&printsec=frontcover&img=1&zoom=1&source=gbs_api,Describes the author's work with institutionalized patients at Mount Carmel Hospital and the dramatic effects of the drug L-DOPA on twenty patients suffering from encephalitic Parkinsonism,1999.0,4.09,464.0,8601.0,Awakenings,9780375704055 Describes the author's work with institutionalized patients at Mount Carmel Hospital and the dramatic effects of the drug L-DOPA on twenty patients suffering from encephalitic Parkinsonism,Nonfiction
9780375714498,0375714499,Manufacturing Consent,Edward S. Herman;Noam Chomsky,Political Science,http://books.google.com/books/content?id=Z-uLd2Y6iFgC&printsec=frontcover&img=1&zoom=1&source=gbs_api,"Examines the political role played by the media in shaping events, assesses the relationship between the media and the corporations that control and finance them, and discusses the fine distinctions between news and propaganda.",2002.0,4.24,412.0,12038.0,Manufacturing Consent: The Political Economy of the Mass Media,"9780375714498 Examines the political role played by the media in shaping events, assesses the relationship between the media and the corporations that control and finance them, and discusses the fine distinctions between news and propaganda.",Nonfiction
9780375714634,0375714634,Peanuts,Charles M. Schulz,Art,http://books.google.com/books/content?id=pTHFwAEACAAJ&printsec=frontcover&img=1&zoom=1&source=gbs_api,"Offers reproductions of more than five hundred comic strips, pieces from sketchbooks, early prototype drawings for ""Peanuts,"" and selections from Schulz's first cartoon feature, accompanied by commentary on the cartoonist's life and art.",2003.0,4.38,368.0,583.0,Peanuts: The Art of Charles M. Schulz,"9780375714634 Offers reproductions of more than five hundred comic strips, pieces from sketchbooks, early prototype drawings for ""Peanuts,"" and selections from Schulz's first cartoon feature, accompanied by commentary on the cartoonist's life and art.",Nonfiction
9780375724954,0375724958,Stranger in the Forest,Eric Hansen,Travel,http://books.google.com/books/content?id=yu5LPgAACAAJ&printsec=frontcover&img=1&zoom=1&source=gbs_api,"The author of Motoring with Mohammed recounts his seven-month, three-thousand-mile walk across Borneo, and compares life in the jungle with Western civilization. Reprint. 12,500 first printing.",2000.0,4.1,288.0,1521.0,Stranger in the Forest: On Foot Across Borneo,"9780375724954 The author of Motoring with Mohammed recounts his seven-month, three-thousand-mile walk across Borneo, and compares life in the jungle with Western civilization. Reprint. 12,500 first printing.",Nonfiction
9780375726217,0375726217,Double Fold,Nicholson Baker,Language Arts & Disciplines,http://books.google.com/books/content?id=TvLgmAEACAAJ&printsec=frontcover&img=1&zoom=1&source=gbs_api,"Describes how libraries across the United States have dismantled collections of original bound newspapers and brittle books to replace them with microfilmed copies, exploring the hidden reasons for such policies.",2002.0,3.42,370.0,826.0,Double Fold: Libraries and the Assault on Paper,"9780375726217 Describes how libraries across the United States have dismantled collections of original bound newspapers and brittle books to replace them with microfilmed copies, exploring the hidden reasons for such policies.",Nonfiction
9780375726521,0375726527,The Ruined Map,Kōbō Abe,Fiction,http://books.google.com/books/content?id=M0JfY4yHT24C&printsec=frontcover&img=1&zoom=1&source=gbs_api,"A private detective loses his own identity during a directionless search for a missing person, a salesman who vanished more than six months ago, in modern Tokyo. Reprint.",2001.0,3.56,304.0,1330.0,The Ruined Map: A Novel,"9780375726521 A private detective loses his own identity during a directionless search for a missing person, a salesman who vanished more than six months ago, in modern Tokyo. Reprint.",Fiction
9780375727061,037572706X,Julian,Gore Vidal,Fiction,http://books.google.com/books/content?id=RCFiAAAAMAAJ&printsec=frontcover&img=1&zoom=1&source=gbs_api,"An insightful historical novel recreates the brief but brilliant career of Julian, the Roman emperor and philosopher who dedicated himself to the restoration of Hellenism and tried to halt the spread of Christianity. Reprint.",2003.0,4.19,528.0,5035.0,Julian: A Novel,"9780375727061 An insightful historical novel recreates the brief but brilliant career of Julian, the Roman emperor and philosopher who dedicated himself to the restoration of Hellenism and tried to halt the spread of Christianity. Reprint.",Fiction
9780375727580,0375727582,Paradise Reclaimed,Halldor Kiljan Laxness,Fiction,http://books.google.com/books/content?id=ApWODQAAQBAJ&printsec=frontcover&img=1&zoom=1&source=gbs_api,"Traces a poor Icelandic farmer's journey to Mormon Utah and back, as he desperately tries to reunite his broken family. By the Nobel Prize-winning author of Independent People. Reprint. 15,000 first printing.",2002.0,3.79,304.0,426.0,Paradise Reclaimed,"9780375727580 Traces a poor Icelandic farmer's journey to Mormon Utah and back, as he desperately tries to reunite his broken family. By the Nobel Prize-winning author of Independent People. Reprint. 15,000 first printing.",Fiction
9780375755217,0375755217,The Trouble With Poetry,Billy Collins,Poetry,http://books.google.com/books/content?id=dtMhdlM_q48C&printsec=frontcover&img=1&zoom=1&source=gbs_api,"An all-new collection of poetry by America's former Poet Laureate features witty, insightful, and simple poems dealing with the themes of jazz, the passage of time, love, boyhood, and writing. Reprint. 50,000 first printing.",2007.0,4.17,101.0,5327.0,The Trouble With Poetry: And Other Poems,"9780375755217 An all-new collection of poetry by America's former Poet Laureate features witty, insightful, and simple poems dealing with the themes of jazz, the passage of time, love, boyhood, and writing. Reprint. 50,000 first printing.",Fiction
9780375758232,0375758232,Paris to the Moon,Adam Gopnik,Biography & Autobiography,http://books.google.com/books/content?id=jSqtt5RuP6wC&printsec=frontcover&img=1&zoom=1&source=gbs_api,"Revisiting a recurring American obsession with the French capital, the author takes a look at Paris and what it means to Americans as he describes his own relationship with the city.",2001.0,3.76,368.0,12094.0,Paris to the Moon,"9780375758232 Revisiting a recurring American obsession with the French capital, the author takes a look at Paris and what it means to Americans as he describes his own relationship with the city.",Nonfiction
9780375759864,0375759867,The Lost Painting,Jonathan Harr,Art,http://books.google.com/books/content?id=ij5yiGqIF68C&printsec=frontcover&img=1&zoom=1&source=gbs_api,"Recounts the search for a long-lost masterpiece by Italian Baroque master Michelangelo Caravaggio, following a young graduate student across hundreds of years and four countries to uncover the mystery of ""The Taking of Christ.""",2006.0,3.72,320.0,23275.0,The Lost Painting,"9780375759864 Recounts the search for a long-lost masterpiece by Italian Baroque master Michelangelo Caravaggio, following a young graduate student across hundreds of years and four countries to uncover the mystery of ""The Taking of Christ.""",Nonfiction
9780375760396,0375760393,The Botany of Desire,Michael Pollan,Gardening,http://books.google.com/books/content?id=tsx9xvkhqEQC&printsec=frontcover&img=1&zoom=1&source=gbs_api,"Focusing on the human relationship with plants, uses botany to explore four basic human desires--sweetness, beauty, intoxication, and control--through of four plants that embody them: the apple, tulip, marijuana, and potato.",2001.0,4.06,297.0,39426.0,The Botany of Desire: A Plant's-eye View of the World,"9780375760396 Focusing on the human relationship with plants, uses botany to explore four basic human desires--sweetness, beauty, intoxication, and control--through of four plants that embody them: the apple, tulip, marijuana, and potato.",Nonfiction
9780375813757,0375813756,"Love, Stargirl",Jerry Spinelli,Juvenile Fiction,http://books.google.com/books/content?id=LxOPDQAAQBAJ&printsec=frontcover&img=1&zoom=1&source=gbs_api,"Still moping months after being dumped by her Arizona boyfriend Leo, fifteen-year-old Stargirl, a home-schooled free spirit, writes ""the world's longest letter"" to Leo, describing her new life in Pennsylvania.",2007.0,3.82,274.0,686.0,"Love, Stargirl","9780375813757 Still moping months after being dumped by her Arizona boyfriend Leo, fifteen-year-old Stargirl, a home-schooled free spirit, writes ""the world's longest letter"" to Leo, describing her new life in Pennsylvania.",Children's Fiction
9780375823787,0375823786,Ancient Greece and the Olympics,Mary Pope Osborne;Natalie Pope Boyce,Juvenile Nonfiction,http://books.google.com/books/content?id=5cPbWBdO8N0C&printsec=frontcover&img=1&zoom=1&source=gbs_api,"Filled with fascinating facts, a Magic Tree House Research Guide takes readers on an exciting tour of ancient Greece, where gods and goddesses reigned supreme and the Olympics were born. Simultaneous.",2004.0,4.06,119.0,1044.0,Ancient Greece and the Olympics: A Nonfiction Companion to Magic Tree House #16: Hour of the Olympics,"9780375823787 Filled with fascinating facts, a Magic Tree House Research Guide takes readers on an exciting tour of ancient Greece, where gods and goddesses reigned supreme and the Olympics were born. Simultaneous.",Children's Nonfiction
9780375829635,0375829636,Young Warriors,Tamora Pierce;Josepha Sherman,Juvenile Fiction,http://books.google.com/books/content?id=6EnZwAEACAAJ&printsec=frontcover&img=1&zoom=1&source=gbs_api,Fifteen original short stories by various authors relate the exploits of teenage warriors who defeat their enemies with cunning and skill as they strive to fulfill their destinies. Reprint.,2005.0,3.91,312.0,3583.0,Young Warriors: Stories of Strength,9780375829635 Fifteen original short stories by various authors relate the exploits of teenage warriors who defeat their enemies with cunning and skill as they strive to fulfill their destinies. Reprint.,Children's Fiction
9780375835315,0375835318,Nick and Norah's Infinite Playlist,Rachel Cohn;David Levithan,Juvenile Fiction,http://books.google.com/books/content?id=VNh7KXvd5RwC&printsec=frontcover&img=1&zoom=1&source=gbs_api,"High school student Nick O'Leary, member of a rock band, meets college-bound Norah Silverberg and asks her to be his girlfriend for five minutes in order to avoid his ex-sweetheart.",2006.0,3.72,183.0,63806.0,Nick and Norah's Infinite Playlist,"9780375835315 High school student Nick O'Leary, member of a rock band, meets college-bound Norah Silverberg and asks her to be his girlfriend for five minutes in order to avoid his ex-sweetheart.",Children's Fiction
9780375844409,0375844406,Naomi and Ely's No Kiss List,Rachel Cohn;David Levithan,Juvenile Fiction,http://books.google.com/books/content?id=txd7S_UqtVIC&printsec=frontcover&img=1&zoom=1&source=gbs_api,"Although they have been friends and neighbors all their lives, straight Naomi and gay Ely find their relationship severely strained during their freshman year at New York University when Naomi starts dating Bruce.",2007.0,3.44,230.0,13620.0,Naomi and Ely's No Kiss List: A Novel,"9780375844409 Although they have been friends and neighbors all their lives, straight Naomi and gay Ely find their relationship severely strained during their freshman year at New York University when Naomi starts dating Bruce.",Children's Fiction
9780375846731,0375846735,The Amber Spyglass,Philip Pullman,Juvenile Fiction,http://books.google.com/books/content?id=7EglAQAAIAAJ&printsec=frontcover&img=1&zoom=1&source=gbs_api,"Lyra and Will find themselves at the center of a battle between the forces of the Authority and those gathered by Lyra's father, Lord Asriel.",2007.0,4.09,518.0,543.0,The Amber Spyglass,"9780375846731 Lyra and Will find themselves at the center of a battle between the forces of the Authority and those gathered by Lyra's father, Lord Asriel.",Children's Fiction
9780380710829,038071082X,The Grass Crown,Colleen McCullough,Fiction,http://books.google.com/books/content?id=Kt3gN2eJzbQC&printsec=frontcover&img=1&zoom=1&source=gbs_api,The lives of ancient Rome's men--general Gaius Marius and his rival Lucius Cornelius Sulla--unfold amid Republican Rome's struggle in a world of treachery and barbarism,1992.0,4.29,1104.0,9397.0,The Grass Crown,9780380710829 The lives of ancient Rome's men--general Gaius Marius and his rival Lucius Cornelius Sulla--unfold amid Republican Rome's struggle in a world of treachery and barbarism,Fiction
9780380710843,0380710846,Caesar's Women,Colleen McCullough,Fiction,http://books.google.com/books/content?id=yFK8FChsNbsC&printsec=frontcover&img=1&zoom=1&source=gbs_api,The fourth novel of the Masters of Rome series focuses on the women in the life of the Roman emperor Gaius Julius Caesar at the height of his power,1997.0,4.24,943.0,5277.0,Caesar's Women,9780380710843 The fourth novel of the Masters of Rome series focuses on the women in the life of the Roman emperor Gaius Julius Caesar at the height of his power,Fiction
9780380730360,0380730367,Prayers for Rain,Dennis Lehane,Fiction,http://books.google.com/books/content?id=ryrPaNqdW70C&printsec=frontcover&img=1&zoom=1&source=gbs_api,"When a former client jumps from the twenty-sixth floor, private investigator Patrick Kenzie digs into her past to uncover the psychopath responsible for her self-destruction.",2000.0,4.09,375.0,15965.0,Prayers for Rain,"9780380730360 When a former client jumps from the twenty-sixth floor, private investigator Patrick Kenzie digs into her past to uncover the psychopath responsible for her self-destruction.",Fiction
9780380731213,0380731215,Street of the Five Moons,Elizabeth Peters,Fiction,http://books.google.com/books/content?id=CCFwR_WUC3oC&printsec=frontcover&img=1&zoom=1&source=gbs_api,"The discovery of a magnificent but faked ""Charlemagne talisman"" sewn into the suit pocket of a murdered man is cause brainy, beautiful medieval historian Vicky Bliss a world of trouble when she investigates. Reprint.",2000.0,3.94,376.0,3575.0,Street of the Five Moons,"9780380731213 The discovery of a magnificent but faked ""Charlemagne talisman"" sewn into the suit pocket of a murdered man is cause brainy, beautiful medieval historian Vicky Bliss a world of trouble when she investigates. Reprint.",Fiction
9780380759507,0380759500,Firefly,Piers Anthony,Fiction,http://books.google.com/books/content?id=eYQVOMmb0hMC&printsec=frontcover&img=1&zoom=1&source=gbs_api,"The inhabitants of a remote estate in Florida's savannah country fall under the spell of a horrible predator who inflames and perverts their sexual desires, leading to a series of bizarre and deadly encounters",1992.0,3.27,466.0,2369.0,Firefly,"9780380759507 The inhabitants of a remote estate in Florida's savannah country fall under the spell of a horrible predator who inflames and perverts their sexual desires, leading to a series of bizarre and deadly encounters",Fiction
9780380898039,0380898039,Red Message,Peter Abrahams,,,"The CIA concludes that the disappearance of math genius Teddy Wu is an obvious defection to Red China, but his lover, Beth Hunter, investigates further and discovers an international political conspiracy of terrifying proportions",1986.0,3.43,320.0,7.0,Red Message,"9780380898039 The CIA concludes that the disappearance of math genius Teddy Wu is an obvious defection to Red China, but his lover, Beth Hunter, investigates further and discovers an international political conspiracy of terrifying proportions",Nonfiction
9780385090025,0385090021,Saint Thomas of Aquinas,Gilbert Keith Chesterton,Religion,http://books.google.com/books/content?id=1l1SE29tqDcC&printsec=frontcover&img=1&zoom=1&source=gbs_api,The acclaimed British novelist and author of Orthodoxy presents an intriguing portrait of the great Christian philosopher Saint Thomas Aquinas that explores key elements of the saint's theological works. Reprint.,1956.0,4.15,167.0,2841.0,Saint Thomas of Aquinas,9780385090025 The acclaimed British novelist and author of Orthodoxy presents an intriguing portrait of the great Christian philosopher Saint Thomas Aquinas that explores key elements of the saint's theological works. Reprint.,Nonfiction
9780385129916,0385129912,Night Shift,Stephen King,Fiction,http://books.google.com/books/content?id=sl3DFVlHR8EC&printsec=frontcover&img=1&zoom=1&source=gbs_api,"More than twenty-five stories of horror and nightmarish fantasy transform everyday situations into experiences of compelling terror in the worlds of the living, the dying, and the nonliving",1978.0,3.99,344.0,470.0,Night Shift,"9780385129916 More than twenty-five stories of horror and nightmarish fantasy transform everyday situations into experiences of compelling terror in the worlds of the living, the dying, and the nonliving",Fiction
9780385264730,0385264739,Children of the Alley,Najīb Maḥfūẓ,Fiction,http://books.google.com/books/content?id=1XmQtuTxKKAC&printsec=frontcover&img=1&zoom=1&source=gbs_api,The story of an Egyptian family mirrors the spiritual history of humankind as a feudal lord disowns one son for diabolical pride and puts another son to the ultimate test,1996.0,4.1,464.0,1124.0,Children of the Alley,9780385264730 The story of an Egyptian family mirrors the spiritual history of humankind as a feudal lord disowns one son for diabolical pride and puts another son to the ultimate test,Fiction
9780385265706,0385265700,The Book of Ruth,Jane Hamilton,Fiction,http://books.google.com/books/content?id=RKZrKGqRKvMC&printsec=frontcover&img=1&zoom=1&source=gbs_api,"Ruth, a young woman living in a rural Illinois town, looks back on the people who have shaped her life, including her runaway father, shrewish mother, and crazy husband",1990.0,3.84,328.0,61475.0,The Book of Ruth,"9780385265706 Ruth, a young woman living in a rural Illinois town, looks back on the people who have shaped her life, including her runaway father, shrewish mother, and crazy husband",Fiction
9780385302319,0385302312,Dragonfly in Amber,Diana Gabaldon,Fiction,http://books.google.com/books/content?id=zQ4JyQEACAAJ&printsec=frontcover&img=1&zoom=1&source=gbs_api,"Twenty years after her voyage to Scotland, Claire Randall, now a doctor, returns to Scotland with her daughter to locate the stone that sent her on her magical journey years before.",1992.0,4.32,743.0,1018.0,Dragonfly in Amber,"9780385302319 Twenty years after her voyage to Scotland, Claire Randall, now a doctor, returns to Scotland with her daughter to locate the stone that sent her on her magical journey years before.",Fiction
9780385314695,0385314698,The Sixteen Pleasures,Robert Hellenga,Fiction,http://books.google.com/books/content?id=dOl-qIXyWK8C&printsec=frontcover&img=1&zoom=1&source=gbs_api,"The discovery of an old book of erotica in an Italian convent by a beautiful twenty-nine-year-old book conservator from America becomes her introduction to the sensuous, sometimes dangerous life of Florence. Reprint.",1995.0,3.58,384.0,2636.0,The Sixteen Pleasures,"9780385314695 The discovery of an old book of erotica in an Italian convent by a beautiful twenty-nine-year-old book conservator from America becomes her introduction to the sensuous, sometimes dangerous life of Florence. Reprint.",Fiction
9780385315173,0385315171,A Day in the Life,Mark Hertsgaard,Music,http://books.google.com/books/content?id=IgHiPgAACAAJ&printsec=frontcover&img=1&zoom=1&source=gbs_api,"Uses the archives at Abbey Road Studios in London to trace the development and impact of the Beatles' music, and offers insight into the band's creative process and the influences that shaped them",1996.0,4.16,448.0,1093.0,A Day in the Life: The Music and Artistry of the Beatles,"9780385315173 Uses the archives at Abbey Road Studios in London to trace the development and impact of the Beatles' music, and offers insight into the band's creative process and the influences that shaped them",Nonfiction
9780385315289,0385315287,Running from Safety,Richard Bach,Biography & Autobiography,http://books.google.com/books/content?id=kpBYysuzWZ8C&printsec=frontcover&img=1&zoom=1&source=gbs_api,"Fifty years after promising--and forgetting--to come back through time and teach himself what he has learned about life, Richard meets nine-year-old Dickie Bach, who reminds him of the promise",1995.0,3.79,368.0,1723.0,Running from Safety: An Adventure of the Spirit,"9780385315289 Fifty years after promising--and forgetting--to come back through time and teach himself what he has learned about life, Richard meets nine-year-old Dickie Bach, who reminds him of the promise",Nonfiction
9780385319270,0385319274,There's No Such Place as Far Away,Richard Bach,Fiction,http://books.google.com/books/content?id=ZtATwGrYS4AC&printsec=frontcover&img=1&zoom=1&source=gbs_api,"Inspired by correspondence between Bach and a child concerning a special occasion, this meditation expresses, in Bach's typically soaring fantasy, the thoughts and beliefs by which he lives",1998.0,3.93,48.0,2665.0,There's No Such Place as Far Away,"9780385319270 Inspired by correspondence between Bach and a child concerning a special occasion, this meditation expresses, in Bach's typically soaring fantasy, the thoughts and beliefs by which he lives",Fiction
9780385334235,0385334230,Slapstick,Kurt Vonnegut,Fiction,http://books.google.com/books/content?id=5OgyxgEACAAJ&printsec=frontcover&img=1&zoom=1&source=gbs_api,"Flying to a favorite uncle's funeral, a middle-aged Kurt Vonnegut daydreams of one-hundred-year-old Wilbur Oriole-11 Swain, pediatrician and past United States President, who wrote history's most popular child-rearing manual and sold the original Louisian",1999.0,3.87,288.0,29942.0,"Slapstick: Or, Lonesome No More!","9780385334235 Flying to a favorite uncle's funeral, a middle-aged Kurt Vonnegut daydreams of one-hundred-year-old Wilbur Oriole-11 Swain, pediatrician and past United States President, who wrote history's most popular child-rearing manual and sold the original Louisian",Fiction
9780385334266,0385334265,Palm Sunday,Kurt Vonnegut,Biography & Autobiography,http://books.google.com/books/content?id=InxnDwAAQBAJ&printsec=frontcover&img=1&zoom=1&source=gbs_api,"An autobiographical collage from the renowned novelist includes previously unpublished articles, essays, letters, drawings, songs, and talks in which Vonnegut reflects on his life and times",1999.0,3.77,300.0,5005.0,Palm Sunday: An Autobiographical Collage,"9780385334266 An autobiographical collage from the renowned novelist includes previously unpublished articles, essays, letters, drawings, songs, and talks in which Vonnegut reflects on his life and times",Nonfiction
9780385335973,0385335970,Dragonfly in Amber,Diana Gabaldon,Fiction,http://books.google.com/books/content?id=yYc_PgAACAAJ&printsec=frontcover&img=1&zoom=1&source=gbs_api,"In eighteenth-century Scotland, Claire Randall and her raven-haired daughter, Brianna, return to the majestic hills where Claire recalls the love of her life--gallant warrior James Fraser.",2001.0,4.32,743.0,208928.0,Dragonfly in Amber,"9780385335973 In eighteenth-century Scotland, Claire Randall and her raven-haired daughter, Brianna, return to the majestic hills where Claire recalls the love of her life--gallant warrior James Fraser.",Fiction
9780385336109,0385336101,Intuition,Allegra Goodman,Fiction,http://books.google.com/books/content?id=RA_kiayGCswC&printsec=frontcover&img=1&zoom=1&source=gbs_api,"A trio of researchers becomes caught up in the desperate quest for a financial grant from the Philpott, a prestigious research laboratory in Cambridge, Massachusetts.",2007.0,3.33,385.0,3206.0,Intuition: A Novel,"9780385336109 A trio of researchers becomes caught up in the desperate quest for a financial grant from the Philpott, a prestigious research laboratory in Cambridge, Massachusetts.",Fiction
9780385339704,0385339704,The Pelican Brief,John Grisham,Fiction,http://books.google.com/books/content?id=pNyk1XwS9rwC&printsec=frontcover&img=1&zoom=1&source=gbs_api,"When the Supreme Court's most liberal and most conservative justices are gunned down, law student Darby Shaw builds a case against a powerful suspect, whose threats send her underground. Reprint. 35,000 first printing.",2006.0,3.98,400.0,323142.0,The Pelican Brief,"9780385339704 When the Supreme Court's most liberal and most conservative justices are gunned down, law student Darby Shaw builds a case against a powerful suspect, whose threats send her underground. Reprint. 35,000 first printing.",Fiction
9780385415606,0385415605,The Golden Tulip,Rosalind Laker,Fiction,http://books.google.com/books/content?id=iVO7vYwcCKYC&printsec=frontcover&img=1&zoom=1&source=gbs_api,"Determined to become a painter, Francesca Visser's dream is shattered when her father--a struggling artist--arranges a marriage between her and Ludolf Van Deventer, a wealthy shipbroker, in order to pay back a debt",1991.0,3.92,585.0,26.0,The Golden Tulip,"9780385415606 Determined to become a painter, Francesca Visser's dream is shattered when her father--a struggling artist--arranges a marriage between her and Ludolf Van Deventer, a wealthy shipbroker, in order to pay back a debt",Fiction
9780385418867,0385418868,The Power of Myth,Joseph Campbell,Philosophy,http://books.google.com/books/content?id=ZxQxQa1l6ioC&printsec=frontcover&img=1&zoom=1&source=gbs_api,"The noted mythologist discusses the relationship of ancient myths to modern life, including discussions of recent heros, tales of love and marriage, the power of myth, and mythic themes",1991.0,4.3,320.0,36772.0,The Power of Myth,"9780385418867 The noted mythologist discusses the relationship of ancient myths to modern life, including discussions of recent heros, tales of love and marriage, the power of myth, and mythic themes",Nonfiction
9780385423755,0385423756,On the Origins of War and the Preservation of Peace,Donald Kagan,History,http://books.google.com/books/content?id=dVMsAQAAIAAJ&printsec=frontcover&img=1&zoom=1&source=gbs_api,"Analyzes history to determine why there are wars, whether there are underlying laws that explain why one nation challenges another, and whether there are forces working for the preservation of peace",1996.0,4.01,573.0,494.0,On the Origins of War and the Preservation of Peace,"9780385423755 Analyzes history to determine why there are wars, whether there are underlying laws that explain why one nation challenges another, and whether there are forces working for the preservation of peace",Nonfiction
9780385424707,0385424701,Texas! Trilogy,Sandra Brown,Fiction,,"The romantic adventures of Lucky, Chase, and Sage are presented in one volume relating the entire epic saga of the Tyler Drilling company and the three strong-willed Tyler siblings",1992.0,4.28,600.0,928.0,Texas! Trilogy: Texas! Lucky; Texas! Chase; Texas! Sage,"9780385424707 The romantic adventures of Lucky, Chase, and Sage are presented in one volume relating the entire epic saga of the Tyler Drilling company and the three strong-willed Tyler siblings",Fiction
9780385468862,0385468865,Obasan,Joy Kogawa,Fiction,http://books.google.com/books/content?id=MvKitz-GMKIC&printsec=frontcover&img=1&zoom=1&source=gbs_api,"'A moving vision of an affront to democratic principles... A tour de force, a deeply felt novel, brilliantly poetic in its sensibility' - New York Times",1994.0,3.63,320.0,5137.0,Obasan,"9780385468862 'A moving vision of an affront to democratic principles... A tour de force, a deeply felt novel, brilliantly poetic in its sensibility' - New York Times",Fiction
9780385481960,0385481969,Youth in Revolt,C. D. Payne,Fiction,http://books.google.com/books/content?id=cZKdO_B0SfsC&printsec=frontcover&img=1&zoom=1&source=gbs_api,"Nick Twisp, a dark and precocious fourteen-year-old, struggles with the problems of contemporary teens, including high school, divorced parents, paranoia, his virginity, homelessness, and the attentions of a young lady",1996.0,4.02,512.0,8158.0,Youth in Revolt: The Journals of Nick Twisp,"9780385481960 Nick Twisp, a dark and precocious fourteen-year-old, struggles with the problems of contemporary teens, including high school, divorced parents, paranoia, his virginity, homelessness, and the attentions of a young lady",Fiction
9780385491051,0385491050,Surfacing,Margaret Atwood,Fiction,http://books.google.com/books/content?id=XGMhW46X2nEC&printsec=frontcover&img=1&zoom=1&source=gbs_api,"A woman searching for her missing father travels with her lover and another couple to a remote island in northern Quebec, where they encounter violence and death",1998.0,3.46,244.0,17504.0,Surfacing,"9780385491051 A woman searching for her missing father travels with her lover and another couple to a remote island in northern Quebec, where they encounter violence and death",Fiction
9780385491082,0385491085,Lady Oracle,Margaret Atwood,Fiction,http://books.google.com/books/content?id=J5UjvQU2A5AC&printsec=frontcover&img=1&zoom=1&source=gbs_api,"A sardonic novel follows the bored wife of an anti-nuclear activist on a fantastic adventure from Canada to Italy, involving literary fame, a blackmailing reporter, menacing plots, passionate trysts, and life in death. Reissue.",1998.0,3.68,346.0,9250.0,Lady Oracle,"9780385491082 A sardonic novel follows the bored wife of an anti-nuclear activist on a fantastic adventure from Canada to Italy, involving literary fame, a blackmailing reporter, menacing plots, passionate trysts, and life in death. Reissue.",Fiction
9780385492249,0385492243,An Invisible Sign of My Own,Aimee Bender,Fiction,http://books.google.com/books/content?id=ZLRKDwAAQBAJ&printsec=frontcover&img=1&zoom=1&source=gbs_api,"Mona Gray, a young second grade teacher who orders her universe with tidy numbers, finds chaos and romance with an odd new math teacher. A first novel. Reprint. 30,000 first printing.",2001.0,3.68,256.0,3624.0,An Invisible Sign of My Own,"9780385492249 Mona Gray, a young second grade teacher who orders her universe with tidy numbers, finds chaos and romance with an odd new math teacher. A first novel. Reprint. 30,000 first printing.",Fiction
9780385493628,0385493622,Fermat's Enigma,Simon Singh,Mathematics,http://books.google.com/books/content?id=wkJ6QaC90c0C&printsec=frontcover&img=1&zoom=1&source=gbs_api,"The story of Fermat's Last Theorem, devised by the seventeenth-century French mathematician Pierre de Fermat, recounts the struggles of three and a half centuries of scientists to devise a proof for it.",1997.0,4.24,315.0,18495.0,Fermat's Enigma: The Epic Quest to Solve the World's Greatest Mathematical Problem,"9780385493628 The story of Fermat's Last Theorem, devised by the seventeenth-century French mathematician Pierre de Fermat, recounts the struggles of three and a half centuries of scientists to devise a proof for it.",Nonfiction
9780385494786,0385494785,Into Thin Air,Jon Krakauer,Biography & Autobiography,http://books.google.com/books/content?id=lI_2H3GUulEC&printsec=frontcover&img=1&zoom=1&source=gbs_api,"The author describes his spring 1996 trek to Mt. Everest, a disastrous expedition that claimed the lives of eight climbers, and explains why he survived",1999.0,4.15,368.0,327791.0,Into Thin Air: A Personal Account of the Mount Everest Disaster,"9780385494786 The author describes his spring 1996 trek to Mt. Everest, a disastrous expedition that claimed the lives of eight climbers, and explains why he survived",Nonfiction
9780385495226,0385495226,The Hot Zone,Richard Preston,Health & Fitness,http://books.google.com/books/content?id=KMvcl3wetnoC&printsec=frontcover&img=1&zoom=1&source=gbs_api,"Describes how a strain of lethal virus showed up in 1989 at a Virginia laboratory, and relates the efforts of a military biohazard SWAT team to identify and contain the virus",1994.0,4.11,352.0,80870.0,The Hot Zone,"9780385495226 Describes how a strain of lethal virus showed up in 1989 at a Virginia laboratory, and relates the efforts of a military biohazard SWAT team to identify and contain the virus",Nonfiction
9780385495547,0385495544,Sailing the Wine-Dark Sea,Thomas Cahill,History,http://books.google.com/books/content?id=sS16vB0pjR0C&printsec=frontcover&img=1&zoom=1&source=gbs_api,"Examines the remarkable legacy of the ancient Greeks, from the origins of Greek culture to the development of Western literature, drama, poetry, and philosophy to the Greek influence on human science, mathematics, and logic.",2004.0,3.77,352.0,2380.0,Sailing the Wine-Dark Sea: Why the Greeks Matter,"9780385495547 Examines the remarkable legacy of the ancient Greeks, from the origins of Greek culture to the development of Western literature, drama, poetry, and philosophy to the Greek influence on human science, mathematics, and logic.",Nonfiction
9780385497091,0385497091,Thumbsucker,Walter Kirn,Fiction,http://books.google.com/books/content?id=3vpaAAAAMAAJ&printsec=frontcover&img=1&zoom=1&source=gbs_api,"A boy wracked with a serious oral fixation tries everything to break the cycle--sex, substance abuse, fly fishing, work, and religion--but nothing seems to work. Original. Tour.",1999.0,3.43,300.0,1187.0,Thumbsucker: A Novel,"9780385497091 A boy wracked with a serious oral fixation tries everything to break the cycle--sex, substance abuse, fly fishing, work, and religion--but nothing seems to work. Original. Tour.",Fiction
9780385497145,0385497148,Waterfront,Phillip Lopate,Literary Collections,http://books.google.com/books/content?id=jOvUwAEACAAJ&printsec=frontcover&img=1&zoom=1&source=gbs_api,"Suggests a series of exploratory walks around Manhattan's shoreline tours to offer insight into the history, myths, economy, ecology, and politics surrounding the Brooklyn Bridge and other public spaces and landmarks.",2005.0,3.74,450.0,242.0,Waterfront: A Walk Around Manhattan,"9780385497145 Suggests a series of exploratory walks around Manhattan's shoreline tours to offer insight into the history, myths, economy, ecology, and politics surrounding the Brooklyn Bridge and other public spaces and landmarks.",Nonfiction
9780385722438,0385722435,Ella Minnow Pea,Mark Dunn,Fiction,http://books.google.com/books/content?id=6dVAWepvs1kC&printsec=frontcover&img=1&zoom=1&source=gbs_api,Recounts what happens when the citizens of an island must rely on all their ingenuity to communicate in an increasingly limited language when the goverment progressively bans letters from the alphabet.,2001.0,3.85,208.0,22865.0,Ella Minnow Pea: A Novel in Letters,9780385722438 Recounts what happens when the citizens of an island must rely on all their ingenuity to communicate in an increasingly limited language when the goverment progressively bans letters from the alphabet.,Fiction
9780385729369,0385729367,Forever in Blue,Ann Brashares,Juvenile Fiction,http://books.google.com/books/content?id=nLoceIYxrA4C&printsec=frontcover&img=1&zoom=1&source=gbs_api,"As their lives take them in different directions, Lena, Tibby, Carmen, and Bridget discover many more things about themselves and the importance of their relationship with each other.",2007.0,3.81,384.0,60767.0,Forever in Blue: The Fourth Summer of the Sisterhood,"9780385729369 As their lives take them in different directions, Lena, Tibby, Carmen, and Bridget discover many more things about themselves and the importance of their relationship with each other.",Children's Fiction
9780385731829,0385731825,Frogs and French Kisses,Sarah Mlynowski,Juvenile Fiction,http://books.google.com/books/content?id=AeSkiXoPJDEC&printsec=frontcover&img=1&zoom=1&source=gbs_api,"Love spells run amok in New York City when high school freshman Rachel Weinstein asks her younger sister, who is a witch, for magical help in winning the affection of heartthrob Raf Kosravi.",2006.0,3.97,288.0,4827.0,Frogs and French Kisses,"9780385731829 Love spells run amok in New York City when high school freshman Rachel Weinstein asks her younger sister, who is a witch, for magical help in winning the affection of heartthrob Raf Kosravi.",Children's Fiction
9780385732338,0385732333,Cuba 15,Nancy Osa,Juvenile Fiction,http://books.google.com/books/content?id=D1ObABVE20EC&printsec=frontcover&img=1&zoom=1&source=gbs_api,"Violet Paz, a Chicago high school student, reluctantly prepares for her upcoming ""quince,"" a Spanish nickname for the celebration of an Hispanic girl's fifteenth birthday.",2005.0,3.45,304.0,1028.0,Cuba 15,"9780385732338 Violet Paz, a Chicago high school student, reluctantly prepares for her upcoming ""quince,"" a Spanish nickname for the celebration of an Hispanic girl's fifteenth birthday.",Children's Fiction
9780385732536,0385732538,Messenger,Lois Lowry,Juvenile Fiction,http://books.google.com/books/content?id=0biAXvNaRZUC&printsec=frontcover&img=1&zoom=1&source=gbs_api,"In this novel that unites characters from ""The Giver"" and ""Gathering Blue,"" Matty, a young member of a utopian community that values honesty, conceals an emerging healing power that he cannot explain or understand.",2004.0,3.91,169.0,89571.0,Messenger,"9780385732536 In this novel that unites characters from ""The Giver"" and ""Gathering Blue,"" Matty, a young member of a utopian community that values honesty, conceals an emerging healing power that he cannot explain or understand.",Children's Fiction
9780385732598,0385732597,Code Orange,Caroline B. Cooney,Juvenile Fiction,http://books.google.com/books/content?id=anyPQgAACAAJ&printsec=frontcover&img=1&zoom=1&source=gbs_api,"While conducting research for a school paper on smallpox, Mitty finds an envelope containing 100-year-old smallpox scabs and fears that he has infected himself and all of New York City.",2005.0,3.64,200.0,5732.0,Code Orange,"9780385732598 While conducting research for a school paper on smallpox, Mitty finds an envelope containing 100-year-old smallpox scabs and fears that he has infected himself and all of New York City.",Children's Fiction
9780385733205,0385733208,Anatomy of a Boyfriend,Daria Snadowsky,Juvenile Fiction,http://books.google.com/books/content?id=6Cv-2d_IH3AC&printsec=frontcover&img=1&zoom=1&source=gbs_api,"In her last semester at a private school in Fort Myers, Florida, seventeen-year-old Dom finds her life transformed by her first boyfriend, Wes, a track star at the public school her best friend attends.",2007.0,3.41,259.0,4457.0,Anatomy of a Boyfriend: A Novel,"9780385733205 In her last semester at a private school in Fort Myers, Florida, seventeen-year-old Dom finds her life transformed by her first boyfriend, Wes, a track star at the public school her best friend attends.",Children's Fiction
9780385733878,0385733879,Spells and Sleeping Bags,Sarah Mlynowski,Juvenile Fiction,http://books.google.com/books/content?id=Chfiqp3oF-oC&printsec=frontcover&img=1&zoom=1&source=gbs_api,"Rachel and her younger sister, both witches, spend the summer at Camp Wood Lake, where Rachel tries to have a normal camp experience while surreptitiously honing her newly discovered talents.",2007.0,4.05,324.0,4329.0,Spells and Sleeping Bags,"9780385733878 Rachel and her younger sister, both witches, spend the summer at Camp Wood Lake, where Rachel tries to have a normal camp experience while surreptitiously honing her newly discovered talents.",Children's Fiction
9780393011838,0393011836,What Einstein Told His Cook,Robert L. Wolke;Marlene Parrish,Cooking,http://books.google.com/books/content?id=6Hbbf5WD1h4C&printsec=frontcover&img=1&zoom=1&source=gbs_api,"The chemistry professor columnist for the Washington Post's ""Food 101"" presents layperson explanations of kitchen mysteries involving food types, temperature, cooking equipment, and food myths. 30,000 first printing.",2002.0,3.85,320.0,3058.0,What Einstein Told His Cook: Kitchen Science Explained,"9780393011838 The chemistry professor columnist for the Washington Post's ""Food 101"" presents layperson explanations of kitchen mysteries involving food types, temperature, cooking equipment, and food myths. 30,000 first printing.",Nonfiction
9780393048858,0393048853,The Complete Plays,Anton Pavlovich Chekhov,Drama,http://books.google.com/books/content?id=Rc8brgEACAAJ&printsec=frontcover&img=1&zoom=1&source=gbs_api,"A single-volume, English-language collection of all of Chekhov's plays includes previously untranslated pieces including The Power of Hypnosis, a first version of Ivanov, and early humorous dialogues. 10,000 first printing.",2006.0,4.49,1060.0,215.0,The Complete Plays,"9780393048858 A single-volume, English-language collection of all of Chekhov's plays includes previously untranslated pieces including The Power of Hypnosis, a first version of Ivanov, and early humorous dialogues. 10,000 first printing.",Fiction
9780393064988,0393064980,The Richness of Life,Stephen Jay Gould,Science,http://books.google.com/books/content?id=yfXJhKmp1wUC&printsec=frontcover&img=1&zoom=1&source=gbs_api,"Collects forty-four key segments from the late paleontologist and evolutionary biologist's books, papers, and essays, in a collection that includes an assortment of previously unpublished articles and speeches.",2007.0,4.25,672.0,350.0,The Richness of Life: The Essential Stephen Jay Gould,"9780393064988 Collects forty-four key segments from the late paleontologist and evolutionary biologist's books, papers, and essays, in a collection that includes an assortment of previously unpublished articles and speeches.",Nonfiction
9780393098211,0393098214,Red and Black,Henri Beyle;Stendhal;Robert Merrihew Adams,Fiction,http://books.google.com/books/content?id=EcrBer6qdl4C&printsec=frontcover&img=1&zoom=1&source=gbs_api,A rakish young man with great ambitions and a remarkable ability to take advantage of profitable situations is the hero of this novel set in nineteenth-century France,1969.0,3.87,572.0,51.0,"Red and Black: A New Translation, Backgrounds and Sources, Criticism",9780393098211 A rakish young man with great ambitions and a remarkable ability to take advantage of profitable situations is the hero of this novel set in nineteenth-century France,Fiction
9780393307009,039330700X,Wonderful Life: The Burgess Shale and the Nature of History,Stephen Jay Gould,Fiction,http://books.google.com/books/content?id=SjpSkzjIzfsC&printsec=frontcover&img=1&zoom=1&source=gbs_api,"A study of the Burgess Shale, a sea bed 530 million years old, and attempts to tackle what the findings are and what it means",1990.0,4.12,352.0,8049.0,Wonderful Life: The Burgess Shale and the Nature of History,"9780393307009 A study of the Burgess Shale, a sea bed 530 million years old, and attempts to tackle what the findings are and what it means",Fiction
9780393311037,0393311031,Hen's Teeth and Horse's Toes,Stephen Jay Gould,Nature,http://books.google.com/books/content?id=EPh9jD0XwR4C&printsec=frontcover&img=1&zoom=1&source=gbs_api,"A collection of essays answers questions about key scientific concepts, focusing, in particular, on Darwin's theory of evolution, natural selection, and its impact on biology, natural history, and modern science",1994.0,4.1,416.0,1680.0,Hen's Teeth and Horse's Toes,"9780393311037 A collection of essays answers questions about key scientific concepts, focusing, in particular, on Darwin's theory of evolution, natural selection, and its impact on biology, natural history, and modern science",Nonfiction
9780393315110,0393315118,Uncommon Ground: Rethinking the Human Place in Nature,William Cronon,Law,http://books.google.com/books/content?id=w04mjve7XekC&printsec=frontcover&img=1&zoom=1&source=gbs_api,"Essays by revisionist historians, scientists, and cultural critics explore the connection between nature and American culture, analyzing how it is packaged and presented at places such as Sea World and the Nature Company stores",1996.0,4.16,560.0,649.0,Uncommon Ground: Rethinking the Human Place in Nature,"9780393315110 Essays by revisionist historians, scientists, and cultural critics explore the connection between nature and American culture, analyzing how it is packaged and presented at places such as Sea World and the Nature Company stores",Nonfiction
9780393316025,0393316025,The Doctor Is Sick,Anthony Burgess,Fiction,http://books.google.com/books/content?id=enhV53MKUWwC&printsec=frontcover&img=1&zoom=1&source=gbs_api,"Dr. Edwin Spindrift, a linguist, decides to escape from the hospital the night before his brain tumor surgery is scheduled and discovers a world of people exists outside his universe of words",1997.0,3.63,260.0,932.0,The Doctor Is Sick,"9780393316025 Dr. Edwin Spindrift, a linguist, decides to escape from the hospital the night before his brain tumor surgery is scheduled and discovers a world of people exists outside his universe of words",Fiction
9780393318791,0393318796,Hemingway,Michael S. Reynolds,Biography & Autobiography,http://books.google.com/books/content?id=j-PKDV11rN8C&printsec=frontcover&img=1&zoom=1&source=gbs_api,"Describes Hemingway's life in 1920's Paris, his first marriage to Hadley Richardson, his friendships with other American expatriots, and his discovery of the bullfights at Pamplona",1999.0,4.17,402.0,463.0,Hemingway: The Paris Years,"9780393318791 Describes Hemingway's life in 1920's Paris, his first marriage to Hadley Richardson, his friendships with other American expatriots, and his discovery of the bullfights at Pamplona",Nonfiction
9780393320923,0393320928,"""What Do You Care what Other People Think?""",Richard Phillips Feynman;Ralph Leighton,BIOGRAPHY & AUTOBIOGRAPHY,http://books.google.com/books/content?id=LUrJI3AQ4FAC&printsec=frontcover&img=1&zoom=1&source=gbs_api,"This two-part profile of the late Nobel Prize-winning scientist reveals the influence of his father and his first wife on his life and discusses his role in the investigation of the ""Challenger"" explosion.",2001.0,4.27,256.0,15646.0,"""What Do You Care what Other People Think?"": Further Adventures of a Curious Character","9780393320923 This two-part profile of the late Nobel Prize-winning scientist reveals the influence of his father and his first wife on his life and discusses his role in the investigation of the ""Challenger"" explosion.",Nonfiction
9780393321630,0393321630,Police Brutality,Jill Nelson,Social Science,http://books.google.com/books/content?id=wxmrNlobwtIC&printsec=frontcover&img=1&zoom=1&source=gbs_api,"A collection of thirteen essays from a variety of sources examines one of America's most serious domestic problems, investigates its historical and sociological roots, and grapples for solutions. Reprint.",2001.0,3.79,320.0,44.0,Police Brutality: An Anthology,"9780393321630 A collection of thirteen essays from a variety of sources examines one of America's most serious domestic problems, investigates its historical and sociological roots, and grapples for solutions. Reprint.",Nonfiction
9780393321807,0393321800,Proust's Way: A Field Guide to In Search of Lost Time,Roger Shattuck,Literary Criticism,http://books.google.com/books/content?id=kkTfpVC4pO8C&printsec=frontcover&img=1&zoom=1&edge=curl&source=gbs_api,"Now in paperback, this illuminating work serves as both an introduction to Proust--perhaps Europe's most enduring 20th-century novelist--and a searching reinterpretation of his work, particularly the masterpiece ""In Search of Lost Time"".",2001.0,3.92,320.0,233.0,Proust's Way: A Field Guide to In Search of Lost Time,"9780393321807 Now in paperback, this illuminating work serves as both an introduction to Proust--perhaps Europe's most enduring 20th-century novelist--and a searching reinterpretation of his work, particularly the masterpiece ""In Search of Lost Time"".",Nonfiction
9780393321982,0393321983,Strangers on a Train,Patricia Highsmith,Fiction,http://books.google.com/books/content?id=qbkfHZEygt4C&printsec=frontcover&img=1&zoom=1&source=gbs_api,"Guy Haines loses his own identity after he is drawn into a plot to commit murder, in a new edition of the first novel by the author of The Talented Mr. Ripley. Reprint.",2001.0,3.78,256.0,12153.0,Strangers on a Train,"9780393321982 Guy Haines loses his own identity after he is drawn into a plot to commit murder, in a new edition of the first novel by the author of The Talented Mr. Ripley. Reprint.",Fiction
9780393324464,039332446X,The Future of Spacetime,Stephen W. Hawking;Kip S. Thorne;Igor D. Novikov;Timothy Ferris;Alan Lightman,Science,http://books.google.com/books/content?id=LlVcB7rz4mkC&printsec=frontcover&img=1&zoom=1&source=gbs_api,"Presents essays that explore the deepest mysteries of the universe, including black holes, gravity holes, and time travel, by physicists Stephen Hawking, Kip S. Thorne, Igor Novikov, Timothy Ferris, and Alan Lightman.",2003.0,3.93,224.0,241.0,The Future of Spacetime,"9780393324464 Presents essays that explore the deepest mysteries of the universe, including black holes, gravity holes, and time travel, by physicists Stephen Hawking, Kip S. Thorne, Igor Novikov, Timothy Ferris, and Alan Lightman.",Nonfiction
9780393324815,0393324818,Moneyball: The Art of Winning an Unfair Game,Michael Lewis,Business & Economics,http://books.google.com/books/content?id=3DnUCWSnci0C&printsec=frontcover&img=1&zoom=1&edge=curl&source=gbs_api,"Explains how Billy Beene, the general manager of the Oakland Athletics, is using a new kind of thinking to build a successful and winning baseball team without spending enormous sums of money.",2003.0,4.26,317.0,78308.0,Moneyball: The Art of Winning an Unfair Game,"9780393324815 Explains how Billy Beene, the general manager of the Oakland Athletics, is using a new kind of thinking to build a successful and winning baseball team without spending enormous sums of money.",Nonfiction
9780393324860,0393324869,Naked Economics: Undressing the Dismal Science,Charles Wheelan,Business & Economics,http://books.google.com/books/content?id=-Tu1GRCYdHcC&printsec=frontcover&img=1&zoom=1&source=gbs_api,"Seeks to provide a genuinely engaging and comprehensive primer to economics that explains key concepts without technical jargon and using common-sense examples. Reprint. 20,000 first printing.",2003.0,4.03,288.0,5703.0,Naked Economics: Undressing the Dismal Science,"9780393324860 Seeks to provide a genuinely engaging and comprehensive primer to economics that explains key concepts without technical jargon and using common-sense examples. Reprint. 20,000 first printing.",Nonfiction
9780393329124,0393329127,Spook: Science Tackles the Afterlife,Mary Roach,Language Arts & Disciplines,http://books.google.com/books/content?id=9S2yrVKkzicC&printsec=frontcover&img=1&zoom=1&edge=curl&source=gbs_api,"Draws on the achievements of scientists, engineers, and mediums to consider the feasibility of life after death, from a reincarnation researcher's experimentation with out-of-body experiences to laboratory investigations into ghosts.",2006.0,3.58,311.0,29027.0,Spook: Science Tackles the Afterlife,"9780393329124 Draws on the achievements of scientists, engineers, and mediums to consider the feasibility of life after death, from a reincarnation researcher's experimentation with out-of-body experiences to laboratory investigations into ghosts.",Nonfiction
9780393703351,0393703355,Living on the Razor's Edge,Matthew D. Selekman,Psychology,http://books.google.com/books/content?id=hTe40eeLCGYC&printsec=frontcover&img=1&zoom=1&source=gbs_api,"Employing a multifaceted, flexible approach based on solution-focused therapy, the author offers clear and sensible ideas for working with the difficult and disturbing problem of adolescent self-harm.",2002.0,4.0,223.0,4.0,Living on the Razor's Edge: Solution-oriented Brief Family Therapy with Self-harming Adolescents,"9780393703351 Employing a multifaceted, flexible approach based on solution-focused therapy, the author offers clear and sensible ideas for working with the difficult and disturbing problem of adolescent self-harm.",Nonfiction
9780393924282,0393924289,Paradise Lost,John Milton,Literary Criticism,http://books.google.com/books/content?id=Ke3LQwAACAAJ&printsec=frontcover&img=1&zoom=1&source=gbs_api,"This Norton Critical Edition is designed to make Paradise Lost accessible for student readers, providing invaluable contextual and biographical information and the tools students need to think critically about this landmark epic.",2005.0,3.81,590.0,1882.0,"Paradise Lost: Authoritative Text, Sources and Backgrounds, Criticism","9780393924282 This Norton Critical Edition is designed to make Paradise Lost accessible for student readers, providing invaluable contextual and biographical information and the tools students need to think critically about this landmark epic.",Nonfiction
9780393924916,0393924912,Keats's Poetry and Prose,John Keats,Poetry,http://books.google.com/books/content?id=fmk3HAAACAAJ&printsec=frontcover&img=1&zoom=1&source=gbs_api,This Norton Critical Edition seeks to return Keats—one of the most beloved poets of the English language—to his cultural moment by tracking his emergence as a public poet.,2009.0,4.31,673.0,266.0,"Keats's Poetry and Prose: Authoritative Texts, Criticism",9780393924916 This Norton Critical Edition seeks to return Keats—one of the most beloved poets of the English language—to his cultural moment by tracking his emergence as a public poet.,Fiction
9780393925722,0393925722,The Norton Anthology of Western Literature: Beginnings through the Renaissance,Sarah N. Lawall,Literary Criticism,http://books.google.com/books/content?id=rzFvPgAACAAJ&printsec=frontcover&img=1&zoom=1&source=gbs_api,"Read by millions of students over seven editions, The Norton Anthology of Western Literature remains the most trusted undergraduate survey of Western literature available and one of the most successful college texts ever published.",2005.0,3.95,2704.0,180.0,The Norton Anthology of Western Literature: Beginnings through the Renaissance,"9780393925722 Read by millions of students over seven editions, The Norton Anthology of Western Literature remains the most trusted undergraduate survey of Western literature available and one of the most successful college texts ever published.",Nonfiction
9780393926118,0393926117,The Norton Anthology of Short Fiction,Ronald Verlin Cassill;Richard Bausch,Fiction,http://books.google.com/books/content?id=P-v9GgAACAAJ&printsec=frontcover&img=1&zoom=1&source=gbs_api,"The classroom standard for readers and aspiring writers of fiction, The Norton Anthology of Short Fiction offers the most comprehensive, engaging selection of classic and contemporary stories in the field.",2006.0,4.17,1776.0,645.0,The Norton Anthology of Short Fiction,"9780393926118 The classroom standard for readers and aspiring writers of fiction, The Norton Anthology of Short Fiction offers the most comprehensive, engaging selection of classic and contemporary stories in the field.",Fiction
9780393927696,0393927695,Born in Blood and Fire,John Charles Chasteen,History,http://books.google.com/books/content?id=Sx6xQgAACAAJ&printsec=frontcover&img=1&zoom=1&source=gbs_api,"Adopted at over 450 colleges and universities in its First Edition, Born in Blood and Fire has quickly become the standard survey history of Latin America.",2006.0,3.89,372.0,1089.0,Born in Blood and Fire: A Concise History of Latin America,"9780393927696 Adopted at over 450 colleges and universities in its First Edition, Born in Blood and Fire has quickly become the standard survey history of Latin America.",Nonfiction
9780393930139,0393930130,The Norton Anthology of Literature by Women,Sandra M. Gilbert;Susan Gubar,Literary Criticism,,"Long the standard teaching anthology, the landmark Norton Anthology of Literature by Women has introduced generations of readers to the rich variety of women's writing in English.",2007.0,4.12,1470.0,84.0,The Norton Anthology of Literature by Women: The Middle Ages Through the Turn of the Century,"9780393930139 Long the standard teaching anthology, the landmark Norton Anthology of Literature by Women has introduced generations of readers to the rich variety of women's writing in English.",Nonfiction
9780393977516,039397751X,Sense and Sensibility,Jane Austen,Fiction,,"Two sisters are drawn into unhappy romances despite the cool judgment of one and the emotional intensity of the other in this nineteenth-century novel that is accompanied by related writings, annotations, and criticisms.",2002.0,4.07,269.0,740.0,"Sense and Sensibility: Authoritative Text, Contexts, Criticism","9780393977516 Two sisters are drawn into unhappy romances despite the cool judgment of one and the emotional intensity of the other in this nineteenth-century novel that is accompanied by related writings, annotations, and criticisms.",Fiction
9780394448046,0394448049,A Tear and a Smile,Kahlil Gibran,Philosophy,http://books.google.com/books/content?id=dm62x7LhV_YC&printsec=frontcover&img=1&zoom=1&source=gbs_api,"Contains 56 parables, stories, and poems in Gibran's wholly inimitable manner. Illustrated with 4 of his own paintings and drawings, it is the most important edition to the canon of this great writer.",1950.0,4.03,228.0,2035.0,A Tear and a Smile,"9780394448046 Contains 56 parables, stories, and poems in Gibran's wholly inimitable manner. Illustrated with 4 of his own paintings and drawings, it is the most important edition to the canon of this great writer.",Nonfiction
9780394571072,039457107X,Race of Scorpions,Dorothy Dunnett,Fiction,http://books.google.com/books/content?id=Z2ErAAAAYAAJ&printsec=frontcover&img=1&zoom=1&source=gbs_api,"In 1462, twenty-one-year-old widower and merchant/adventurer Niccolo and his private army become caught between warring factions--respectively led by Queen Carlotta and her brother, James--battling for control of Cyprus",1990.0,4.42,534.0,21.0,Race of Scorpions,"9780394571072 In 1462, twenty-one-year-old widower and merchant/adventurer Niccolo and his private army become caught between warring factions--respectively led by Queen Carlotta and her brother, James--battling for control of Cyprus",Fiction
9780394704371,0394704371,The Will to Power,Friedrich Wilhelm Nietzsche;Walter Arnold Kaufmann;R. J. Hollingdale,Philosophy,http://books.google.com/books/content?id=jRa6gqsqSTIC&printsec=frontcover&img=1&zoom=1&source=gbs_api,"Offers a selection from the author's notebooks, chosen by his sister, that reveals his views on nihilism, art, morality, religion, the theory of knowledge, and other subjects",1968.0,4.05,575.0,7692.0,The Will to Power,"9780394704371 Offers a selection from the author's notebooks, chosen by his sister, that reveals his views on nihilism, art, morality, religion, the theory of knowledge, and other subjects",Nonfiction
9780394733524,0394733525,The Dot and the Line,Norton Juster,Humor,http://books.google.com/books/content?id=tDfPKQAACAAJ&printsec=frontcover&img=1&zoom=1&source=gbs_api,"A mathematically oriented romantic fable about the eternal triangle, in this case a straight line who is hopelessly in love with a dot who in turn loves a squiggle",1991.0,4.33,62.0,55.0,The Dot and the Line: A Romance on Lower Mathematics,"9780394733524 A mathematically oriented romantic fable about the eternal triangle, in this case a straight line who is hopelessly in love with a dot who in turn loves a squiggle",Fiction
9780394746234,0394746236,"The Civil War, a Narrative: Fort Sumter to Perryville",Shelby Foote,History,http://books.google.com/books/content?id=B9d3AAAAMAAJ&printsec=frontcover&img=1&zoom=1&source=gbs_api,"Follows the course of the war from 1862 to 1864, discusses the strategies of both sides in major battles, and assesses the performance of the Union generals",1986.0,4.42,856.0,9457.0,"The Civil War, a Narrative: Fort Sumter to Perryville","9780394746234 Follows the course of the war from 1862 to 1864, discusses the strategies of both sides in major battles, and assesses the performance of the Union generals",Nonfiction
9780394758282,0394758285,The Big Sleep,Raymond Chandler,Fiction,http://books.google.com/books/content?id=a_KRwlNLDYcC&printsec=frontcover&img=1&zoom=1&source=gbs_api,"Philip Marlowe, a private eye who operates in Los Angeles's seamy underside during the 1930s, takes on his first case, which involves a paralyzed California millionaire, two psychotic daughters, blackmail, and murder",1992.0,4.01,231.0,97885.0,The Big Sleep,"9780394758282 Philip Marlowe, a private eye who operates in Los Angeles's seamy underside during the 1930s, takes on his first case, which involves a paralyzed California millionaire, two psychotic daughters, blackmail, and murder",Fiction
9780394832203,0394832205,Juniper,Monica Furlong,Occult fiction,http://books.google.com/books/content?id=GpjhJwAACAAJ&printsec=frontcover&img=1&zoom=1&source=gbs_api,"While apprenticed to the witch woman Juniper, a young girl struggles to save her family from the evil machinations of her power-hungry aunt Meroot. Prequel to ""Wise Child.""",1991.0,4.16,198.0,111.0,Juniper,"9780394832203 While apprenticed to the witch woman Juniper, a young girl struggles to save her family from the evil machinations of her power-hungry aunt Meroot. Prequel to ""Wise Child.""",Nonfiction
9780395291306,0395291305,The Languages of Tolkien's Middle-earth,Ruth S. Noel,Fiction,http://books.google.com/books/content?id=vJGaZNvAqoUC&printsec=frontcover&img=1&zoom=1&source=gbs_api,"Explains the fourteen different languages and assorted alphabets of Middle-earth, translates Elvish poetry, war slogans, and sayings, and features a complete dictionary of non-English words in the Middle-earth classics",1980.0,3.97,207.0,4635.0,The Languages of Tolkien's Middle-earth,"9780395291306 Explains the fourteen different languages and assorted alphabets of Middle-earth, translates Elvish poetry, war slogans, and sayings, and features a complete dictionary of non-English words in the Middle-earth classics",Fiction
9780395606490,0395606497,Sauron Defeated,John Ronald Reuel Tolkien,Fiction,http://books.google.com/books/content?id=fTB1PAAACAAJ&printsec=frontcover&img=1&zoom=1&source=gbs_api,"Features an alternate ending, never before published, to the ninth volume in the history of Middle-earth and introduces Tolkien fans to ""The Notions Club"" and ""Adunaic""--Tolkien's fifteenth invented language. 15,000 first printing.",1992.0,4.0,496.0,2508.0,"Sauron Defeated: The End of the Third Age (the History of the Lord of the Rings, Part Four). The Notion Club Papers, And, The Drowning of Anadûnê","9780395606490 Features an alternate ending, never before published, to the ninth volume in the history of Middle-earth and introduces Tolkien fans to ""The Notions Club"" and ""Adunaic""--Tolkien's fifteenth invented language. 15,000 first printing.",Fiction
9780395746561,0395746566,Sector 7,David Wiesner,Juvenile Fiction,http://books.google.com/books/content?id=DNszRi0dflEC&printsec=frontcover&img=1&zoom=1&edge=curl&source=gbs_api,"While on a school trip to the Empire State Building, a boy is taken by a friendly cloud to visit Sector 7, where he discovers how clouds are shaped and channeled throughout the country.",1999.0,4.21,48.0,4962.0,Sector 7,"9780395746561 While on a school trip to the Empire State Building, a boy is taken by a friendly cloud to visit Sector 7, where he discovers how clouds are shaped and channeled throughout the country.",Children's Fiction
9780395877432,0395877431,Demonic Males,Richard W. Wrangham;Dale Peterson,Nature,http://books.google.com/books/content?id=fP0c4b3jbMYC&printsec=frontcover&img=1&zoom=1&edge=curl&source=gbs_api,"Draws on recent discoveries about human evolution to examine whether violence among men is a product of their primitive heritage, and searches for solutions to the problems of war, rape, and murder",1996.0,4.02,368.0,662.0,Demonic Males: Apes and the Origins of Human Violence,"9780395877432 Draws on recent discoveries about human evolution to examine whether violence among men is a product of their primitive heritage, and searches for solutions to the problems of war, rape, and murder",Nonfiction
9780399143069,0399143068,Three Complete Novels,Dick Francis,Fiction,http://books.google.com/books/content?id=2qgAAAAACAAJ&printsec=frontcover&img=1&zoom=1&source=gbs_api,"A compilation of three of the author's most renowned novels includes Come to Grief, Decider, and Wild Horses, detailing various crimes revolving around horses and horse-racing.",1997.0,4.21,707.0,29.0,Three Complete Novels,"9780399143069 A compilation of three of the author's most renowned novels includes Come to Grief, Decider, and Wild Horses, detailing various crimes revolving around horses and horse-racing.",Fiction
9780399226908,0399226907,"Eric Carle's Very Little Library: The very hungry caterpillar (1st board book ed., 1994)",,Caterpillars,http://books.google.com/books/content?id=oiMwvgAACAAJ&printsec=frontcover&img=1&zoom=1&source=gbs_api,"Colorful and full of imagination, the world of Eric Carle is a delight! Sings songs, cook, and create with the book box based of the worl of Eric Carle.",2003.0,4.29,13.0,3773.0,"Eric Carle's Very Little Library: The very hungry caterpillar (1st board book ed., 1994)","9780399226908 Colorful and full of imagination, the world of Eric Carle is a delight! Sings songs, cook, and create with the book box based of the worl of Eric Carle.",Fiction
9780415183734,0415183731,Introduction to Phenomenology,Dermot Moran,Philosophy,http://books.google.com/books/content?id=ouELk-xPkGQC&printsec=frontcover&img=1&zoom=1&source=gbs_api,The book should be of interest to all students who seek to complement their knowledge of analytic philosophy and further their understanding of European thought.,2000.0,4.25,592.0,204.0,Introduction to Phenomenology,9780415183734 The book should be of interest to all students who seek to complement their knowledge of analytic philosophy and further their understanding of European thought.,Nonfiction
9780425099339,0425099334,Shattered,Dean Ray Koontz,Fiction,http://books.google.com/books/content?id=2RoXIvtZOpQC&printsec=frontcover&img=1&zoom=1&source=gbs_api,"As Alex and Colin speed toward their new home in San Francisco where Courtney awaits them, they are pursued by a madman who is also eager to see Courtney.",1985.0,3.9,289.0,19255.0,Shattered,"9780425099339 As Alex and Colin speed toward their new home in San Francisco where Courtney awaits them, they are pursued by a madman who is also eager to see Courtney.",Fiction
9780425134351,0425134350,Patriot Games,Tom Clancy,"Ryan, Jack (Fictitious character)",http://books.google.com/books/content?id=BJqwAK8On4cC&printsec=frontcover&img=1&zoom=1&source=gbs_api,A former CIA analyst vacationing with his family in London helps thwart a terrorist attack on a member of the Royal Family and becomes the target of the terrorist whose brother he killed.,1992.0,4.13,503.0,164306.0,Patriot Games,9780425134351 A former CIA analyst vacationing with his family in London helps thwart a terrorist attack on a member of the Royal Family and becomes the target of the terrorist whose brother he killed.,Nonfiction
9780425146224,0425146227,A New Leash on Death,Susan Conant,Fiction,http://books.google.com/books/content?id=aKsHAAAACAAJ&printsec=frontcover&img=1&zoom=1&source=gbs_api,"Holly Winter, a writer and amateur sleuth, and her adopted Alaskan malamute, Rowdy, team up to track down a killer lurking at a dog show. Reissue.",1994.0,3.79,180.0,1081.0,A New Leash on Death,"9780425146224 Holly Winter, a writer and amateur sleuth, and her adopted Alaskan malamute, Rowdy, team up to track down a killer lurking at a dog show. Reissue.",Fiction
9780425157701,0425157709,Airborne,Tom Clancy,History,http://books.google.com/books/content?id=g6jaQrjpkdAC&printsec=frontcover&img=1&zoom=1&source=gbs_api,"A behind-the-scenes look at the elite branch of the military, made up of both Army and Air Force personnel, covers its people, technology, and mission",1997.0,3.76,326.0,431.0,Airborne: A Guided Tour of an Airborne Task Force,"9780425157701 A behind-the-scenes look at the elite branch of the military, made up of both Army and Air Force personnel, covers its people, technology, and mission",Nonfiction
9780425161296,0425161293,Hocus Pocus,Kurt Vonnegut,Fiction,http://books.google.com/books/content?id=1JtGrEOqk3UC&printsec=frontcover&img=1&zoom=1&source=gbs_api,"Tarkington College, a small, exclusive college in upstate New York, is turned upside down when ten thousand prisoners from the maximum security prison across Lake Mohiga break out and head for the college",1997.0,3.82,322.0,24973.0,Hocus Pocus,"9780425161296 Tarkington College, a small, exclusive college in upstate New York, is turned upside down when ten thousand prisoners from the maximum security prison across Lake Mohiga break out and head for the college",Fiction
9780425161739,0425161730,Virtual Vandals,Tom Clancy;Steve R. Pieczenik;Diane Duane,Fiction,http://books.google.com/books/content?id=gU7JugEACAAJ&printsec=frontcover&img=1&zoom=1&source=gbs_api,Here comes a Clancy first: a new series of novels for young adults starring a team of troubleshooting teens--the Net Force Explorers--who know more about cutting edge technology than their teachers!,1999.0,4.0,192.0,3236.0,Virtual Vandals,9780425161739 Here comes a Clancy first: a new series of novels for young adults starring a team of troubleshooting teens--the Net Force Explorers--who know more about cutting edge technology than their teachers!,Fiction
9780425162446,0425162443,The Rapture of Canaan,Sheri Reynolds,Fiction,http://books.google.com/books/content?id=QTs7HsvsbuIC&printsec=frontcover&img=1&zoom=1&source=gbs_api,"Ninah Huff, the teenage granddaughter of the founder of an isolated religious community, causes controversy when she is discovered to be pregnant with what she claims is a holy child",1997.0,3.81,320.0,31885.0,The Rapture of Canaan,"9780425162446 Ninah Huff, the teenage granddaughter of the founder of an isolated religious community, causes controversy when she is discovered to be pregnant with what she claims is a holy child",Fiction
9780425181102,0425181103,Phantoms,Dean Ray Koontz,Fiction,http://books.google.com/books/content?id=Tm0oXH7rBpUC&printsec=frontcover&img=1&zoom=1&source=gbs_api,"A tale of an abandoned town and the unimaginable truth behind its silence... Now with a new afterword, Dean Koontz explains the impact Phantoms had on his career.",2001.0,3.94,448.0,59938.0,Phantoms,"9780425181102 A tale of an abandoned town and the unimaginable truth behind its silence... Now with a new afterword, Dean Koontz explains the impact Phantoms had on his career.",Fiction
9780425181645,0425181642,E,David Bodanis,Science,http://books.google.com/books/content?id=z20AAAAACAAJ&printsec=frontcover&img=1&zoom=1&source=gbs_api,"Examines the science and scientists who provided the backdrop to Einstein's influential 1905 discovery and offers an explanation of the equation from mathematical, historical, and scientific perspectives.",2000.0,4.09,337.0,6196.0,E: A Biography of the World's Most Famous Equation,"9780425181645 Examines the science and scientists who provided the backdrop to Einstein's influential 1905 discovery and offers an explanation of the equation from mathematical, historical, and scientific perspectives.",Nonfiction
9780425182673,0425182673,Tom Clancy's Net Force,Tom Clancy;Steve Perry;Steve Pieczenik,Fiction,http://books.google.com/books/content?id=5DBTxODXUFMC&printsec=frontcover&img=1&zoom=1&source=gbs_api,"When a group of terrorists who call themselves ""CyberNation,"" and consider themselves an independent virtual country, seize control of the net and bring down the world's computers, the Net Force springs into action.",2001.0,3.75,368.0,1730.0,Tom Clancy's Net Force: Cybernation,"9780425182673 When a group of terrorists who call themselves ""CyberNation,"" and consider themselves an independent virtual country, seize control of the net and bring down the world's computers, the Net Force springs into action.",Fiction
9780425185506,0425185508,Picture Perfect,Jodi Picoult,Fiction,http://books.google.com/books/content?id=QicRkNF3KgkC&printsec=frontcover&img=1&zoom=1&source=gbs_api,"Falling madly in love and beginning what she believed would be the perfect marriage with Hollywood leading man Alex Rivers, renowned anthropologist Cassie Barret is heartbroken when their fairy-tale romance falls apart. Reissue.",2002.0,3.54,369.0,45142.0,Picture Perfect,"9780425185506 Falling madly in love and beginning what she believed would be the perfect marriage with Hollywood leading man Alex Rivers, renowned anthropologist Cassie Barret is heartbroken when their fairy-tale romance falls apart. Reissue.",Fiction
9780425188224,0425188221,Shadowland,Peter Straub,Fiction,http://books.google.com/books/content?id=glulPwAACAAJ&printsec=frontcover&img=1&zoom=1&source=gbs_api,"Best friends Tom Flanagan and Del Nightingale, apprentices to a master magician, enter a dark realm of immeasurable evil, more ancient than death itself, where only one of them will survive.",2003.0,3.91,468.0,10062.0,Shadowland,"9780425188224 Best friends Tom Flanagan and Del Nightingale, apprentices to a master magician, enter a dark realm of immeasurable evil, more ancient than death itself, where only one of them will survive.",Fiction
9780425189641,0425189643,Floating Dragon,Peter Straub,Fiction,http://books.google.com/books/content?id=4WI-veLZdcsC&printsec=frontcover&img=1&zoom=1&source=gbs_api,The quaint town of Hamptead is plunged into a nightmarish world of unspeakable horror when evil arrives in the form of two very different beings--one man-made and one supernatural. Reissue.,2003.0,3.84,595.0,10510.0,Floating Dragon,9780425189641 The quaint town of Hamptead is plunged into a nightmarish world of unspeakable horror when evil arrives in the form of two very different beings--one man-made and one supernatural. Reissue.,Fiction
9780425190371,0425190374,Practical Magic,Alice Hoffman,Fiction,http://books.google.com/books/content?id=7hHCkMIDABsC&printsec=frontcover&img=1&zoom=1&source=gbs_api,"Sorcery is the legacy of Gillian and Sally Owens, a legacy they both try to escape until they realize their magic is a gift, not an affliction.",2003.0,3.79,286.0,49141.0,Practical Magic,"9780425190371 Sorcery is the legacy of Gillian and Sally Owens, a legacy they both try to escape until they realize their magic is a gift, not an affliction.",Fiction
9780425191194,0425191192,McNally's Alibi,Vincent Lardo;Lawrence Sanders,Fiction,http://books.google.com/books/content?id=Ir1FQXgqf60C&printsec=frontcover&img=1&zoom=1&source=gbs_api,"Hired to locate the complete text of Truman Capote's ""Answered Prayers,"" Archy McNally encounters a series of dead ends before finding the manuscript's owner murdered in a sleazy motel.",2003.0,3.9,304.0,219.0,McNally's Alibi: An Archy McNally Novel,"9780425191194 Hired to locate the complete text of Truman Capote's ""Answered Prayers,"" Archy McNally encounters a series of dead ends before finding the manuscript's owner murdered in a sleazy motel.",Fiction
9780425196731,0425196739,Slay Ride,Dick Francis,Fiction,http://books.google.com/books/content?id=1nVnPwAACAAJ&printsec=frontcover&img=1&zoom=1&source=gbs_api,A series of bizarre incidents befalls British investigator David Cleveland when he is sent to Norway to uncover the truth behind the disappearance of champion British jockey Robert Sherman. Reissue.,2004.0,3.79,288.0,2142.0,Slay Ride,9780425196731 A series of bizarre incidents befalls British investigator David Cleveland when he is sent to Norway to uncover the truth behind the disappearance of champion British jockey Robert Sherman. Reissue.,Fiction
9780425197387,0425197387,Dirk Pitt,Clive Cussler,Arctic regions,,A mysterious ship sealed fast in a giant North Atlantic iceberg becomes the cause and focus of Air Force Major Dirk Pett's investigation into international conspiracy and terror.,2004.0,3.84,340.0,17702.0,Dirk Pitt: Iceberg. 03,9780425197387 A mysterious ship sealed fast in a giant North Atlantic iceberg becomes the cause and focus of Air Force Major Dirk Pett's investigation into international conspiracy and terror.,Nonfiction
9780425197394,0425197395,The Mediterranean Caper,Clive Cussler,Fiction,http://books.google.com/books/content?id=HESwDwAAQBAJ&printsec=frontcover&img=1&zoom=1&source=gbs_api,"Dirk Pitt responds to a call of distress and finds himself coping with a modern Greek goddess in a red bikini, a vast drug-smuggling ring, a still-active Nazi criminal, and a perilous undersea labyrinth.",2004.0,3.77,391.0,14660.0,The Mediterranean Caper,"9780425197394 Dirk Pitt responds to a call of distress and finds himself coping with a modern Greek goddess in a red bikini, a vast drug-smuggling ring, a still-active Nazi criminal, and a perilous undersea labyrinth.",Fiction
9780425197547,0425197549,Guilty Pleasures,Laurell K. Hamilton,Fiction,http://books.google.com/books/content?id=9SOVyAEACAAJ&printsec=frontcover&img=1&zoom=1&source=gbs_api,"Vampire hunter Anita Blake (known by the vampires she kills as ""The Executioner"") is hired by the most powerful vampire in town to find out who has been murdering vampires. Reprint.",2004.0,4.02,355.0,112848.0,Guilty Pleasures,"9780425197547 Vampire hunter Anita Blake (known by the vampires she kills as ""The Executioner"") is hired by the most powerful vampire in town to find out who has been murdering vampires. Reprint.",Fiction
9780425198681,0425198685,Pattern Recognition,William Gibson,Fiction,http://books.google.com/books/content?id=aUCzDwAAQBAJ&printsec=frontcover&img=1&zoom=1&source=gbs_api,"Hired to investigate a mysterious video collection that has been appearing on the Internet, market research consultant Cayce Pollard realizes that there is more to the assignment when her computer is hacked. Reprint.",2005.0,3.87,367.0,37313.0,Pattern Recognition,"9780425198681 Hired to investigate a mysterious video collection that has been appearing on the Internet, market research consultant Cayce Pollard realizes that there is more to the assignment when her computer is hacked. Reprint.",Fiction
9780425199329,0425199320,Trojan Odyssey,Clive Cussler,Fiction,http://books.google.com/books/content?id=bQEku8FUjLwC&printsec=frontcover&img=1&zoom=1&source=gbs_api,"Underwater adventurer Dirk Pitt and the NUMA crew investigate a black tide infesting the ocean off Nicaragua, a study complicated by the discovery of a mysterious artifact, a powerful storm, and a conspiracy.",2004.0,3.93,463.0,14788.0,Trojan Odyssey,"9780425199329 Underwater adventurer Dirk Pitt and the NUMA crew investigate a black tide infesting the ocean off Nicaragua, a study complicated by the discovery of a mysterious artifact, a powerful storm, and a conspiracy.",Fiction
9780425200452,0425200450,Murder on the Orient Express,Agatha Christie,Fiction,http://books.google.com/books/content?id=DZ47PgAACAAJ&printsec=frontcover&img=1&zoom=1&source=gbs_api,"On a three-day journey through the snowbound Balkan hills, Hercule Poirot must weed through an array of international suspects to find the passenger who murdered a gangster on the Orient Express.",2004.0,4.16,322.0,144452.0,Murder on the Orient Express: A Hercule Poirot Mystery,"9780425200452 On a three-day journey through the snowbound Balkan hills, Hercule Poirot must weed through an array of international suspects to find the passenger who murdered a gangster on the Orient Express.",Fiction
9780425201541,0425201546,The Magyar Venus,Lyn Hamilton,Fiction,http://books.google.com/books/content?id=dpSTvymwLNoC&printsec=frontcover&img=1&zoom=1&source=gbs_api,"The discovery of a 25,000-year-old archaeological treasure, a rekindled romance, and a suspicious suicide send Toronto antiques dealer Lara McClintoch on a quest to the city of Budapest. Reprint.",2005.0,3.72,259.0,255.0,The Magyar Venus,"9780425201541 The discovery of a 25,000-year-old archaeological treasure, a rekindled romance, and a suspicious suicide send Toronto antiques dealer Lara McClintoch on a quest to the city of Budapest. Reprint.",Fiction
9780425203897,0425203891,Hideaway,Dean Ray Koontz,Fiction,http://books.google.com/books/content?id=b1kMSSYUH9oC&printsec=frontcover&img=1&zoom=1&source=gbs_api,"When Hatch Harrison is brought back to life in an ambulance, his second chance turns into a nightmarish quest to squelch the evil he brought back with him from the afterlife. Reissue.",2005.0,3.83,413.0,29475.0,Hideaway,"9780425203897 When Hatch Harrison is brought back to life in an ambulance, his second chance turns into a nightmarish quest to squelch the evil he brought back with him from the afterlife. Reissue.",Fiction
9780425206867,0425206866,Shakespeare's Landlord,Charlaine Harris,Fiction,http://books.google.com/books/content?id=W-esRyHajWwC&printsec=frontcover&img=1&zoom=1&source=gbs_api,"While trying to prove her innocence in the murder of her landlord, Lily Bard, karate student and cleaning service proprietor, finds plenty of skeletons in the closets of Shakespeare, Arkansas. Reprint.",2005.0,3.76,216.0,22369.0,Shakespeare's Landlord,"9780425206867 While trying to prove her innocence in the murder of her landlord, Lily Bard, karate student and cleaning service proprietor, finds plenty of skeletons in the closets of Shakespeare, Arkansas. Reprint.",Fiction
9780425209219,0425209210,Master of Swords,Angela Knight,Fiction,http://books.google.com/books/content?id=CMw6BYhoKwAC&printsec=frontcover&img=1&zoom=1&source=gbs_api,"Gawain, a virile vampire knight, vows to prove to witch Lark McClure that not all vampires are violent and out for blood, while dealing with a relentless killer who wants them both destroyed. Original.",2006.0,4.2,294.0,2784.0,Master of Swords,"9780425209219 Gawain, a virile vampire knight, vows to prove to witch Lark McClure that not all vampires are violent and out for blood, while dealing with a relentless killer who wants them both destroyed. Original.",Fiction
9780425209424,0425209423,Boys That Bite,Mari Mancusi,Juvenile Fiction,http://books.google.com/books/content?id=w3xcngEACAAJ&printsec=frontcover&img=1&zoom=1&source=gbs_api,"Bitten by a vampire after being mistaken for her Goth twin sister, Rayne, sixteen-year-old Sunny is in a race against time as she tries to prevent herself from becoming a vampire permanently.",2006.0,3.68,272.0,10490.0,Boys That Bite,"9780425209424 Bitten by a vampire after being mistaken for her Goth twin sister, Rayne, sixteen-year-old Sunny is in a race against time as she tries to prevent herself from becoming a vampire permanently.",Children's Fiction
9780425213438,0425213439,Over the Moon,Angela Knight;MaryJanice Davidson;Virginia Kantra;Sunny,Fiction,http://books.google.com/books/content?id=DspEXFnOn1IC&printsec=frontcover&img=1&zoom=1&source=gbs_api,"Four romance authors journey to a world of mystery, magic, and passion in an anthology featuring four tales of paranormal romance by MaryJanice Davidson, Angela Knight, Virginia Kantra, and Sunny. Original.",2007.0,3.9,330.0,3651.0,Over the Moon,"9780425213438 Four romance authors journey to a world of mystery, magic, and passion in an anthology featuring four tales of paranormal romance by MaryJanice Davidson, Angela Knight, Virginia Kantra, and Sunny. Original.",Fiction
9780434009053,0434009059,The Hannibal Lecter Trilogy,Thomas Harris,"Lecter, Hannibal (Fictitious character)",http://books.google.com/books/content?id=rsmgQgAACAAJ&printsec=frontcover&img=1&zoom=1&source=gbs_api,"Red Dragon, The Silence of the Lambs and Hannibal - the three international bestsellers that provided literature with one of its most memorable characters - now available in one volume.",2001.0,4.42,1222.0,789.0,The Hannibal Lecter Trilogy,"9780434009053 Red Dragon, The Silence of the Lambs and Hannibal - the three international bestsellers that provided literature with one of its most memorable characters - now available in one volume.",Fiction
9780435909611,0435909614,When Rain Clouds Gather,Bessie Head,Fiction,http://books.google.com/books/content?id=3AzcBdsfW9QC&printsec=frontcover&img=1&zoom=1&source=gbs_api,"Two exiles--one white, one black--in a poor village in Botswana struggle with tradition, climate, and the local chief as they try to modernize the villagers' farming methods.",1995.0,3.84,185.0,993.0,When Rain Clouds Gather,"9780435909611 Two exiles--one white, one black--in a poor village in Botswana struggle with tradition, climate, and the local chief as they try to modernize the villagers' farming methods.",Fiction
9780439178822,0439178827,The Pen is Mightier Than the Sword,Anne Mazer,Juvenile Fiction,http://books.google.com/books/content?id=p_NMpZLjyLIC&printsec=frontcover&img=1&zoom=1&source=gbs_api,"Abby enjoys writing the advice column for the fifth-grade newspaper until people become upset with some of her answers, but then the opportunity comes along to use her writing skills to help a friend.",2001.0,3.96,128.0,1063.0,The Pen is Mightier Than the Sword,"9780439178822 Abby enjoys writing the advice column for the fifth-grade newspaper until people become upset with some of her answers, but then the opportunity comes along to use her writing skills to help a friend.",Children's Fiction
9780439227148,0439227143,The Call of the Wild,Jack London,Juvenile Fiction,http://books.google.com/books/content?id=j6L-qusnoTUC&printsec=frontcover&img=1&zoom=1&edge=curl&source=gbs_api,"When Buck is stolen from his kind family, he must quickly learn a new set of survival rules as he is taken away to the gold-crazed North by unsavory men. Original.",2000.0,3.85,172.0,255627.0,The Call of the Wild,"9780439227148 When Buck is stolen from his kind family, he must quickly learn a new set of survival rules as he is taken away to the gold-crazed North by unsavory men. Original.",Children's Fiction
9780439321624,043932162X,Quidditch Through the Ages,J. K. Rowling,"Animals, Mythical",http://books.google.com/books/content?id=d9-FwgEACAAJ&printsec=frontcover&img=1&zoom=1&source=gbs_api,"A history of the sport Quidditch, answering such questions such as where the Golden Snitch came from, or why the Wigtown Wanderers have meat cleavers on their robes.",2001.0,4.4,240.0,11459.0,Quidditch Through the Ages,"9780439321624 A history of the sport Quidditch, answering such questions such as where the Golden Snitch came from, or why the Wigtown Wanderers have meat cleavers on their robes.",Nonfiction
9780439401876,0439401879,The Story of a Seagull and the Cat who Taught Her to Fly,Luis Sepúlveda;Margaret Sayers Peden;Chris Sheban,Juvenile Fiction,http://books.google.com/books/content?id=R74DHQAACAAJ&printsec=frontcover&img=1&zoom=1&source=gbs_api,"A seagull, dying from the effects of an oil spill, entrusts her egg to Zorba the cat, who promises to care for it until her chick hatches, then teach the chick to fly. Reprint.",2003.0,4.13,128.0,4791.0,The Story of a Seagull and the Cat who Taught Her to Fly,"9780439401876 A seagull, dying from the effects of an oil spill, entrusts her egg to Zorba the cat, who promises to care for it until her chick hatches, then teach the chick to fly. Reprint.",Children's Fiction
9780439405577,0439405572,Don't Know Much about American History,Kenneth C. Davis,United States,,"Presents, in question and answer format, a history of the United States from the exploration of Christopher Columbus to the terrorist attacks of September 11, 2001.",2003.0,3.9,222.0,21169.0,Don't Know Much about American History,"9780439405577 Presents, in question and answer format, a history of the United States from the exploration of Christopher Columbus to the terrorist attacks of September 11, 2001.",Nonfiction
9780439405591,0439405599,The Rescue,Kathryn Lasky,Juvenile Fiction,,"Soren has been reunited with this sister, Eglantine, but now he must deal with the mysterious disappearance of his mentor, Ezylryb, and in his attempt to save his teacher must fight a formidable foe.",2004.0,4.07,198.0,9852.0,The Rescue,"9780439405591 Soren has been reunited with this sister, Eglantine, but now he must deal with the mysterious disappearance of his mentor, Ezylryb, and in his attempt to save his teacher must fight a formidable foe.",Children's Fiction
9780439411370,0439411378,The Summit,Gordon Korman,Juvenile Fiction,http://books.google.com/books/content?id=6VlnCfVs_WsC&printsec=frontcover&img=1&zoom=1&edge=curl&source=gbs_api,"As Tilt, Perry, Sammi, and Dominic prepare to ascend Mt. Everest, they must deal with low supplies, high altitude, dangerous terrain, government officials, sabotage, and an approaching storm.",2002.0,3.96,154.0,2515.0,The Summit,"9780439411370 As Tilt, Perry, Sammi, and Dominic prepare to ascend Mt. Everest, they must deal with low supplies, high altitude, dangerous terrain, government officials, sabotage, and an approaching storm.",Children's Fiction
9780439420068,0439420067,Eat!,Roberta Grobel Intrater,Juvenile Nonfiction,http://books.google.com/books/content?id=BnQ2nwEACAAJ&printsec=frontcover&img=1&zoom=1&source=gbs_api,A group of babies enjoys some favorite foods--along with making as big as mess on their faces as possible while they eat. On board pages.,2002.0,3.95,10.0,54.0,Eat!,9780439420068 A group of babies enjoys some favorite foods--along with making as big as mess on their faces as possible while they eat. On board pages.,Children's Nonfiction
9780439440035,0439440033,Hope Springs Eternal,Kristiana Gregory,Juvenile Fiction,http://books.google.com/books/content?id=5FnzGwAACAAJ&printsec=frontcover&img=1&zoom=1&source=gbs_api,"Albert, Nessa's old friend from the orphanage, has joined her in Kansas, but things have changed since they have been apart, and Nessa struggles to understand their new relationship.",2005.0,4.26,176.0,128.0,Hope Springs Eternal,"9780439440035 Albert, Nessa's old friend from the orphanage, has joined her in Kansas, but things have changed since they have been apart, and Nessa struggles to understand their new relationship.",Children's Fiction
9780439650366,0439650364,Werewolves Don't Run For President,Debbie Dadey;Marcia Thornton Jones,Juvenile Fiction,,There are some pretty weird grown-ups living in Bailey City. But could the presidential candidate visiting town really be . . . a werewolf? The Bailey School kids are going to find out!,2004.0,3.87,96.0,254.0,Werewolves Don't Run For President,9780439650366 There are some pretty weird grown-ups living in Bailey City. But could the presidential candidate visiting town really be . . . a werewolf? The Bailey School kids are going to find out!,Children's Fiction
9780439651363,0439651360,Chasing the Falconers,Gordon Korman,Juvenile Fiction,http://books.google.com/books/content?id=ZnDBPwAACAAJ&printsec=frontcover&img=1&zoom=1&source=gbs_api,"With their parents facing life in prison, Aidan and Meg Falconer race against time to evade the authorities and an unknown attacker to prove their innocence.",2005.0,4.05,154.0,4511.0,Chasing the Falconers,"9780439651363 With their parents facing life in prison, Aidan and Meg Falconer race against time to evade the authorities and an unknown attacker to prove their innocence.",Children's Fiction
9780439651370,0439651379,The Fugitive Factor,Gordon Korman,Juvenile Fiction,http://books.google.com/books/content?id=xebUNwAACAAJ&printsec=frontcover&img=1&zoom=1&source=gbs_api,"Having just broken out of a juvenile detention facility, Aiden and Meg live a life on the run while trying to find evidence that will free their parents from a life sentence in prison.",2005.0,4.13,160.0,2464.0,The Fugitive Factor,"9780439651370 Having just broken out of a juvenile detention facility, Aiden and Meg live a life on the run while trying to find evidence that will free their parents from a life sentence in prison.",Children's Fiction
9780439651417,0439651417,Hunting the Hunter,Gordon Korman,Juvenile Fiction,http://books.google.com/books/content?id=NXKQGQAACAAJ&printsec=frontcover&img=1&zoom=1&source=gbs_api,"When Aiden and Meg Falconer discover that Hairless Joe, a killer and madman, holds the key to freeing their parents from prison, they decide to try and trap him, despite the dangers.",2006.0,4.21,151.0,1892.0,Hunting the Hunter,"9780439651417 When Aiden and Meg Falconer discover that Hairless Joe, a killer and madman, holds the key to freeing their parents from prison, they decide to try and trap him, despite the dangers.",Children's Fiction
9780439681360,0439681367,Underworld,Jude Watson,Juvenile Fiction,http://books.google.com/books/content?id=b2lvGwAACAAJ&printsec=frontcover&img=1&zoom=1&source=gbs_api,"Ferus Olin, a former Jedi apprentice, journeys through the underworld of the planet Coruscant in order to rescue a Jedi who is imprisoned in the Jedi Temple by the Empire.",2005.0,3.96,160.0,799.0,Underworld,"9780439681360 Ferus Olin, a former Jedi apprentice, journeys through the underworld of the planet Coruscant in order to rescue a Jedi who is imprisoned in the Jedi Temple by the Empire.",Children's Fiction
9780439700887,0439700884,Lady Friday,Garth Nix,Juvenile Fiction,http://books.google.com/books/content?id=hcPrAAAAMAAJ&printsec=frontcover&img=1&zoom=1&source=gbs_api,Young Arthur Penhaligon must weigh an offer from Lady Friday that is either a cunning trap for the Rightful Heir or a golden opportunity that he must seize.,2007.0,3.92,320.0,19083.0,Lady Friday,9780439700887 Young Arthur Penhaligon must weigh an offer from Lady Friday that is either a cunning trap for the Rightful Heir or a golden opportunity that he must seize.,Children's Fiction
9780439736466,0439736463,"Where We Are, what We See",David Levithan,Juvenile Nonfiction,,"A collection of poems, stories, essays, and art drawn from the 2002, 2003, and 2004 Scholastic Art & Writing Awards showcases cutting-edge young authors and artists.",2005.0,3.73,288.0,41.0,"Where We Are, what We See: The Best Young Artists and Writers in America : a Push Anthology","9780439736466 A collection of poems, stories, essays, and art drawn from the 2002, 2003, and 2004 Scholastic Art & Writing Awards showcases cutting-edge young authors and artists.",Children's Nonfiction
9780439746854,043974685X,Inky the Indigo Fairy,Daisy Meadows,Juvenile Fiction,http://books.google.com/books/content?id=S87FdJuQJaAC&printsec=frontcover&img=1&zoom=1&source=gbs_api,"When the evil Jack Frost sends the Rainbow Fairies away, Rachel and Kirsty hope that a magical book that transports them to the Land of Sweets will lead them to Inky.",2006.0,3.79,80.0,1971.0,Inky the Indigo Fairy,"9780439746854 When the evil Jack Frost sends the Rainbow Fairies away, Rachel and Kirsty hope that a magical book that transports them to the Land of Sweets will lead them to Inky.",Children's Fiction
9780439746861,0439746868,Heather the Violet Fairy,Daisy Meadows,Juvenile Fiction,http://books.google.com/books/content?id=q5YDUzCjIigC&printsec=frontcover&img=1&zoom=1&source=gbs_api,"When the evil Jack Frost sends the Rainbow Fairies away, Rachel and Kirsty hope that a merry-go-round that transports them to a magical world will lead them to Heather.",2006.0,3.85,80.0,2197.0,Heather the Violet Fairy,"9780439746861 When the evil Jack Frost sends the Rainbow Fairies away, Rachel and Kirsty hope that a merry-go-round that transports them to a magical world will lead them to Heather.",Children's Fiction
9780439791403,0439791405,Your Best Friend's Boyfriend,J. E. Bright,Juvenile Fiction,http://books.google.com/books/content?id=vj0glZZuQE0C&printsec=frontcover&img=1&zoom=1&source=gbs_api,"When the main character recieves attention from her best friend's boyfriend, the reader is asked to choose how the story will progress at various points along the narrative.",2006.0,3.35,240.0,48.0,Your Best Friend's Boyfriend,"9780439791403 When the main character recieves attention from her best friend's boyfriend, the reader is asked to choose how the story will progress at various points along the narrative.",Children's Fiction
9780439793957,0439793955,The Case of the Snowboarding Superstar,James Preller,Juvenile Fiction,http://books.google.com/books/content?id=n0Z2GQAACAAJ&printsec=frontcover&img=1&zoom=1&source=gbs_api,"When Jigsaw Jones goes to Vermont with his family for winter break, he has to find a missing good luck charm without the help of his partner, Mila.",2006.0,3.97,80.0,117.0,The Case of the Snowboarding Superstar,"9780439793957 When Jigsaw Jones goes to Vermont with his family for winter break, he has to find a missing good luck charm without the help of his partner, Mila.",Children's Fiction
9780439798730,0439798736,Thorn in Her Side,Jane B. Mason;Sarah Hines-Stephens,Juvenile Fiction,http://books.google.com/books/content?id=d0lQGQAACAAJ&printsec=frontcover&img=1&zoom=1&source=gbs_api,"Briar Rose lands the role of Princess Perfecta in the school play and Nettle, who plays opposite Rose, seems almost too perfect as the evil fairy.",2006.0,3.87,144.0,210.0,Thorn in Her Side,"9780439798730 Briar Rose lands the role of Princess Perfecta in the school play and Nettle, who plays opposite Rose, seems almost too perfect as the evil fairy.",Children's Fiction
9780439803632,0439803632,Gothic!,Deborah Noyes,Horror stories,http://books.google.com/books/content?id=FhRQ7hS07v4C&printsec=frontcover&img=1&zoom=1&source=gbs_api,"Drawing on dark fantasy and the fairy tale as well as horror and wild humor, ten acclaimed authors pay homage to the gothic tale in wide-ranging stories of the supernatural and surreal.",2005.0,3.55,241.0,14.0,Gothic!: ten original dark tales,"9780439803632 Drawing on dark fantasy and the fairy tale as well as horror and wild humor, ten acclaimed authors pay homage to the gothic tale in wide-ranging stories of the supernatural and surreal.",Fiction
9780439810715,043981071X,A break with charity,Ann Rinaldi,Trials (Witchcraft),http://books.google.com/books/content?id=72_0GWOn21cC&printsec=frontcover&img=1&zoom=1&source=gbs_api,"While waiting for a church meeting in 1706, Susanna English, daughter of a wealthy Salem merchant, recalls the malice, fear, and accusations of witchcraft that tore her village apart in 1692.",2005.0,3.79,298.0,37.0,A break with charity: a story about the Salem witch trials,"9780439810715 While waiting for a church meeting in 1706, Susanna English, daughter of a wealthy Salem merchant, recalls the malice, fear, and accusations of witchcraft that tore her village apart in 1692.",Nonfiction
9780439847773,043984777X,The Abduction,Gordon Korman,Juvenile Fiction,http://books.google.com/books/content?id=4yZOGQAACAAJ&printsec=frontcover&img=1&zoom=1&source=gbs_api,"When Aiden's sister, Meg, is kidnapped, he teams up with the FBI to try to find her by tracking down clues only a brother could recognize.",2006.0,3.99,144.0,3232.0,The Abduction,"9780439847773 When Aiden's sister, Meg, is kidnapped, he teams up with the FBI to try to find her by tracking down clues only a brother could recognize.",Children's Fiction
9780439872461,0439872464,The Trouble with Violet,Anne Mazer,Juvenile Fiction,http://books.google.com/books/content?id=Z6kSpF19og0C&printsec=frontcover&img=1&zoom=1&source=gbs_api,"When strange things start happening and eight-year-old Mabel, who is very sensible, cannot figure them out, she discovers a family secret that affects her younger sister Violet.",2007.0,3.9,112.0,221.0,The Trouble with Violet,"9780439872461 When strange things start happening and eight-year-old Mabel, who is very sensible, cannot figure them out, she discovers a family secret that affects her younger sister Violet.",Children's Fiction
9780439872478,0439872472,Violet Makes a Splash,Anne Mazer,Juvenile Fiction,http://books.google.com/books/content?id=ldJMV8NU-9kC&printsec=frontcover&img=1&zoom=1&source=gbs_api,"When Violet conjures a pool for their yard and refuses to make it disappear, Mabel, who is not magical, does not know how to explain this to their parents.",2007.0,3.95,112.0,116.0,Violet Makes a Splash,"9780439872478 When Violet conjures a pool for their yard and refuses to make it disappear, Mabel, who is not magical, does not know how to explain this to their parents.",Children's Fiction
9780439884761,0439884764,Guardians of Ga'hoole,Kathryn Lasky,Juvenile Fiction,http://books.google.com/books/content?id=kSvAvgEACAAJ&printsec=frontcover&img=1&zoom=1&source=gbs_api,"Follows the adventures of Soren, an orphaned barn owl that is captured and taken to St. Aegolius Academy where he becomes caught up in a battle between good and evil.",2006.0,4.25,865.0,595.0,"Guardians of Ga'hoole: The Capture, the Journey, the Rescue, & the Siege","9780439884761 Follows the adventures of Soren, an orphaned barn owl that is captured and taken to St. Aegolius Academy where he becomes caught up in a battle between good and evil.",Children's Fiction
9780439890281,0439890284,This is Push,David Levithan,Juvenile Fiction,http://books.google.com/books/content?id=Yerq73mtGYUC&printsec=frontcover&img=1&zoom=1&edge=curl&source=gbs_api,"A collection of stories from the best YA writers today, who all got their start under the PUSH label, includes new stories from Kevin Brooks, Markus Zusak, Kristen Kemp, Coe Booth, and others. Original.",2007.0,3.62,240.0,222.0,This is Push: An Anthology of New Writing,"9780439890281 A collection of stories from the best YA writers today, who all got their start under the PUSH label, includes new stories from Kevin Brooks, Markus Zusak, Kristen Kemp, Coe Booth, and others. Original.",Children's Fiction
9780439896184,0439896185,The Case of the Kidnapped Candy,James Preller,Juvenile Fiction,http://books.google.com/books/content?id=TE46W_fkLXcC&printsec=frontcover&img=1&zoom=1&source=gbs_api,"When the candy that Ms. Gleason was going to give to her class as a special Valentine's Day treat disappears, it is up to Jigsaw and Mila to find out what happened.",2007.0,3.74,80.0,100.0,The Case of the Kidnapped Candy,"9780439896184 When the candy that Ms. Gleason was going to give to her class as a special Valentine's Day treat disappears, it is up to Jigsaw and Mila to find out what happened.",Children's Fiction
9780439933414,0439933412,Betrayal,Robin Wasserman,Juvenile Fiction,http://books.google.com/books/content?id=ffPtAAAAMAAJ&printsec=frontcover&img=1&zoom=1&source=gbs_api,"J.D. continues to search for answers about her past and about the dangerous powers that she cannot control, while the memories implanted in her brain by the mysterious Dr. Styron won't stop haunting her.",2007.0,3.97,209.0,1431.0,Betrayal,"9780439933414 J.D. continues to search for answers about her past and about the dangerous powers that she cannot control, while the memories implanted in her brain by the mysterious Dr. Styron won't stop haunting her.",Children's Fiction
9780440169123,0440169127,A Pinch of Snuff,Reginald Hill,Fiction,http://books.google.com/books/content?id=YR2qvIVR9esC&printsec=frontcover&img=1&zoom=1&source=gbs_api,A routine visit to the dentist involves Police Inspector Pascoe in a bizarre case concerning the making of pornographic films in which people are actually killed on camera,1990.0,3.85,336.0,1052.0,A Pinch of Snuff,9780440169123 A routine visit to the dentist involves Police Inspector Pascoe in a bizarre case concerning the making of pornographic films in which people are actually killed on camera,Fiction
9780440187356,0440187354,Tinsel,William Goldman,Fiction,http://books.google.com/books/content?id=1ZC5dqgilrIC&printsec=frontcover&img=1&zoom=1&source=gbs_api,"In the glittering world of Hollywood peopled with stars, hopefuls, and hasbeens, hungry and cunning producers, starlets, moguls, and whores are willing to sacrifice everything for an elusive place at the top",1980.0,3.18,399.0,253.0,Tinsel,"9780440187356 In the glittering world of Hollywood peopled with stars, hopefuls, and hasbeens, hungry and cunning producers, starlets, moguls, and whores are willing to sacrifice everything for an elusive place at the top",Fiction
9780440201045,0440201047,Serenissima,Erica Jong,Fiction,http://books.google.com/books/content?id=pBQ1hhEvXTYC&printsec=frontcover&img=1&zoom=1&source=gbs_api,"Jessica Pruitt, a popular Hollywood actress and aficionado of Shakespeare, is transported to the sixteenth century where she becomes the inspiration behind the great poet's most enigmatic work",1988.0,3.26,384.0,271.0,Serenissima,"9780440201045 Jessica Pruitt, a popular Hollywood actress and aficionado of Shakespeare, is transported to the sixteenth century where she becomes the inspiration behind the great poet's most enigmatic work",Fiction
9780440216803,044021680X,Gai-Jin,James Clavell,Fiction,http://books.google.com/books/content?id=DpMXCO27HUYC&printsec=frontcover&img=1&zoom=1&source=gbs_api,"Malcolm Struan, the heir to the most powerful English trading company in the Orient, finds his fate intertwined with that of a beautiful young French woman",1994.0,3.86,1236.0,10305.0,Gai-Jin,"9780440216803 Malcolm Struan, the heir to the most powerful English trading company in the Orient, finds his fate intertwined with that of a beautiful young French woman",Fiction
9780440229209,0440229200,Flags Of Our Fathers,James Bradley,Juvenile Fiction,http://books.google.com/books/content?id=QHIw64z6B0wC&printsec=frontcover&img=1&zoom=1&source=gbs_api,"Provides the true story of the actions that led to the raising of the flag at Iwo Jima by the American Marines in February 1945, complete with maps and an eight-page photo insert. Reissue.",2006.0,4.17,224.0,235.0,Flags Of Our Fathers: Heroes of Iwo Jima,"9780440229209 Provides the true story of the actions that led to the raising of the flag at Iwo Jima by the American Marines in February 1945, complete with maps and an eight-page photo insert. Reissue.",Children's Fiction
9780440229353,0440229359,How Angel Peterson Got His Name,Gary Paulsen,Juvenile Nonfiction,http://books.google.com/books/content?id=maJrLrdTchMC&printsec=frontcover&img=1&zoom=1&source=gbs_api,"Author Gary Paulsen relates tales from his youth in a small town in northwestern Minnesota in the late 1940s and early 1950s, such as skiing behind a souped-up car and imitating daredevil Evel Knievel.",2004.0,3.93,111.0,1139.0,How Angel Peterson Got His Name: And Other Outrageous Tales about Extreme Sports,"9780440229353 Author Gary Paulsen relates tales from his youth in a small town in northwestern Minnesota in the late 1940s and early 1950s, such as skiing behind a souped-up car and imitating daredevil Evel Knievel.",Children's Nonfiction
9780440234746,0440234743,The Testament,John Grisham,Fiction,http://books.google.com/books/content?id=n5F5Qc7pchwC&printsec=frontcover&img=1&zoom=1&source=gbs_api,"A suicidal billionaire, a burnt-out Washington litigator, and a woman who has forsaken technology to work in the wilds of Brazil are all brought together by an astounding mystery of the testament",2000.0,3.85,535.0,85975.0,The Testament,"9780440234746 A suicidal billionaire, a burnt-out Washington litigator, and a woman who has forsaken technology to work in the wilds of Brazil are all brought together by an astounding mystery of the testament",Fiction
9780440238140,0440238145,The Subtle Knife,Philip Pullman,Juvenile Fiction,,"As the boundaries between worlds begin to dissolve, Lyra and her daemon help Will Parry in his search for his father and for a powerful, magical knife.",2003.0,4.12,288.0,4587.0,The Subtle Knife,"9780440238140 As the boundaries between worlds begin to dissolve, Lyra and her daemon help Will Parry in his search for his father and for a powerful, magical knife.",Children's Fiction
9780440238157,0440238153,The Amber Spyglass,Philip Pullman,Juvenile Fiction,http://books.google.com/books/content?id=VIaPPgAACAAJ&printsec=frontcover&img=1&zoom=1&source=gbs_api,"Lyra and Will find themselves at the center of a battle between the forces of the Authority and those gathered by Lyra's father, Lord Asriel.",2003.0,4.09,467.0,219303.0,The Amber Spyglass,"9780440238157 Lyra and Will find themselves at the center of a battle between the forces of the Authority and those gathered by Lyra's father, Lord Asriel.",Children's Fiction
9780440243250,0440243254,Blessings,Belva Plain,Fiction,http://books.google.com/books/content?id=XSGjKUwqLSgC&printsec=frontcover&img=1&zoom=1&source=gbs_api,"Two classic tales of romance, honor, and family by the ""New York Times""-bestselling author of ""Fortune's Hand"" are back in these specially priced editions. Reissue.",2008.0,3.91,393.0,2511.0,Blessings,"9780440243250 Two classic tales of romance, honor, and family by the ""New York Times""-bestselling author of ""Fortune's Hand"" are back in these specially priced editions. Reissue.",Fiction
9780440322276,0440322278,18 Best Stories,Edgar Allan Poe,Fiction,http://books.google.com/books/content?id=taNLbiOVk68C&printsec=frontcover&img=1&zoom=1&source=gbs_api,The terror and horror that typify Poe's fiction are evidenced in such tales as The Fall of the House of Usher and The Pit and the Pendulum,1965.0,4.02,288.0,395.0,18 Best Stories,9780440322276 The terror and horror that typify Poe's fiction are evidenced in such tales as The Fall of the House of Usher and The Pit and the Pendulum,Fiction
9780440362050,0440362059,My Name is Aram,William Saroyan,Fiction,http://books.google.com/books/content?id=2P3XAAAAMAAJ&printsec=frontcover&img=1&zoom=1&source=gbs_api,A small boy finds excitement and promise in the daily life of his California valley during the early years of the twentieth century in this collection of short stories,1966.0,4.15,151.0,975.0,My Name is Aram,9780440362050 A small boy finds excitement and promise in the daily life of his California valley during the early years of the twentieth century in this collection of short stories,Fiction
9780440402916,0440402913,Anastasia on Her Own,Lois Lowry,Juvenile Fiction,http://books.google.com/books/content?id=UjlZAAAAYAAJ&printsec=frontcover&img=1&zoom=1&source=gbs_api,"In her mother's absence, resourceful Anastasia Krupnik has to cope with her brother Sam's chicken pox, an unexpected visit from her father's old girlfriend, and her own first date.",1985.0,3.89,160.0,1498.0,Anastasia on Her Own,"9780440402916 In her mother's absence, resourceful Anastasia Krupnik has to cope with her brother Sam's chicken pox, an unexpected visit from her father's old girlfriend, and her own first date.",Children's Fiction
9780440414001,0440414008,"See You Around, Sam!",Lois Lowry,Juvenile Fiction,http://books.google.com/books/content?id=-oXbxSdpe2wC&printsec=frontcover&img=1&zoom=1&source=gbs_api,"Sam Krupnik, mad at his mother because she won't let him wear his new plastic fangs in the house, decides to run away to Alaska.",1998.0,3.68,128.0,235.0,"See You Around, Sam!","9780440414001 Sam Krupnik, mad at his mother because she won't let him wear his new plastic fangs in the house, decides to run away to Alaska.",Children's Fiction
9780440415244,0440415241,Stay!,Lois Lowry,Juvenile Fiction,http://books.google.com/books/content?id=lr9QzT466ekC&printsec=frontcover&img=1&zoom=1&source=gbs_api,"Separated early in life from his mother and siblings, Keeper tells of his adventures with various human masters and his continual search for his little sister.",1999.0,3.92,128.0,188.0,Stay!: Keeper's Story,"9780440415244 Separated early in life from his mother and siblings, Keeper tells of his adventures with various human masters and his continual search for his little sister.",Children's Fiction
9780440415800,0440415802,Summer of the Monkeys,Wilson Rawls,Juvenile Fiction,http://books.google.com/books/content?id=fAGE9OYnqvsC&printsec=frontcover&img=1&zoom=1&source=gbs_api,Fourteen-year-old Jay tries to recover a group of wily monkeys escaped from a circus train in the hopes the reward will buy him the gun and pony he has so long wanted.,1998.0,4.03,288.0,10711.0,Summer of the Monkeys,9780440415800 Fourteen-year-old Jay tries to recover a group of wily monkeys escaped from a circus train in the hopes the reward will buy him the gun and pony he has so long wanted.,Children's Fiction
9780440416777,0440416779,Stargirl,Jerry Spinelli,Juvenile Fiction,http://books.google.com/books/content?id=Nqt57L2L-tIC&printsec=frontcover&img=1&zoom=1&source=gbs_api,"In this story about the perils of popularity, the courage of nonconformity, and the thrill of first love, an eccentric student named Stargirl changes Mica High School forever.",2004.0,3.76,186.0,1917.0,Stargirl,"9780440416777 In this story about the perils of popularity, the courage of nonconformity, and the thrill of first love, an eccentric student named Stargirl changes Mica High School forever.",Children's Fiction
9780440416883,0440416884,Harriet Spies Again,Helen Ericson;Louise Fitzhugh,Juvenile Fiction,http://books.google.com/books/content?id=cKg_DwAAQBAJ&printsec=frontcover&img=1&zoom=1&source=gbs_api,"When her married nanny returns to take care of her while her parents are away in France, Harriet hears something curious that makes her think Ole Golly is in some sort of trouble.",2003.0,3.83,256.0,1316.0,Harriet Spies Again,"9780440416883 When her married nanny returns to take care of her while her parents are away in France, Harriet hears something curious that makes her think Ole Golly is in some sort of trouble.",Children's Fiction
9780440419488,0440419484,The Orange Trees of Versailles,Annie Pietri,Juvenile Fiction,http://books.google.com/books/content?id=-o6KVcm2FSoC&printsec=frontcover&img=1&zoom=1&source=gbs_api,"In the 1670s, fourteen-year-old Marion, who has a talent for making perfumes, gets the chance to serve Louis XIV's mistress at the palace of Versailles, where she gets caught up in palace intrigue.",2005.0,3.77,137.0,174.0,The Orange Trees of Versailles,"9780440419488 In the 1670s, fourteen-year-old Marion, who has a talent for making perfumes, gets the chance to serve Louis XIV's mistress at the palace of Versailles, where she gets caught up in palace intrigue.",Children's Fiction
9780440420637,0440420636,The Green Toenails Gang,Marjorie Weinman Sharmat,Juvenile Fiction,http://books.google.com/books/content?id=yP1lc7SgQV4C&printsec=frontcover&img=1&zoom=1&source=gbs_api,"Wealthy Olivia Sharp, agent for secrets, uncovers several secrets on a trip to Carmel, California to help a friend become a member of an exclusive club.",2005.0,3.74,72.0,41.0,The Green Toenails Gang,"9780440420637 Wealthy Olivia Sharp, agent for secrets, uncovers several secrets on a trip to Carmel, California to help a friend become a member of an exclusive club.",Children's Fiction
9780440936855,0440936853,A House Like a Lotus,Madeleine L'Engle,Adolescence,http://books.google.com/books/content?id=MDDyb1TxYFwC&printsec=frontcover&img=1&zoom=1&source=gbs_api,"Drawn to the wealthy and brilliant artist Maximiliana Horne and grateful for her stimulating education at Max's direction, sixteen-year-old Polly finds herself suddenly and inexplicably betrayed by her idol.",1985.0,3.76,307.0,3882.0,A House Like a Lotus,"9780440936855 Drawn to the wealthy and brilliant artist Maximiliana Horne and grateful for her stimulating education at Max's direction, sixteen-year-old Polly finds herself suddenly and inexplicably betrayed by her idol.",Fiction
9780441003723,0441003729,Starplex,Robert J. Sawyer,Fiction,http://books.google.com/books/content?id=CKkIAAAACAAJ&printsec=frontcover&img=1&zoom=1&source=gbs_api,"Twenty years after the discovery of artificial wormholes launches Earth space exploration to unforeseeable heights, Starplex Director Keith Lansing investigates a mysterious vessel that soon threatens the station with intergalactic war. Original.",1996.0,3.83,289.0,1267.0,Starplex,"9780441003723 Twenty years after the discovery of artificial wormholes launches Earth space exploration to unforeseeable heights, Starplex Director Keith Lansing investigates a mysterious vessel that soon threatens the station with intergalactic war. Original.",Fiction
9780441004096,0441004091,Tramp Royale,Robert Anson Heinlein,Biography & Autobiography,http://books.google.com/books/content?id=Jiy_kgEACAAJ&printsec=frontcover&img=1&zoom=1&source=gbs_api,"The author recounts his travels around the world, detailing his experiences in places ranging from New Orleans to the Panama Canal to the African veldt",1996.0,3.7,371.0,680.0,Tramp Royale,"9780441004096 The author recounts his travels around the world, detailing his experiences in places ranging from New Orleans to the Panama Canal to the African veldt",Nonfiction
9780441009657,0441009654,The Mirror of Merlin,T. A. Barron,Fiction,http://books.google.com/books/content?id=X6HTqdHjLpsC&printsec=frontcover&img=1&zoom=1&source=gbs_api,Merlin must find his stolen sword in order to repel an encroaching evil intent on destroying the magic isle of Fincayra. But first he must confront a magical mirror that alters one's destiny.,2002.0,4.06,288.0,6682.0,The Mirror of Merlin,9780441009657 Merlin must find his stolen sword in order to repel an encroaching evil intent on destroying the magic isle of Fincayra. But first he must confront a magical mirror that alters one's destiny.,Fiction
9780441012374,044101237X,Rocket Ship Galileo,Robert Anson Heinlein,Fiction,http://books.google.com/books/content?id=1421ngEACAAJ&printsec=frontcover&img=1&zoom=1&source=gbs_api,"Three teenagers and an older scientist develop their own atomic rocket, solve their own space problems and blast off for the moon in spite of mysterious setbacks.",2004.0,3.71,211.0,6199.0,Rocket Ship Galileo,"9780441012374 Three teenagers and an older scientist develop their own atomic rocket, solve their own space problems and blast off for the moon in spite of mysterious setbacks.",Fiction
9780441013432,0441013430,Old Twentieth,Joe Haldeman,Fiction,http://books.google.com/books/content?id=0RTfmAEACAAJ&printsec=frontcover&img=1&zoom=1&source=gbs_api,Jacob Brewer confronts a dangerous sentient machine that has become obsessed with humanity when he investigates the mysterious deaths of passengers on the starship Aspera during the thousand-year journey to Beta Hydrii.,2006.0,3.53,285.0,1138.0,Old Twentieth,9780441013432 Jacob Brewer confronts a dangerous sentient machine that has become obsessed with humanity when he investigates the mysterious deaths of passengers on the starship Aspera during the thousand-year journey to Beta Hydrii.,Fiction
9780441014897,0441014895,Magic Bites,Ilona Andrews,Fiction,http://books.google.com/books/content?id=46yJDQAAQBAJ&printsec=frontcover&img=1&zoom=1&source=gbs_api,"Earning a living cleaning up magical messes, mercenary Kate Daniels is drawn into a power struggle between two factions--necromancers and shapeshifters--within Atlanta's magic circles when her guardian is murdered. Original.",2007.0,4.07,260.0,82231.0,Magic Bites,"9780441014897 Earning a living cleaning up magical messes, mercenary Kate Daniels is drawn into a power struggle between two factions--necromancers and shapeshifters--within Atlanta's magic circles when her guardian is murdered. Original.",Fiction
9780441092758,0441092756,The Castle of the Silver Wheel,Teresa Edgerton,Fiction,,"Possessed with the gift of magic, Gwenlliant of Celydonn travels with her husband to Mochdreff to rule over a nation with a long history of animosity toward her people. Original.",1993.0,3.99,278.0,86.0,The Castle of the Silver Wheel,"9780441092758 Possessed with the gift of magic, Gwenlliant of Celydonn travels with her husband to Mochdreff to rule over a nation with a long history of animosity toward her people. Original.",Fiction
9780441248834,0441248837,Betcha Can't Read Just One,Alan Dean Foster,Fiction,http://books.google.com/books/content?id=xwJfUXa42wYC&printsec=frontcover&img=1&zoom=1&source=gbs_api,"A collection of funny and strange fantasy tales features George Alec Effinger's ""The Wicked Old Witch,"" Mike Resnick's ""Final Solution,"" and Ron Goulart's ""New Hope for Denture Wearers,"" plus thirteen more",1993.0,3.88,242.0,49.0,Betcha Can't Read Just One,"9780441248834 A collection of funny and strange fantasy tales features George Alec Effinger's ""The Wicked Old Witch,"" Mike Resnick's ""Final Solution,"" and Ron Goulart's ""New Hope for Denture Wearers,"" plus thirteen more",Fiction
9780441317486,0441317480,Hard Sell,Piers Anthony,Fiction,http://books.google.com/books/content?id=9IdIpyHRLfAC&printsec=frontcover&img=1&zoom=1&source=gbs_api,"Mr. Fisk Centers buys real estate on Mars, where he drives a supersonic car in a suicide race and visits a robot mortician for a sample embalming. Reprint.",1993.0,3.39,268.0,694.0,Hard Sell,"9780441317486 Mr. Fisk Centers buys real estate on Mars, where he drives a supersonic car in a suicide race and visits a robot mortician for a sample embalming. Reprint.",Fiction
9780441444250,0441444253,Killobyte,Piers Anthony,Fiction,http://books.google.com/books/content?id=jHdFtAEACAAJ&printsec=frontcover&img=1&zoom=1&source=gbs_api,"With the magic of Killobyte, a wheelchair-bound cop stands and fights an army of sorcerers, a heartbroken girl heals her pain through role-playing, and a mystery player satisfies his urge to kill. Reprint.",1994.0,3.55,312.0,1527.0,Killobyte,"9780441444250 With the magic of Killobyte, a wheelchair-bound cop stands and fights an army of sorcerers, a heartbroken girl heals her pain through role-playing, and a mystery player satisfies his urge to kill. Reprint.",Fiction
9780441623822,0441623824,The Omega Cage,Steve Perry;Michael Reaves,Fiction,http://books.google.com/books/content?id=GEE8rNta2UAC&printsec=frontcover&img=1&zoom=1&source=gbs_api,"Dain Maro, unjustly sentenced to the horrific high-tech prison called the Omega Cage, attempts the impossible in crossing bone-littered deserts and deadly swamps to escape Warden Stark and his merciless hunting machines",1988.0,3.77,256.0,520.0,The Omega Cage,"9780441623822 Dain Maro, unjustly sentenced to the horrific high-tech prison called the Omega Cage, attempts the impossible in crossing bone-littered deserts and deadly swamps to escape Warden Stark and his merciless hunting machines",Fiction
9780441748600,0441748600,To Sail Beyond the Sunset,Robert A. Heinlein,Fiction,http://books.google.com/books/content?id=u_-sxgKp5kcC&printsec=frontcover&img=1&zoom=1&source=gbs_api,"The author ties together themes and characters from his previous stories as he traces the life and loves of Maureen Johnson, the mother of Lazarus Long",1988.0,3.87,434.0,10140.0,To Sail Beyond the Sunset,"9780441748600 The author ties together themes and characters from his previous stories as he traces the life and loves of Maureen Johnson, the mother of Lazarus Long",Fiction
9780443066016,0443066019,Anesthesiology Review,Ronald J. Faust;Roy F. Cucchiara,Medical,http://books.google.com/books/content?id=OzVyQgAACAAJ&printsec=frontcover&img=1&zoom=1&source=gbs_api,"Review text for anesthesiology residents. Comprehensively covers essential knowledge and includes all topic areas found on the ABA/ASA exam. Includes new discussions on cardiopulmonary bypass, off-pump coronary bypass, and automatic internal cardiac defibrillator procedures.",2002.0,3.64,595.0,11.0,Anesthesiology Review,"9780443066016 Review text for anesthesiology residents. Comprehensively covers essential knowledge and includes all topic areas found on the ABA/ASA exam. Includes new discussions on cardiopulmonary bypass, off-pump coronary bypass, and automatic internal cardiac defibrillator procedures.",Nonfiction
9780445405561,0445405562,Cast a Yellow Shadow,Ross Thomas,Fiction,http://books.google.com/books/content?id=iQdBJwAACAAJ&printsec=frontcover&img=1&zoom=1&source=gbs_api,"Directed by an anonymous perpetrator to kill a South African prime minster, soldier of fortune Michael Padillo is told that his partner's kidnapped wife will die if he fails to comply. Reissue.",1967.0,3.95,272.0,192.0,Cast a Yellow Shadow,"9780445405561 Directed by an anonymous perpetrator to kill a South African prime minster, soldier of fortune Michael Padillo is told that his partner's kidnapped wife will die if he fails to comply. Reissue.",Fiction
9780446300001,0446300004,Heat,William Goldman,Fiction,,"Las Vegas security officer Nick Escalante, an ex-Marine, chances on to a bizarre kidnapping threat and is plunged into a nightmare world of false identities, vicious grievances, and gruesome encounters",1986.0,3.38,244.0,236.0,Heat,"9780446300001 Las Vegas security officer Nick Escalante, an ex-Marine, chances on to a bizarre kidnapping threat and is plunged into a nightmare world of false identities, vicious grievances, and gruesome encounters",Fiction
9780446359207,0446359203,Carrion Comfort,Dan Simmons,Fiction,http://books.google.com/books/content?id=37wWp0ENPXgC&printsec=frontcover&img=1&zoom=1&source=gbs_api,"Three elderly friends, who possess supernatural powers and who feed off of emotions generated during the murders they orchestrate, meet every year to discuss their game--an ongoing competition of mass murder and vampirism",1990.0,3.9,884.0,15056.0,Carrion Comfort,"9780446359207 Three elderly friends, who possess supernatural powers and who feed off of emotions generated during the murders they orchestrate, meet every year to discuss their game--an ongoing competition of mass murder and vampirism",Fiction
9780446500036,0446500038,Kushiel's Justice,Jacqueline Carey,Fiction,http://books.google.com/books/content?id=8KKnlwEACAAJ&printsec=frontcover&img=1&zoom=1&source=gbs_api,"""The sequel to Kushiel's avatar, Imriel returns to embark on a harsh and ugly quest to bring the murderer of his wife and son to justice""--Provided by publisher.",2007.0,4.25,703.0,15531.0,Kushiel's Justice,"9780446500036 ""The sequel to Kushiel's avatar, Imriel returns to embark on a harsh and ugly quest to bring the murderer of his wife and son to justice""--Provided by publisher.",Fiction
9780446526128,0446526126,Ten Things I Wish I'd Known - Before I Went Out into the Real World,Maria Shriver,Self-Help,,"Award-winning broadcast journalist and NBC anchor-woman Maria Shriver reveals the lessons she has learned that have guided her journey as a career woman, wife and mother.",2000.0,3.69,144.0,980.0,Ten Things I Wish I'd Known - Before I Went Out into the Real World,"9780446526128 Award-winning broadcast journalist and NBC anchor-woman Maria Shriver reveals the lessons she has learned that have guided her journey as a career woman, wife and mother.",Nonfiction
9780446531092,044653109X,The Collectors,David Baldacci,Fiction,http://books.google.com/books/content?id=qic4S8rFAMwC&printsec=frontcover&img=1&zoom=1&source=gbs_api,"""The assassination of the Speaker of the House sets the members of the Camel Club in a race to prevent a silent yet bloody coup in Washington""--Provided by the publisher",2006.0,4.02,438.0,32713.0,The Collectors,"9780446531092 ""The assassination of the Speaker of the House sets the members of the Camel Club in a race to prevent a silent yet bloody coup in Washington""--Provided by the publisher",Fiction
9780446600705,0446600709,Assumed Identity,David Morrell,Fiction,http://books.google.com/books/content?id=vB0-qjLsg18C&printsec=frontcover&img=1&zoom=1&source=gbs_api,"Tracking a devastating conspiracy into the heart of Mexico's Yucata+a7n peninsula, a master of disguise begins to lose his grasp on who he really is and struggles with his love for two women. Reprint.",1994.0,3.78,512.0,1091.0,Assumed Identity,"9780446600705 Tracking a devastating conspiracy into the heart of Mexico's Yucata+a7n peninsula, a master of disguise begins to lose his grasp on who he really is and struggles with his love for two women. Reprint.",Fiction
9780446605465,0446605468,The Neutronium Alchemist,Peter F. Hamilton,Fiction,http://books.google.com/books/content?id=PqNdPgAACAAJ&printsec=frontcover&img=1&zoom=1&source=gbs_api,"The future of humanity is in doubt when the minds of those long dead begin taking over the bodies of the living, forcing one man to search for a lost doomsday machine",1997.0,4.33,592.0,3230.0,The Neutronium Alchemist: Conflict,"9780446605465 The future of humanity is in doubt when the minds of those long dead begin taking over the bodies of the living, forcing one man to search for a lost doomsday machine",Fiction
9780446611916,0446611913,Up Country,Nelson DeMille,Fiction,http://books.google.com/books/content?id=bVflWIEA-ckC&printsec=frontcover&img=1&zoom=1&source=gbs_api,Retired Army investigator Paul Brenner is called back into service to investigate the death of a soldier thirty years earlier in Vietnam--a case that stirs up many unpleasant memories. Reprint.,2003.0,4.02,880.0,14167.0,Up Country,9780446611916 Retired Army investigator Paul Brenner is called back into service to investigate the death of a soldier thirty years earlier in Vietnam--a case that stirs up many unpleasant memories. Reprint.,Fiction
9780446670784,0446670782,Curries Without Worries,Sudha Koul,Cooking,http://books.google.com/books/content?id=G4qUHAAACAAJ&printsec=frontcover&img=1&zoom=1&source=gbs_api,"A thorough but accessible guide to Indian cuisine explains spices and seasonings and offers more than sixty-five simple, easy-to-prepare recipes for vegetarian and non-vegetarian curries, roasts, kebabs, and more. Reprint.",1996.0,3.98,160.0,35.0,Curries Without Worries,"9780446670784 A thorough but accessible guide to Indian cuisine explains spices and seasonings and offers more than sixty-five simple, easy-to-prepare recipes for vegetarian and non-vegetarian curries, roasts, kebabs, and more. Reprint.",Nonfiction
9780446677493,0446677493,Hope is the Thing with Feathers,Christopher Cokinos,Nature,http://books.google.com/books/content?id=y7RmuQAACAAJ&printsec=frontcover&img=1&zoom=1&source=gbs_api,"Presents the histories of six extinct North American birds, how they were killed and who attempted to protect them, and discusses what can be learned from these losses to save today's endangered wildlife.",2001.0,4.21,384.0,294.0,Hope is the Thing with Feathers: A Personal Chronicle of Vanished Birds,"9780446677493 Presents the histories of six extinct North American birds, how they were killed and who attempted to protect them, and discusses what can be learned from these losses to save today's endangered wildlife.",Nonfiction
9780446678452,0446678457,Cane River,Lalita Tademy,Fiction,http://books.google.com/books/content?id=BqCdYgEACAAJ&printsec=frontcover&img=1&zoom=1&source=gbs_api,"The ""New York Times"" bestseller and Oprah's Book Club Pick--the unique and deeply moving epic of four generations of African-American women based on one family's ancestral past.",2002.0,4.05,522.0,41627.0,Cane River,"9780446678452 The ""New York Times"" bestseller and Oprah's Book Club Pick--the unique and deeply moving epic of four generations of African-American women based on one family's ancestral past.",Fiction
9780446695602,0446695602,Sister Freaks,Rebecca St. James,Religion,http://books.google.com/books/content?id=rbDWxQEACAAJ&printsec=frontcover&img=1&zoom=1&source=gbs_api,Bestselling author and award-winning singer Rebecca St. James brings together a group of inspirational true stories about young women who gave their all for Jesus.,2005.0,4.11,320.0,485.0,Sister Freaks: Stories of Women Who Gave Up Everything for God,9780446695602 Bestselling author and award-winning singer Rebecca St. James brings together a group of inspirational true stories about young women who gave their all for Jesus.,Nonfiction
9780448437439,0448437430,Who Was John F. Kennedy?,Yona Zeldis McDonough;Jill Weber,Juvenile Nonfiction,http://books.google.com/books/content?id=qjCzJgAACAAJ&printsec=frontcover&img=1&zoom=1&source=gbs_api,"Chronicles the life of the president who saw America through the Cuban Missile Crisis, established the Peace Corps, and was assassinated during his first term.",2004.0,4.19,112.0,598.0,Who Was John F. Kennedy?,"9780448437439 Chronicles the life of the president who saw America through the Cuban Missile Crisis, established the Peace Corps, and was assassinated during his first term.",Children's Nonfiction
9780448437699,0448437694,Isabelle's Perfect Performance,Alexandra Moss,Juvenile Fiction,http://books.google.com/books/content?id=mSBCAAAACAAJ&printsec=frontcover&img=1&zoom=1&source=gbs_api,"In their second term at the Royal Ballet School, Ellie and her friends prepare for an important appraisal of their dancing while also trying to get along with Isabelle, an unfriendly new girl.",2005.0,4.05,144.0,124.0,Isabelle's Perfect Performance,"9780448437699 In their second term at the Royal Ballet School, Ellie and her friends prepare for an important appraisal of their dancing while also trying to get along with Isabelle, an unfriendly new girl.",Children's Fiction
9780448444826,0448444828,Who Was Anne Frank?,Ann Abramson,Juvenile Nonfiction,http://books.google.com/books/content?id=Bz37nhfyjygC&printsec=frontcover&img=1&zoom=1&source=gbs_api,"Looks closely at Anne Frank's life before the secret annex, what life was like in hiding from the Nazis, and the legacy of her diary.",2007.0,4.26,103.0,1763.0,Who Was Anne Frank?,"9780448444826 Looks closely at Anne Frank's life before the secret annex, what life was like in hiding from the Nazis, and the legacy of her diary.",Children's Nonfiction
9780449001240,0449001245,Naked Came the Manatee,Carl Hiaasen;Dave Barry;Elmore Leonard,Fiction,http://books.google.com/books/content?id=2QYdvjKMQy8C&printsec=frontcover&img=1&zoom=1&source=gbs_api,"A story of suspense written serially by thirteen Florida writers--including Dave Barry, Carl Hiaasen, and Elmore Leonard--features such strange occurances as a riot in Coconut Grove and an appearance by Fidel Castro.",1998.0,3.49,208.0,2253.0,Naked Came the Manatee,"9780449001240 A story of suspense written serially by thirteen Florida writers--including Dave Barry, Carl Hiaasen, and Elmore Leonard--features such strange occurances as a riot in Coconut Grove and an appearance by Fidel Castro.",Fiction
9780449002988,0449002985,Your Oasis on Flame Lake,Lorna Landvik,Fiction,http://books.google.com/books/content?id=75ZUoDVs6XUC&printsec=frontcover&img=1&zoom=1&source=gbs_api,"In the sleepy town of White Falls, Minnesota, Cadillac salesman Dick Lindstrom realizes his dream when he opens Your Oasis on Flame Lake, a tiny cabaret club in his tastefully furnished basement",1998.0,3.59,320.0,2140.0,Your Oasis on Flame Lake,"9780449002988 In the sleepy town of White Falls, Minnesota, Cadillac salesman Dick Lindstrom realizes his dream when he opens Your Oasis on Flame Lake, a tiny cabaret club in his tastefully furnished basement",Fiction
9780449221396,0449221393,Driving Force,Dick Francis,Fiction,http://books.google.com/books/content?id=I2s25y1doC4C&printsec=frontcover&img=1&zoom=1&source=gbs_api,"When a hitchhiker picked up by one of his drivers is later found murdered, ex-jockey Freddie Croft, the owner of a profitable fleet of horse vans, is drawn into the mystery.",1993.0,3.96,384.0,2548.0,Driving Force,"9780449221396 When a hitchhiker picked up by one of his drivers is later found murdered, ex-jockey Freddie Croft, the owner of a profitable fleet of horse vans, is drawn into the mystery.",Fiction
9780449702024,0449702022,Winter of Magic's Return,Pamela F. Service,Fantasy.,,"In a time five hundred years after a nuclear holocaust, Wellington, Earl, and Heather become convinced that a new age of magic is on the way and set out to right the world's wrongs.",1986.0,4.25,194.0,227.0,Winter of Magic's Return,"9780449702024 In a time five hundred years after a nuclear holocaust, Wellington, Earl, and Heather become convinced that a new age of magic is on the way and set out to right the world's wrongs.",Nonfiction
9780449908402,0449908402,The Dragon Doesn't Live Here Anymore,Alan Cohen,"Body, Mind & Spirit",http://books.google.com/books/content?id=xHx0me5kLxwC&printsec=frontcover&img=1&zoom=1&source=gbs_api,The author of Dare to Be Yourself presents a series of illuminating essays designed to assist readers on a journey toward spiritual enlightenment and fulfilling self-discovery. Reprint.,1993.0,4.27,416.0,165.0,"The Dragon Doesn't Live Here Anymore: Loving Fully, Living Freely",9780449908402 The author of Dare to Be Yourself presents a series of illuminating essays designed to assist readers on a journey toward spiritual enlightenment and fulfilling self-discovery. Reprint.,Nonfiction
9780449911891,0449911896,The Tin Can Tree,Anne Tyler,Fiction,http://books.google.com/books/content?id=diHuC95PuLkC&printsec=frontcover&img=1&zoom=1&source=gbs_api,"Following the tragic accidental death of six-year-old Janie Rose, members of the Pike family, including her ten-year-old brother Simon, confront their grief in their own ways. Reader's Guide included. Reissue. 20,000 first printing.",1996.0,3.6,264.0,2325.0,The Tin Can Tree,"9780449911891 Following the tragic accidental death of six-year-old Janie Rose, members of the Pike family, including her ten-year-old brother Simon, confront their grief in their own ways. Reader's Guide included. Reissue. 20,000 first printing.",Fiction
9780451160522,0451160525,The Gunslinger,Stephen King,Fiction,http://books.google.com/books/content?id=6wJGxwEACAAJ&printsec=frontcover&img=1&zoom=1&source=gbs_api,"Roland, the world's last gunslinger, tracks an enigmatic Man in Black toward a forbidding dark tower, fighting forces both mortal and other-worldly on his quest. Reissue.",1982.0,3.96,315.0,1826.0,The Gunslinger,"9780451160522 Roland, the world's last gunslinger, tracks an enigmatic Man in Black toward a forbidding dark tower, fighting forces both mortal and other-worldly on his quest. Reissue.",Fiction
9780451168610,0451168615,Skeleton Crew,Stephen King,Fiction,http://books.google.com/books/content?id=AAsZqx_jQpIC&printsec=frontcover&img=1&zoom=1&source=gbs_api,Age-old images of fear fuse with the iconography of contemporary American life in this collection of twenty-two horror tales by the grandmaster of the genre. Reissue.,1986.0,3.95,566.0,1857.0,Skeleton Crew,9780451168610 Age-old images of fear fuse with the iconography of contemporary American life in this collection of twenty-two horror tales by the grandmaster of the genre. Reissue.,Fiction
9780451170118,0451170113,Night Shift,Stephen King,Fiction,http://books.google.com/books/content?id=jIQL9IxsU_sC&printsec=frontcover&img=1&zoom=1&source=gbs_api,"Twenty stories of horror and nightmarish fantasy transform everyday situations into experiences of compelling terror in the worlds of the living, the dying, and the nonliving",1978.0,3.99,326.0,1273.0,Night Shift,"9780451170118 Twenty stories of horror and nightmarish fantasy transform everyday situations into experiences of compelling terror in the worlds of the living, the dying, and the nonliving",Fiction
9780451188458,0451188454,The Bone Collector,Jeffery Deaver,Fiction,http://books.google.com/books/content?id=eA7YPtfG1a0C&printsec=frontcover&img=1&zoom=1&source=gbs_api,"Look who's back to chill readers to the bone... The first novel featuring Detective Lincoln Rhyme, from the New York Times bestselling author of The Stone Monkey.",1998.0,4.19,528.0,132188.0,The Bone Collector,"9780451188458 Look who's back to chill readers to the bone... The first novel featuring Detective Lincoln Rhyme, from the New York Times bestselling author of The Stone Monkey.",Fiction
9780451194862,0451194861,Wizard and Glass,,Fiction,http://books.google.com/books/content?id=gAkYfIpKVVUC&printsec=frontcover&img=1&zoom=1&source=gbs_api,"While Roland the Gunslinger and his companions leap between worlds, he relates his experiences with the elusive, powerful emotion of love in a journey into his own past",1998.0,4.25,702.0,864.0,Wizard and Glass,"9780451194862 While Roland the Gunslinger and his companions leap between worlds, he relates his experiences with the elusive, powerful emotion of love in a journey into his own past",Fiction
9780451203267,0451203267,The Stranger Beside Me,Ann Rule,True Crime,http://books.google.com/books/content?id=H1vTjY_9R4YC&printsec=frontcover&img=1&zoom=1&source=gbs_api,"From the perspective of the former policewoman, crime writer, and unknowing personal friend, tells the story of Ted Bundy, a brilliant law student executed for killing three women, who confessed to killing thirty-five others.",2001.0,4.14,550.0,47930.0,The Stranger Beside Me,"9780451203267 From the perspective of the former policewoman, crime writer, and unknowing personal friend, tells the story of Ted Bundy, a brilliant law student executed for killing three women, who confessed to killing thirty-five others.",Nonfiction
9780451207142,0451207149,The pillars of the earth,Ken Follett,Fiction,http://books.google.com/books/content?id=HdTZAAAAMAAJ&printsec=frontcover&img=1&zoom=1&source=gbs_api,"A story of passion and idealism, which describes a group of men and women in the Middle Ages whosedestinies are fatefully linked with the building of a cathedral.",2002.0,4.31,973.0,530446.0,The pillars of the earth,"9780451207142 A story of passion and idealism, which describes a group of men and women in the Middle Ages whosedestinies are fatefully linked with the building of a cathedral.",Fiction
9780451208644,0451208641,Black Like Me,John Howard Griffin,Biography & Autobiography,http://books.google.com/books/content?id=sFhLPgAACAAJ&printsec=frontcover&img=1&zoom=1&source=gbs_api,A white writer recounts his experiences in the American South following treatments that darkened his skin and shares his thoughts on the problems of prejudice and racial injustice.,1996.0,4.13,208.0,52092.0,Black Like Me,9780451208644 A white writer recounts his experiences in the American South following treatments that darkened his skin and shares his thoughts on the problems of prejudice and racial injustice.,Nonfiction
9780451208705,0451208706,The Man from St. Petersburg,Ken Follett,Fiction,http://books.google.com/books/content?id=dTA7DwAAQBAJ&printsec=frontcover&img=1&zoom=1&source=gbs_api,"Just before World War I, two men--one a noble Russian emissary, the other a denizen of Europe's underground--set in motion a concatenation of world-shaking, ultimately fatal events.",2003.0,3.87,320.0,15320.0,The Man from St. Petersburg,"9780451208705 Just before World War I, two men--one a noble Russian emissary, the other a denizen of Europe's underground--set in motion a concatenation of world-shaking, ultimately fatal events.",Fiction
9780451210555,0451210557,No Second Chance,Harlan Coben,Fiction,http://books.google.com/books/content?id=0CQtDwAAQBAJ&printsec=frontcover&img=1&zoom=1&source=gbs_api,"Shot twice by an unseen assailant, Dr. Marc Seidman lies in a hospital bed. His wife has been killed. His baby daughter has vanished. Then the ransom note arrives.",2004.0,4.07,452.0,21141.0,No Second Chance,"9780451210555 Shot twice by an unseen assailant, Dr. Marc Seidman lies in a hospital bed. His wife has been killed. His baby daughter has vanished. Then the ransom note arrives.",Fiction
9780451210845,0451210840,The Gunslinger,,Fiction,http://books.google.com/books/content?id=X7ZJaea0P7cC&printsec=frontcover&img=1&zoom=1&source=gbs_api,"Roland, the world's last gunslinger, tracks an enigmatic Man in Black toward a forbidding dark tower, fighting forces both mortal and other-worldly on his quest",2003.0,3.96,300.0,5740.0,The Gunslinger,"9780451210845 Roland, the world's last gunslinger, tracks an enigmatic Man in Black toward a forbidding dark tower, fighting forces both mortal and other-worldly on his quest",Fiction
9780451210852,0451210859,The Drawing of the Three,Stephen King,Fiction,http://books.google.com/books/content?id=78jqOFNt1ocC&printsec=frontcover&img=1&zoom=1&source=gbs_api,Roland is drawn through a gateway of time and space into the drug-and-crime-ridden world of the twentieth-century to battle a dark power determined to prevent his search for the Dark Tower.,2003.0,4.23,463.0,163647.0,The Drawing of the Three,9780451210852 Roland is drawn through a gateway of time and space into the drug-and-crime-ridden world of the twentieth-century to battle a dark power determined to prevent his search for the Dark Tower.,Fiction
9780451215772,045121577X,The Innocent,Harlan Coben,Fiction,http://books.google.com/books/content?id=htnPvgEACAAJ&printsec=frontcover&img=1&zoom=1&source=gbs_api,"Years after being released from jail, Matt Hunter's hopes of moving on with his pregnant wife are shattered when he becomes the focus of a serial murder investigation.",2006.0,3.96,503.0,20470.0,The Innocent,"9780451215772 Years after being released from jail, Matt Hunter's hopes of moving on with his pregnant wife are shattered when he becomes the focus of a serial murder investigation.",Fiction
9780451217608,0451217608,Bitter is the New Black,Jen Lancaster,Biography & Autobiography,http://books.google.com/books/content?id=p-fEDwAAQBAJ&printsec=frontcover&img=1&zoom=1&source=gbs_api,"A hilarious memoir chronicles the adventures and misadventures of a woman whose perfect life, perfect job, and perfect man vanish when she goes from a six-figures career to unemployment. Original.",2006.0,3.9,400.0,43933.0,"Bitter is the New Black: Confessions of a Condescending, Egomaniacal, Self-centered Smart-ass, Or, why You Should Never Carry a Prada Bag to the Unemployment Office : a Memoir","9780451217608 A hilarious memoir chronicles the adventures and misadventures of a woman whose perfect life, perfect job, and perfect man vanish when she goes from a six-figures career to unemployment. Original.",Nonfiction
9780451217769,0451217764,A Certain Justice,John T. Lescroart,Fiction,http://books.google.com/books/content?id=YKLZ6QLkkVEC&printsec=frontcover&img=1&zoom=1&source=gbs_api,"A novel that examines the nature of justice--and injustice--follows an ordinary man who, through no fault of his own, is hounded, hunted, and almost destroyed for a crime he did not commit.",2006.0,4.0,624.0,2921.0,A Certain Justice,"9780451217769 A novel that examines the nature of justice--and injustice--follows an ordinary man who, through no fault of his own, is hounded, hunted, and almost destroyed for a crime he did not commit.",Fiction
9780451411617,0451411617,Jerusalem Inn,Martha Grimes,Fiction,http://books.google.com/books/content?id=4eeMF4ULOkEC&printsec=frontcover&img=1&zoom=1&source=gbs_api,"Superintendent Richard Jury of Scotland Yard spends his Christmas holiday at a colorful country inn near a vast estate inhabited by the titled, the rich, the famous, and, suddenly, the deceased. Reprint.",2004.0,3.96,320.0,3429.0,Jerusalem Inn,"9780451411617 Superintendent Richard Jury of Scotland Yard spends his Christmas holiday at a colorful country inn near a vast estate inhabited by the titled, the rich, the famous, and, suddenly, the deceased. Reprint.",Fiction
9780451412102,0451412109,Vulcan's Forge,Jack Du Brul,Fiction,http://books.google.com/books/content?id=7ApaxBjBnicC&printsec=frontcover&img=1&zoom=1&source=gbs_api,The dramatic eruption of a volcano in the Pacific Ocean results in a world-wide battle for domination when it becomes obvious that Vulcan's Forge can provide a limitless supply of clean nuclear energy.,2005.0,3.99,372.0,3296.0,Vulcan's Forge,9780451412102 The dramatic eruption of a volcano in the Pacific Ocean results in a world-wide battle for domination when it becomes obvious that Vulcan's Forge can provide a limitless supply of clean nuclear energy.,Fiction
9780451452580,0451452585,Dealing in Futures,Joe Haldeman,Fiction,http://books.google.com/books/content?id=Y5sBAAAACAAJ&printsec=frontcover&img=1&zoom=1&source=gbs_api,"This collection contains eleven of the author's finest stories, ranging from faraway planets beyond human comprehension to a nightmare future Earth. By the author of The Forever War. Original.",1993.0,3.72,352.0,185.0,Dealing in Futures,"9780451452580 This collection contains eleven of the author's finest stories, ranging from faraway planets beyond human comprehension to a nightmare future Earth. By the author of The Forever War. Original.",Fiction
9780451454249,0451454243,The Forest House,Marion Zimmer Bradley,Fiction,http://books.google.com/books/content?id=68RD0_Io7S0C&printsec=frontcover&img=1&zoom=1&source=gbs_api,"In a tale set in Druidic England, Eilan feels torn between her love for a young Roman soldier and her inner need to become a priestess for her Goddess",1995.0,3.86,462.0,14898.0,The Forest House,"9780451454249 In a tale set in Druidic England, Eilan feels torn between her love for a young Roman soldier and her inner need to become a priestess for her Goddess",Fiction
9780451456816,0451456815,Not of Woman Born,Constance Ash;Robert A. Silverberg,Fiction,http://books.google.com/books/content?id=nOEIAAAACAAJ&printsec=frontcover&img=1&zoom=1&source=gbs_api,"A collection of stories that detail modern science's effect on humankind's notions of conception, birth, and parenting includes contributions from Michael Armstrong, Robert Silverberg, Susan Palwick, and others",1999.0,3.8,288.0,59.0,Not of Woman Born,"9780451456816 A collection of stories that detail modern science's effect on humankind's notions of conception, birth, and parenting includes contributions from Michael Armstrong, Robert Silverberg, Susan Palwick, and others",Fiction
9780451461636,0451461630,Thin Air,Rachel Caine,Fiction,http://books.google.com/books/content?id=kzuPoTva2bsC&printsec=frontcover&img=1&zoom=1&source=gbs_api,"After Weather Warden Joanne Baldwin prevents Mother Earth from destroying the planet, she struggles to recover her identity after losing her memories at the hands of a vengeful jinn.",2007.0,3.96,307.0,5824.0,Thin Air,"9780451461636 After Weather Warden Joanne Baldwin prevents Mother Earth from destroying the planet, she struggles to recover her identity after losing her memories at the hands of a vengeful jinn.",Fiction
9780451527400,0451527402,Beowulf,Burton Raffel,Fiction,http://books.google.com/books/content?id=CcMDLQSuecIC&printsec=frontcover&img=1&zoom=1&source=gbs_api,The oldest extant poem in a modern European language chronicles a feudal newly Christianized world still populated by the monsters and demons of the ancient world. Reprint.,1999.0,3.43,160.0,2735.0,Beowulf: The British tradition,9780451527400 The oldest extant poem in a modern European language chronicles a feudal newly Christianized world still populated by the monsters and demons of the ancient world. Reprint.,Fiction
9780451527882,0451527887,The Hunchback of Notre-Dame,Victor Hugo;Walter J. Cobb,Fiction,http://books.google.com/books/content?id=xDgIhiqgHdIC&printsec=frontcover&img=1&zoom=1&source=gbs_api,"In the famed novel set against the backdrop of medieval Paris, Quasimodo, the hunchbacked bellringer of Notre-Dame Cathedral, struggles to save the beautiful gypsy dancer Esmeralda from being unjustly executed. Reissue.",2001.0,3.99,510.0,136349.0,The Hunchback of Notre-Dame,"9780451527882 In the famed novel set against the backdrop of medieval Paris, Quasimodo, the hunchbacked bellringer of Notre-Dame Cathedral, struggles to save the beautiful gypsy dancer Esmeralda from being unjustly executed. Reissue.",Fiction
9780451527929,0451527925,Paradise Lost and Paradise Regained,John Milton,Poetry,http://books.google.com/books/content?id=BdQYA3-EhmkC&printsec=frontcover&img=1&zoom=1&source=gbs_api,"Presents the complete texts of the seventeenth-century English poet's two great epic poems about creation, fall, and redemption of humankind and the moral and spiritual dilemmas of God's judgment. Reprint.",2001.0,4.08,357.0,320.0,Paradise Lost and Paradise Regained,"9780451527929 Presents the complete texts of the seventeenth-century English poet's two great epic poems about creation, fall, and redemption of humankind and the moral and spiritual dilemmas of God's judgment. Reprint.",Fiction
9780451528018,0451528018,The Hound of the Baskervilles,Arthur Conan Doyle,Fiction,http://books.google.com/books/content?id=VM5J5_0wW8AC&printsec=frontcover&img=1&zoom=1&source=gbs_api,Sir Charles Baskerville's sudden heart attack and death have the townspeople in shock and searching for the one to blame--the family dog--while Sherlock Holmes leads the investigation.,2001.0,4.1,256.0,178632.0,The Hound of the Baskervilles,9780451528018 Sir Charles Baskerville's sudden heart attack and death have the townspeople in shock and searching for the one to blame--the family dog--while Sherlock Holmes leads the investigation.,Fiction
9780451528209,0451528204,Madame Bovary,Gustave Flaubert;Mildred Marmur,Fiction,http://books.google.com/books/content?id=t_Q_TncPS1UC&printsec=frontcover&img=1&zoom=1&source=gbs_api,"An ordinary woman's unfulfilled dreams of romantic love lead her to a series of desperate acts, including adultery, in a classic novel set against the backdrop of nineteenth-century bourgeois France. Reissue.",2001.0,3.66,448.0,468.0,Madame Bovary,"9780451528209 An ordinary woman's unfulfilled dreams of romantic love lead her to a series of desperate acts, including adultery, in a classic novel set against the backdrop of nineteenth-century bourgeois France. Reissue.",Fiction
9780451528308,0451528301,Ten Great Works of Philosophy,Robert Paul Wolff,Fiction,http://books.google.com/books/content?id=uMxnFS4jS88C&printsec=frontcover&img=1&zoom=1&source=gbs_api,"From ancient Greece to 19th-century America, this collection traces the history of civilization through the seminal works of its most influential thinkers including Plato, Aristotle, St. Thomas Aquinas, John Stuart Mill, and others.",2002.0,3.82,592.0,85.0,Ten Great Works of Philosophy,"9780451528308 From ancient Greece to 19th-century America, this collection traces the history of civilization through the seminal works of its most influential thinkers including Plato, Aristotle, St. Thomas Aquinas, John Stuart Mill, and others.",Fiction
9780451528520,0451528522,The Invisible Man,Herbert George Wells,Fiction,http://books.google.com/books/content?id=pGDCwAEACAAJ&printsec=frontcover&img=1&zoom=1&source=gbs_api,"A scientist who has discovered a way to make himself invisible unleashes his growing madness and frustrations by terrorizing a small town, in a new edition of the science fiction classic. Reprint.",2002.0,3.63,192.0,101659.0,The Invisible Man,"9780451528520 A scientist who has discovered a way to make himself invisible unleashes his growing madness and frustrations by terrorizing a small town, in a new edition of the science fiction classic. Reprint.",Fiction
9780451528643,0451528646,"The Adventures of Tom Sawyer, And, Adventures of Huckleberry Finn",Mark Twain,Fiction,http://books.google.com/books/content?id=hrQMxsCJIAoC&printsec=frontcover&img=1&zoom=1&source=gbs_api,"A new edition of two popular American novels presents Twain's classic works depicting the youthful escapades of two boys living along the Mississippi, accompanied by an updated bibliography and a new introduction. Reprint.",2002.0,4.08,520.0,32742.0,"The Adventures of Tom Sawyer, And, Adventures of Huckleberry Finn","9780451528643 A new edition of two popular American novels presents Twain's classic works depicting the youthful escapades of two boys living along the Mississippi, accompanied by an updated bibliography and a new introduction. Reprint.",Fiction
9780451530097,0451530098,Pygmalion,Bernard Shaw;Alan Jay Lerner,Fiction,http://books.google.com/books/content?id=3Q9XQwAACAAJ&printsec=frontcover&img=1&zoom=1&source=gbs_api,"Accompanied by the adaptation and lyrics of the Broadway play ""My Fair Lady,"" this play follows Professor Henry Higgins as he transforms a rough-hewn girl into a sophisticated lady of society.",1980.0,4.25,240.0,14709.0,Pygmalion: A Romance in Five Acts,"9780451530097 Accompanied by the adaptation and lyrics of the Broadway play ""My Fair Lady,"" this play follows Professor Henry Higgins as he transforms a rough-hewn girl into a sophisticated lady of society.",Fiction
9780451530370,0451530373,"Chekhov, the Major Plays",Anton Pavlovich Chekhov,Drama,http://books.google.com/books/content?id=RvdPAAAACAAJ&printsec=frontcover&img=1&zoom=1&source=gbs_api,"This volume includes the classic plays Ivanov (1889), The Sea Gull (1896), Uncle Vanya (1902), Three Sisters (1901), and The Cherry Orchard (1904); each a masterwork of naturalistic drama.",2006.0,4.18,406.0,94.0,"Chekhov, the Major Plays","9780451530370 This volume includes the classic plays Ivanov (1889), The Sea Gull (1896), Uncle Vanya (1902), Three Sisters (1901), and The Cherry Orchard (1904); each a masterwork of naturalistic drama.",Fiction
9780452156616,0452156610,Sleeping Beauty Novels,A.N. Roquelaure,Fiction,http://books.google.com/books/content?id=Z6AvGQAACAAJ&printsec=frontcover&img=1&zoom=1&source=gbs_api,"Celebrate the daring gifts of Anne Rice, writing as A. N. Roquelaure, with this beautifully repackaged boxed set of the three erotic novels in her acclaimed Sleeping Beauty trilogy.",1999.0,3.99,724.0,10728.0,Sleeping Beauty Novels,"9780452156616 Celebrate the daring gifts of Anne Rice, writing as A. N. Roquelaure, with this beautifully repackaged boxed set of the three erotic novels in her acclaimed Sleeping Beauty trilogy.",Fiction
9780452253803,0452253802,Stephen King's Creepshow,Stephen King;Berni Wrightson;Michele Wrightson,Fiction,http://books.google.com/books/content?id=nsOHOgAACAAJ&printsec=frontcover&img=1&zoom=1&source=gbs_api,"Stories in comic strip form tell of a murdered man returning from the grave, a bizarre meteor, a monster that devours people, a husband's terrible revenge, and a plague of cockroaches",1982.0,4.07,66.0,33816.0,Stephen King's Creepshow: A George A. Romero Film,"9780452253803 Stories in comic strip form tell of a murdered man returning from the grave, a bizarre meteor, a monster that devours people, a husband's terrible revenge, and a plague of cockroaches",Fiction
9780452260115,0452260116,Song of Solomon,Toni Morrison,Fiction,http://books.google.com/books/content?id=-FDBtB705qcC&printsec=frontcover&img=1&zoom=1&source=gbs_api,This novel takes readers into a magical and richly peopled world which encompasses four generations of African American life. Copyright © Libri GmbH. All rights reserved.,1987.0,4.04,337.0,1647.0,Song of Solomon,9780452260115 This novel takes readers into a magical and richly peopled world which encompasses four generations of African American life. Copyright © Libri GmbH. All rights reserved.,Fiction
9780452265813,0452265819,"Because it is Bitter, and Because it is My Heart",Joyce Carol Oates,Fiction,http://books.google.com/books/content?id=XucKBeVujdUC&printsec=frontcover&img=1&zoom=1&source=gbs_api,A white woman and a black woman in upstate New York during the 1950s are strangely and fatefully linked when one witnesses a murderous street fight in which the other is involved,1991.0,3.89,416.0,2631.0,"Because it is Bitter, and Because it is My Heart",9780452265813 A white woman and a black woman in upstate New York during the 1950s are strangely and fatefully linked when one witnesses a murderous street fight in which the other is involved,Fiction
9780452268180,0452268184,When Food is Love,Geneen Roth,Family & Relationships,http://books.google.com/books/content?id=ICute3VbMQcC&printsec=frontcover&img=1&zoom=1&source=gbs_api,"An examination of the link between eating disorders and the need for intimacy explains how eating disorders sabotage intimate relationships and why many people overeat to satisfy their emotional hunger. Reprint. 50,000 first printing.",1992.0,4.04,224.0,1474.0,When Food is Love: Exploring the Relationship Between Eating and Intimacy,"9780452268180 An examination of the link between eating disorders and the need for intimacy explains how eating disorders sabotage intimate relationships and why many people overeat to satisfy their emotional hunger. Reprint. 50,000 first printing.",Nonfiction
9780452273085,0452273080,For Keeps,Pauline Kael,Performing Arts,http://books.google.com/books/content?id=2HlVPwAACAAJ&printsec=frontcover&img=1&zoom=1&source=gbs_api,"A collection of film reviews, most of them originally published in the ""New Yorker,"" selected from the author's previous collections, covers movies from ""Hud"" to ""Dances with Wolves""",1996.0,4.47,1312.0,360.0,For Keeps,"9780452273085 A collection of film reviews, most of them originally published in the ""New Yorker,"" selected from the author's previous collections, covers movies from ""Hud"" to ""Dances with Wolves""",Fiction
9780452277243,0452277248,Man Crazy,Joyce Carol Oates,Fiction,http://books.google.com/books/content?id=UqbTsoto9QQC&printsec=frontcover&img=1&zoom=1&source=gbs_api,Follows a young woman from her early life on the run with her mother to her involvement with a cult and her struggle to free herself of its influence over her,1998.0,3.39,282.0,118.0,Man Crazy: A Novel,9780452277243 Follows a young woman from her early life on the run with her mother to her involvement with a cult and her struggle to free herself of its influence over her,Fiction
9780452281257,0452281253,Anthem,Ayn Rand,Fiction,http://books.google.com/books/content?id=Z2s-PgAACAAJ&printsec=frontcover&img=1&zoom=1&source=gbs_api,"In a future world where all individuality has been crushed, a man--Equality 7-2521--dares to defy the ideals of collectivism, make personal choices, seek forbidden knowledge, and love the woman he desires.",1999.0,3.63,105.0,106642.0,Anthem,"9780452281257 In a future world where all individuality has been crushed, a man--Equality 7-2521--dares to defy the ideals of collectivism, make personal choices, seek forbidden knowledge, and love the woman he desires.",Fiction
9780452281325,0452281326,The Feeling Good Handbook,David D. Burns,Psychology,http://books.google.com/books/content?id=akVIQFz0Cx4C&printsec=frontcover&img=1&zoom=1&source=gbs_api,"Discusses how to overcome fears, phobias, and panic attacks; improve intimate communication, and cope with anxiety disorders, and includes information about commonly prescribed psychiatric drugs",1999.0,4.0,729.0,4666.0,The Feeling Good Handbook,"9780452281325 Discusses how to overcome fears, phobias, and panic attacks; improve intimate communication, and cope with anxiety disorders, and includes information about commonly prescribed psychiatric drugs",Nonfiction
9780452282094,0452282098,City of God,E. L. Doctorow,Fiction,http://books.google.com/books/content?id=yT9aAAAAYAAJ&printsec=frontcover&img=1&zoom=1&source=gbs_api,The theft and mysterious reappearance of a cross from a Manhattan church precipitates a hunt for the culprits that will soon uncover a strange prophecy about a rebirth of the United States. Reprint.,2001.0,3.41,272.0,2315.0,City of God: a novel,9780452282094 The theft and mysterious reappearance of a cross from a Manhattan church precipitates a hunt for the culprits that will soon uncover a strange prophecy about a rebirth of the United States. Reprint.,Fiction
9780452282193,0452282195,The Bluest Eye,Toni Morrison,Fiction,http://books.google.com/books/content?id=Nny9cICuRQIC&printsec=frontcover&img=1&zoom=1&source=gbs_api,The story of Pecola Breedlove profiles an eleven-year-old Black girl growing up in an America that values blue-eyed blondes and the tragedy that results from her longing to be accepted.,1994.0,4.0,216.0,3262.0,The Bluest Eye,9780452282193 The story of Pecola Breedlove profiles an eleven-year-old Black girl growing up in an America that values blue-eyed blondes and the tragedy that results from her longing to be accepted.,Fiction
9780452282827,0452282829,We Were the Mulvaneys,Joyce Carol Oates,Fiction,http://books.google.com/books/content?id=FBtVGkViY7cC&printsec=frontcover&img=1&zoom=1&source=gbs_api,"The Mulvaneys, at first a close and very lucky family, drift apart over the years, until the youngest son, Judd, discovers the secret of their downfall and sets out to help reunite the family",1996.0,3.72,454.0,83736.0,We Were the Mulvaneys,"9780452282827 The Mulvaneys, at first a close and very lucky family, drift apart over the years, until the youngest son, Judd, discovers the secret of their downfall and sets out to help reunite the family",Fiction
9780452284234,0452284236,1984,George Orwell,London (England),http://books.google.com/books/content?id=Ocq6hABFxOEC&printsec=frontcover&img=1&zoom=1&source=gbs_api,"Portrays a terrifying vision of life in the future when a totalitarian government, considered a ""Negative Utopia,"" watches over all citizens and directs all activities, becoming more powerful as time goes by.",2003.0,4.17,339.0,9298.0,1984,"9780452284234 Portrays a terrifying vision of life in the future when a totalitarian government, considered a ""Negative Utopia,"" watches over all citizens and directs all activities, becoming more powerful as time goes by.",Fiction
9780452284982,0452284988,A Long Short War,Christopher Hitchens,Political Science,http://books.google.com/books/content?id=Oc9laDDP6M8C&printsec=frontcover&img=1&zoom=1&source=gbs_api,"Presents an eyewitness account of the 2003 war in Iraq while arguing that the war actually began in 1990 when Saddam Hussein invaded Kuwait, and discusses how the conflict has divided public opinion.",2002.0,3.74,112.0,363.0,A Long Short War: The Postponed Liberation of Iraq,"9780452284982 Presents an eyewitness account of the 2003 war in Iraq while arguing that the war actually began in 1990 when Saddam Hussein invaded Kuwait, and discusses how the conflict has divided public opinion.",Nonfiction
9780452286030,0452286034,Bitten,Kelley Armstrong,Fiction,http://books.google.com/books/content?id=HoU1H7g0sCgC&printsec=frontcover&img=1&zoom=1&source=gbs_api,"On the eve of her marriage, Elena Michaels learns that her fiance has been concealing his secret life as a werewolf, and, as a bonus, he has made her into one also.",2004.0,4.05,436.0,77935.0,Bitten,"9780452286030 On the eve of her marriage, Elena Michaels learns that her fiance has been concealing his secret life as a werewolf, and, as a bonus, he has made her into one also.",Fiction
9780452287068,0452287065,The Bluest Eye,Toni Morrison,Fiction,http://books.google.com/books/content?id=-f5TPgAACAAJ&printsec=frontcover&img=1&zoom=1&source=gbs_api,"To commemorate Morrison's winning the Nobel Prize for Literature, Knopf here republishes her full canon of novels. This edition of ""The Bluest Eye"" (1970) contains a new afterword by the author.",2005.0,4.01,216.0,121960.0,The Bluest Eye,"9780452287068 To commemorate Morrison's winning the Nobel Prize for Literature, Knopf here republishes her full canon of novels. This edition of ""The Bluest Eye"" (1970) contains a new afterword by the author.",Fiction
9780465014873,0465014879,Crime And Punishment In American History,Lawrence Friedman,Law,http://books.google.com/books/content?id=ynzODQAAQBAJ&printsec=frontcover&img=1&zoom=1&source=gbs_api,"A history of the criminal justice system from colonial times to the present argues that the evolution of the criminal justice system has reflected transformations in American culture, economics, politics, and social structure",1994.0,3.89,590.0,108.0,Crime And Punishment In American History,"9780465014873 A history of the criminal justice system from colonial times to the present argues that the evolution of the criminal justice system has reflected transformations in American culture, economics, politics, and social structure",Nonfiction
9780465024964,0465024963,The Classical World,Robin Lane Fox,History,http://books.google.com/books/content?id=Srhcjy8JTaEC&printsec=frontcover&img=1&zoom=1&source=gbs_api,"Armies and empires, statesmen and tyrants--the acclaimed historian Robin Lane Fox vividly recounts the history of two great civilizations and one thousand years that forged the Western world",2005.0,3.92,672.0,1222.0,The Classical World: An Epic History from Homer to Hadrian,"9780465024964 Armies and empires, statesmen and tyrants--the acclaimed historian Robin Lane Fox vividly recounts the history of two great civilizations and one thousand years that forged the Western world",Nonfiction
9780465092758,0465092756,Not Even Wrong,Peter Woit,Science,http://books.google.com/books/content?id=pcJA3i0xKAUC&printsec=frontcover&img=1&zoom=1&source=gbs_api,Has physics gone off in the wrong direction? Peter Woit presents the other side of the growing debate on string theory--arguing that it's not even science,2006.0,3.93,291.0,1447.0,Not Even Wrong: The Failure of String Theory and the Search for Unity in Physical Law,9780465092758 Has physics gone off in the wrong direction? Peter Woit presents the other side of the growing debate on string theory--arguing that it's not even science,Nonfiction
9780472064847,0472064843,Feminist Measures,Lynn Keller;Cristanne Miller,Social Science,http://books.google.com/books/content?id=KADTtlj82WIC&printsec=frontcover&img=1&zoom=1&edge=curl&source=gbs_api,"Explores the role of gender in poetic production, the tensions between poetry and contemporary literary theory, and the fluid boundaries between theoretical and literary writing.",1994.0,4.4,424.0,5.0,Feminist Measures: Soundings in Poetry and Theory,"9780472064847 Explores the role of gender in poetic production, the tensions between poetry and contemporary literary theory, and the fluid boundaries between theoretical and literary writing.",Nonfiction
9780486212326,0486212327,Three Graphic Novels,E.F. Bleiler,Fiction,http://books.google.com/books/content?id=eUPpDQAAQBAJ&printsec=frontcover&img=1&zoom=1&edge=curl&source=gbs_api,THE CASTLE OF OTRANTO BY HORACE WALPOLE; VATHEK BY WILLIAM BECKFORD; THE VAMPYRE BY JOHN POLIDORI; AND A FRAGMENT OF A NOVEL BY LORD BYRON.,1966.0,3.75,291.0,225.0,Three Graphic Novels,9780486212326 THE CASTLE OF OTRANTO BY HORACE WALPOLE; VATHEK BY WILLIAM BECKFORD; THE VAMPYRE BY JOHN POLIDORI; AND A FRAGMENT OF A NOVEL BY LORD BYRON.,Fiction
9780486264738,0486264734,Bartleby and Benito Cereno,Herman Melville,Fiction,http://books.google.com/books/content?id=L-shDgAAQBAJ&printsec=frontcover&img=1&zoom=1&edge=curl&source=gbs_api,"Two classics in one volume: ""Bartleby,"" a disturbing moral allegory set in 19th-century New York, and ""Benito Cereno,"" a gripping sea adventure that probes the nature of man's depravity.",1990.0,3.8,112.0,2107.0,Bartleby and Benito Cereno,"9780486264738 Two classics in one volume: ""Bartleby,"" a disturbing moral allegory set in 19th-century New York, and ""Benito Cereno,"" a gripping sea adventure that probes the nature of man's depravity.",Fiction
9780486276809,0486276805,The Secret Garden Coloring Book,Frances Hodgson Burnett,Juvenile Nonfiction,http://books.google.com/books/content?id=sxHdAwAAQBAJ&printsec=frontcover&img=1&zoom=1&edge=curl&source=gbs_api,Ten-year-old Mary comes to live in a lonely house on the Yorkshire moors and discovers an invalid cousin and the mysteries of a locked garden.,2014.0,4.25,48.0,4.0,The Secret Garden Coloring Book,9780486276809 Ten-year-old Mary comes to live in a lonely house on the Yorkshire moors and discovers an invalid cousin and the mysteries of a locked garden.,Children's Nonfiction
9780486280233,0486280233,The Adventures of Jimmy Skunk,Thornton W. Burgess;Harrison Cady;Thea Kliros,Juvenile Fiction,http://books.google.com/books/content?id=dVZ8DwAAQBAJ&printsec=frontcover&img=1&zoom=1&edge=curl&source=gbs_api,Relates how Jimmy Skunk repays Peter Rabbit for a practical joke and what happens when he and Unc' Billy Possum go hunting for eggs in Farmer Brown's henhouse.,1994.0,4.13,96.0,258.0,The Adventures of Jimmy Skunk,9780486280233 Relates how Jimmy Skunk repays Peter Rabbit for a practical joke and what happens when he and Unc' Billy Possum go hunting for eggs in Farmer Brown's henhouse.,Children's Fiction
9780486281223,0486281221,The Marriage of Heaven and Hell,William Blake,Art,http://books.google.com/books/content?id=nt4Bwy6LDrwC&printsec=frontcover&img=1&zoom=1&edge=curl&source=gbs_api,This vivid facsimile of Blake's romantic and revolutionary publication offers a concise expression of his essential wisdom and philosophy. His distinctive hand-lettered text is accompanied by 27 color plates of his stirring illustrations.,1994.0,4.24,48.0,6894.0,The Marriage of Heaven and Hell: In Full Color,9780486281223 This vivid facsimile of Blake's romantic and revolutionary publication offers a concise expression of his essential wisdom and philosophy. His distinctive hand-lettered text is accompanied by 27 color plates of his stirring illustrations.,Nonfiction
9780486285153,0486285154,The Birth of Tragedy,Friedrich Wilhelm Nietzsche,Philosophy,http://books.google.com/books/content?id=5pzdCgAAQBAJ&printsec=frontcover&img=1&zoom=1&edge=curl&source=gbs_api,"Explores the origins of Greek tragedy and the elements through which it achieved greatness, which include the opposing characteristics of Dionysian irrationality and Apollonian restraint.",1995.0,3.98,92.0,201.0,The Birth of Tragedy,"9780486285153 Explores the origins of Greek tragedy and the elements through which it achieved greatness, which include the opposing characteristics of Dionysian irrationality and Apollonian restraint.",Nonfiction
9780486297163,0486297160,Best Ghost and Horror Stories,Bram Stoker;Richard Dalby;Stefan R. Dziemianowicz;S. T. Joshi,Fiction,http://books.google.com/books/content?id=iiaFDwAAQBAJ&printsec=frontcover&img=1&zoom=1&edge=curl&source=gbs_api,"Superb selection of 14 spine-tingling stories by author of Dracula. ""The Dualitists"" (probably Stoker's most horrifying story), ""The Squaw,"" ""The Burial of the Rats,"" 11 more. Introduction by Richard Dalby.",1997.0,3.49,272.0,54.0,Best Ghost and Horror Stories,"9780486297163 Superb selection of 14 spine-tingling stories by author of Dracula. ""The Dualitists"" (probably Stoker's most horrifying story), ""The Squaw,"" ""The Burial of the Rats,"" 11 more. Introduction by Richard Dalby.",Fiction
9780486297170,0486297179,Enter Jeeves,P. G. Wodehouse;David A. Jasen,Fiction,http://books.google.com/books/content?id=zFckAwAAQBAJ&printsec=frontcover&img=1&zoom=1&edge=curl&source=gbs_api,"Splendid collection contains first eight stories featuring Bertie Wooster, the deliciously dim aristocrat and Jeeves, his brainy, imperturbable manservant. Also, the complete Reggie Pepper (Bertie's prototype) series.",1997.0,4.2,256.0,649.0,Enter Jeeves: 15 Early Stories,"9780486297170 Splendid collection contains first eight stories featuring Bertie Wooster, the deliciously dim aristocrat and Jeeves, his brainy, imperturbable manservant. Also, the complete Reggie Pepper (Bertie's prototype) series.",Fiction
9780486406640,0486406644,The Wit and Wisdom of Mark Twain,Mark Twain,Literary Criticism,http://books.google.com/books/content?id=D1iMCgAAQBAJ&printsec=frontcover&img=1&zoom=1&edge=curl&source=gbs_api,"An anthology of wit and wisdom by Mark Twain collects quotations on a wide range of subjects, including life, love, history, culture, travel, and politics.",1998.0,4.2,64.0,934.0,The Wit and Wisdom of Mark Twain: A Book of Quotations,"9780486406640 An anthology of wit and wisdom by Mark Twain collects quotations on a wide range of subjects, including life, love, history, culture, travel, and politics.",Nonfiction
9780486419251,0486419258,The Canterville Ghost and Other Stories,Oscar Wilde,Fiction,http://books.google.com/books/content?id=fzAmDwAAQBAJ&printsec=frontcover&img=1&zoom=1&edge=curl&source=gbs_api,Presents eleven of the English writer's works including the title story featuring a three hundred-year-old ghost who fails to intimidate the newest occupants of his manor house.,2001.0,3.93,120.0,1653.0,The Canterville Ghost and Other Stories,9780486419251 Presents eleven of the English writer's works including the title story featuring a three hundred-year-old ghost who fails to intimidate the newest occupants of his manor house.,Fiction
9780486420493,0486420493,The House of Mirth,Edith Wharton,Fiction,http://books.google.com/books/content?id=GJYoAwAAQBAJ&printsec=frontcover&img=1&zoom=1&edge=curl&source=gbs_api,"A satire of New York society at the turn of the century follows Lily Bart, who is torn between the pressure to marry a wealthy husband and the desire to be true to herself.",2002.0,3.95,272.0,743.0,The House of Mirth,"9780486420493 A satire of New York society at the turn of the century follows Lily Bart, who is torn between the pressure to marry a wealthy husband and the desire to be true to herself.",Fiction
9780486424620,0486424626,The Trojan Women and Hippolytus,Euripides,Drama,http://books.google.com/books/content?id=dPomDwAAQBAJ&printsec=frontcover&img=1&zoom=1&edge=curl&source=gbs_api,"Two literary classics of human self-understanding: The Trojan Women, one of the most powerful indictments of war ever written, and Hippolytus, a gripping depiction of the struggle to master human passion.",2002.0,3.56,64.0,31.0,The Trojan Women and Hippolytus,"9780486424620 Two literary classics of human self-understanding: The Trojan Women, one of the most powerful indictments of war ever written, and Hippolytus, a gripping depiction of the struggle to master human passion.",Fiction
9780486429922,048642992X,Great Russian Short Stories,Paul Negri,Fiction,http://books.google.com/books/content?id=3_CW0gsgDvsC&printsec=frontcover&img=1&zoom=1&edge=curl&source=gbs_api,"A collection of twelve Russian short stories including ""The Queen of Spades,"" ""The Overcoat,"" ""White Nights,"" ""The Signal,"" and ""The Lady with the Toy Dog.""",2003.0,4.0,208.0,155.0,Great Russian Short Stories,"9780486429922 A collection of twelve Russian short stories including ""The Queen of Spades,"" ""The Overcoat,"" ""White Nights,"" ""The Signal,"" and ""The Lady with the Toy Dog.""",Fiction
9780486431680,0486431681,Hunger,Knut Hamsun;George Egerton,Biography & Autobiography,http://books.google.com/books/content?id=b9goAwAAQBAJ&printsec=frontcover&img=1&zoom=1&edge=curl&source=gbs_api,"A modern classic about a penniless, unemployed young writer, this powerful, autobiographical novel paints an unforgettable portrait of a man driven to the edge of self-destruction by forces beyond his control.",2003.0,4.06,134.0,26016.0,Hunger,"9780486431680 A modern classic about a penniless, unemployed young writer, this powerful, autobiographical novel paints an unforgettable portrait of a man driven to the edge of self-destruction by forces beyond his control.",Nonfiction
9780486431840,0486431843,The Jew of Malta,Christopher Marlowe;Havelock Ellis,Drama,http://books.google.com/books/content?id=qjp-Ji2IopcC&printsec=frontcover&img=1&zoom=1&source=gbs_api,"Prejudice, the intricacies of Mediterranean politics, and Machiavellian strategy abound in this masterpiece of Elizabethan theater, in which the main character schemes to cling to his wealth, his status, and his daughter.",2003.0,3.61,80.0,2822.0,The Jew of Malta,"9780486431840 Prejudice, the intricacies of Mediterranean politics, and Machiavellian strategy abound in this masterpiece of Elizabethan theater, in which the main character schemes to cling to his wealth, his status, and his daughter.",Fiction
9780486432137,0486432130,The Idiot,Fyodor Dostoyevsky;Constance Garnett,Fiction,http://books.google.com/books/content?id=ctkoAwAAQBAJ&printsec=frontcover&img=1&zoom=1&edge=curl&source=gbs_api,"Splendid novel of mid-19th-century Russian manners, morals, and philosophy focuses on a nobleman whose gentle, child-like nature has earned him the nickname of ""the idiot.""",2003.0,4.18,540.0,66.0,The Idiot,"9780486432137 Splendid novel of mid-19th-century Russian manners, morals, and philosophy focuses on a nobleman whose gentle, child-like nature has earned him the nickname of ""the idiot.""",Fiction
9780486437965,0486437965,Anna Karenina,graf Leo Tolstoy;Louise Maude;Aylmer Maude,Fiction,http://books.google.com/books/content?id=6UsNAAAAQBAJ&printsec=frontcover&img=1&zoom=1&edge=curl&source=gbs_api,Presents the classic nineteenth-century Russian novel in which a young woman is destroyed when she attempts to live outside the moral law of her society.,2004.0,4.04,752.0,460.0,Anna Karenina,9780486437965 Presents the classic nineteenth-century Russian novel in which a young woman is destroyed when she attempts to live outside the moral law of her society.,Fiction
9780486447780,0486447782,Intimate Journals,Charles Baudelaire;Christopher Isherwood;W. H. Auden,Literary Collections,http://books.google.com/books/content?id=mr2E7yolzp0C&printsec=frontcover&img=1&zoom=1&edge=curl&source=gbs_api,"Collection of the notorious poet's essays transcends the squalor of his financial ruin and the torture of physical decline to offer compelling thoughts on his world, society, and philosophy.",2006.0,3.73,128.0,210.0,Intimate Journals,"9780486447780 Collection of the notorious poet's essays transcends the squalor of his financial ruin and the torture of physical decline to offer compelling thoughts on his world, society, and philosophy.",Nonfiction
9780500050965,0500050961,The Seventy Wonders of the Ancient World,Christopher Scarre,Architecture,http://books.google.com/books/content?id=BHaQQgAACAAJ&printsec=frontcover&img=1&zoom=1&source=gbs_api,"A survey of the world's great ancient wonders from the Great Temple of the Aztecs, to the Nazca lines of Peru, including answers to how the architecture was created and for what purpose.",1999.0,4.02,304.0,31.0,The Seventy Wonders of the Ancient World: The Great Monuments and how They Were Built,"9780500050965 A survey of the world's great ancient wonders from the Great Temple of the Aztecs, to the Nazca lines of Peru, including answers to how the architecture was created and for what purpose.",Nonfiction
9780505521798,0505521792,Big Bad Wolf,Linda Jones;Linda Winstead,Fiction,http://books.google.com/books/content?id=_oqKmVNatvMC&printsec=frontcover&img=1&zoom=1&source=gbs_api,"Her heart captured by the very sight of handsome Wolf Trevelyan after he confronts her in the forest, Molly casts aside her concerned grandmother's reservations in order to pursue her instincts. Original.",1997.0,3.82,359.0,119.0,Big Bad Wolf,"9780505521798 Her heart captured by the very sight of handsome Wolf Trevelyan after he confronts her in the forest, Molly casts aside her concerned grandmother's reservations in order to pursue her instincts. Original.",Fiction
9780505525154,0505525151,Call of the Moon,Ronda Thompson,Fiction,http://books.google.com/books/content?id=Mm0AAAAACAAJ&printsec=frontcover&img=1&zoom=1&source=gbs_api,A man seeking to destroy the werewolf who bit him comes across a strange beauty who takes him to the Canadian Northwest and shows him the way of the wolf.,2002.0,3.74,352.0,125.0,Call of the Moon,9780505525154 A man seeking to destroy the werewolf who bit him comes across a strange beauty who takes him to the Canadian Northwest and shows him the way of the wolf.,Fiction
9780505525536,0505525534,Love Bites,Lynsay Sands,Fiction,http://books.google.com/books/content?id=hJQPAAAACAAJ&printsec=frontcover&img=1&zoom=1&source=gbs_api,"When a lovely night-shift nurse gets in the way of someone trying to kill a handsome vampire, he must teach her to love the night . . . and him.",2003.0,4.12,373.0,18316.0,Love Bites,"9780505525536 When a lovely night-shift nurse gets in the way of someone trying to kill a handsome vampire, he must teach her to love the night . . . and him.",Fiction
9780515125603,0515125601,Flying Finish,Dick Francis,Fiction,http://books.google.com/books/content?id=4fzRGS42WZYC&printsec=frontcover&img=1&zoom=1&source=gbs_api,"To escape the demands of his ancestral home, Henry Grey takes a job ferrying race horses across the Atlantic and becomes involved in a crime syndicate",1999.0,3.93,276.0,2494.0,Flying Finish,"9780515125603 To escape the demands of his ancestral home, Henry Grey takes a job ferrying race horses across the Atlantic and becomes involved in a crime syndicate",Fiction
9780515128550,0515128554,Heart of the Sea,Nora Roberts,Fiction,http://books.google.com/books/content?id=hldCldS4mosC&printsec=frontcover&img=1&zoom=1&edge=curl&source=gbs_api,Nora Roberts brings her acclaimed Irish trilogy to a close with this tale of a woman whose dreams of riches lead her to the heart's greatest treasure.,2000.0,4.15,369.0,23839.0,Heart of the Sea,9780515128550 Nora Roberts brings her acclaimed Irish trilogy to a close with this tale of a woman whose dreams of riches lead her to the heart's greatest treasure.,Fiction
9780515135961,0515135968,Shadow Game,Christine Feehan,Fiction,http://books.google.com/books/content?id=yzztsk4NI7wC&printsec=frontcover&img=1&zoom=1&source=gbs_api,"From the ""New York Times"" bestselling author comes a new series featuring a man and woman with telekinetic abilities who discover a terrifying power--and a forbidden passion--that could destroy them both. Original.",2003.0,4.12,323.0,15364.0,Shadow Game,"9780515135961 From the ""New York Times"" bestselling author comes a new series featuring a man and woman with telekinetic abilities who discover a terrifying power--and a forbidden passion--that could destroy them both. Original.",Fiction
9780515136944,0515136948,After Glow,Jayne Castle;Jayne Ann Krentz,Fiction,http://books.google.com/books/content?id=GC9XwgEACAAJ&printsec=frontcover&img=1&zoom=1&source=gbs_api,"Para-archaeologist Lydia Smith, while lost in the catacombs beneath the city of Harmony, makes a startling discovery that calls into question everything she believes about her lover, Emmett London.",2004.0,4.13,343.0,4023.0,After Glow,"9780515136944 Para-archaeologist Lydia Smith, while lost in the catacombs beneath the city of Harmony, makes a startling discovery that calls into question everything she believes about her lover, Emmett London.",Fiction
9780517084793,0517084791,Three Complete Novels,Michael Crichton,Fiction,http://books.google.com/books/content?id=d1bGOAAACAAJ&printsec=frontcover&img=1&zoom=1&source=gbs_api,"Three classic scientific suspense novels, Andromeda Strain, The Terminal Man, and The Great Train Robbery, demonstrate what made this master of the potboiling thriller the best-selling success that he is today.",1993.0,4.06,688.0,991.0,Three Complete Novels,"9780517084793 Three classic scientific suspense novels, Andromeda Strain, The Terminal Man, and The Great Train Robbery, demonstrate what made this master of the potboiling thriller the best-selling success that he is today.",Fiction
9780517091265,0517091267,Three Complete Novels,Edward Morgan Forster,English fiction,http://books.google.com/books/content?id=UGvOCPB9u8UC&printsec=frontcover&img=1&zoom=1&source=gbs_api,"Combines three masterpieces from one of Britain's most popular novelists into one beautifully bound volume, which contains A Room With a View, Howard's End, and Where Angels Fear to Tread.",1993.0,4.2,503.0,380.0,Three Complete Novels,"9780517091265 Combines three masterpieces from one of Britain's most popular novelists into one beautifully bound volume, which contains A Room With a View, Howard's End, and Where Angels Fear to Tread.",Fiction
9780517093399,0517093391,Four Novels,Charles Dickens,Fiction,http://books.google.com/books/content?id=bHcCAAAACAAJ&printsec=frontcover&img=1&zoom=1&source=gbs_api,"A collection of Dickens's best works includes The Pickwick Papers, The Adventures of Oliver Twist, David Copperfield, Great Expectations, and A Tale of Two Cities.",1993.0,4.29,848.0,31.0,Four Novels,"9780517093399 A collection of Dickens's best works includes The Pickwick Papers, The Adventures of Oliver Twist, David Copperfield, Great Expectations, and A Tale of Two Cities.",Fiction
9780517101353,0517101351,A New Collection of Three Complete Novels,Michael Crichton,Fiction,http://books.google.com/books/content?id=HGrNSAAACAAJ&printsec=frontcover&img=1&zoom=1&source=gbs_api,"Fans of Jurassic Park and Rising Sun, the books and the movies, will want to own this collection of Crichton's earlier, technical suspense novels, which includes Congo, Sphere, and Eaters of the Dead.",1994.0,3.99,720.0,943.0,A New Collection of Three Complete Novels,"9780517101353 Fans of Jurassic Park and Rising Sun, the books and the movies, will want to own this collection of Crichton's earlier, technical suspense novels, which includes Congo, Sphere, and Eaters of the Dead.",Fiction
9780517146484,0517146487,The Tolkien Companion,J. E. A. Tyler;John Ronald Reuel Tolkien,Literary Criticism,http://books.google.com/books/content?id=AiZNPgAACAAJ&printsec=frontcover&img=1&zoom=1&source=gbs_api,"A complete and accessible concordance to the legends, history, languages, and people of J. R. R. Tolkien's imaginative Middle-earth provides a fan's reference to The Hobbit and The Lord of the Rings.",1976.0,4.11,531.0,828.0,The Tolkien Companion,"9780517146484 A complete and accessible concordance to the legends, history, languages, and people of J. R. R. Tolkien's imaginative Middle-earth provides a fan's reference to The Hobbit and The Lord of the Rings.",Nonfiction
9780517147689,0517147688,The Complete Novels,Jane Austen,Fiction,http://books.google.com/books/content?id=o7TgAAAAMAAJ&printsec=frontcover&img=1&zoom=1&source=gbs_api,"A line illustrated anthology of Jane Austen's complete works includes Sense and Sensibility, Pride and Prejudice, Mansfield Park, Emma, Northanger Abbey, Persuasion, and the obscure Lady Susan.",1981.0,4.55,1103.0,298.0,The Complete Novels,"9780517147689 A line illustrated anthology of Jane Austen's complete works includes Sense and Sensibility, Pride and Prejudice, Mansfield Park, Emma, Northanger Abbey, Persuasion, and the obscure Lady Susan.",Fiction
9780517174968,0517174960,The Complete Adventures and Memoirs of Sherlock Holmes,Arthur Conan Doyle,Fiction,http://books.google.com/books/content?id=_Ld2twEACAAJ&printsec=frontcover&img=1&zoom=1&source=gbs_api,"Presents a facsimile of the twenty-four original ""Strand Magazine"" stories about the adventures of the intrepid detective Sherlock Holmes, which first appeared in publication between 1891 and 1893.",2001.0,4.33,334.0,2135.0,The Complete Adventures and Memoirs of Sherlock Holmes,"9780517174968 Presents a facsimile of the twenty-four original ""Strand Magazine"" stories about the adventures of the intrepid detective Sherlock Holmes, which first appeared in publication between 1891 and 1893.",Fiction
9780517189603,0517189607,The Secret Garden,Frances Hodgson Burnett,Juvenile Fiction,http://books.google.com/books/content?id=oGNbnTQdiJ4C&printsec=frontcover&img=1&zoom=1&source=gbs_api,A ten-year-old orphan comes to live in a lonely house on the Yorkshire moors where she discovers an invalid cousin and the mysteries of a locked garden.,1998.0,4.13,331.0,725384.0,The Secret Garden,9780517189603 A ten-year-old orphan comes to live in a lonely house on the Yorkshire moors where she discovers an invalid cousin and the mysteries of a locked garden.,Children's Fiction
9780517201664,0517201666,Three Complete Novels,Colleen McCullough,Fiction,http://books.google.com/books/content?id=QDzwWuzbjhAC&printsec=frontcover&img=1&zoom=1&source=gbs_api,"For the first time ever, three of the author's most beloved novels are compiled here in one extraordinary volume: Tim; An Indecent Obsession; and The Ladies of Missalonghi.",1999.0,3.67,768.0,40.0,Three Complete Novels,"9780517201664 For the first time ever, three of the author's most beloved novels are compiled here in one extraordinary volume: Tim; An Indecent Obsession; and The Ladies of Missalonghi.",Fiction
9780517599242,0517599244,The Illustrated Hitchhiker's Guide to the Galaxy,Douglas Adams,Science,,"The off-beat and occasionally extraterrestrial journeys, notions, and acquaintances of galactic traveler Arthur Dent are illustrated with digitally generated graphic images and tricky visual puns",1994.0,4.32,96.0,286.0,The Illustrated Hitchhiker's Guide to the Galaxy,"9780517599242 The off-beat and occasionally extraterrestrial journeys, notions, and acquaintances of galactic traveler Arthur Dent are illustrated with digitally generated graphic images and tricky visual puns",Nonfiction
9780520213685,0520213688,"Haiti, History, and the Gods",Joan Dayan,History,http://books.google.com/books/content?id=-aQwDwAAQBAJ&printsec=frontcover&img=1&zoom=1&edge=curl&source=gbs_api,"""By viewing Revolutionary-era Haiti through the lenses of gender and sexuality, Joan Dayan breathes life into an important slice of history.""—Karen McCarthy Brown, author of Mama Lola",1998.0,3.95,362.0,37.0,"Haiti, History, and the Gods","9780520213685 ""By viewing Revolutionary-era Haiti through the lenses of gender and sexuality, Joan Dayan breathes life into an important slice of history.""—Karen McCarthy Brown, author of Mama Lola",Nonfiction
9780520234413,0520234413,Exiled in Paris,James Campbell,Biography & Autobiography,http://books.google.com/books/content?id=zcp4GAk8SmIC&printsec=frontcover&img=1&zoom=1&edge=curl&source=gbs_api,"This is the first book to explore the English-language literary scene in Paris after World War II, including the intersecting lives of Richard Wright, Samuel Beckett, James Baldwin, and Maurice Girodias.",2003.0,3.97,304.0,37.0,"Exiled in Paris: Richard Wright, James Baldwin, Samuel Beckett, and Others on the Left Bank","9780520234413 This is the first book to explore the English-language literary scene in Paris after World War II, including the intersecting lives of Richard Wright, Samuel Beckett, James Baldwin, and Maurice Girodias.",Nonfiction
9780520241824,0520241827,浅草紅団,Yasunari Kawabata,Fiction,http://books.google.com/books/content?id=m8MP88JnszwC&printsec=frontcover&img=1&zoom=1&edge=curl&source=gbs_api,A new translation of the only work not currently available in English by a Nobel-Prize winning author and the best known Japanese writer outside of Japan.,2005.0,3.35,181.0,349.0,浅草紅団,9780520241824 A new translation of the only work not currently available in English by a Nobel-Prize winning author and the best known Japanese writer outside of Japan.,Fiction
9780520243262,0520243269,Pathologies of Power,Paul Farmer,History,http://books.google.com/books/content?id=HacwDwAAQBAJ&printsec=frontcover&img=1&zoom=1&edge=curl&source=gbs_api,"""Pathologies of Power"" uses harrowing stories of life and death to argue thatthe promotion of social and economic rights of the poor is the most importanthuman rights struggle of our times.",2005.0,4.25,438.0,3802.0,"Pathologies of Power: Health, Human Rights, and the New War on the Poor","9780520243262 ""Pathologies of Power"" uses harrowing stories of life and death to argue thatthe promotion of social and economic rights of the poor is the most importanthuman rights struggle of our times.",Nonfiction
9780520246331,0520246330,World Atlas of Great Apes and Their Conservation,Julian Oliver Caldecott;Lera Miles,Nature,http://books.google.com/books/content?id=VMtbmkOYD-kC&printsec=frontcover&img=1&zoom=1&edge=curl&source=gbs_api,"This comprehensive and authoritative review of the distribution and conservation status of Great Apes includes individual country profiles for each species and overview chapters on ape biology, ecology, and conservation challenges.",2005.0,4.56,456.0,9.0,World Atlas of Great Apes and Their Conservation,"9780520246331 This comprehensive and authoritative review of the distribution and conservation status of Great Apes includes individual country profiles for each species and overview chapters on ape biology, ecology, and conservation challenges.",Nonfiction
9780521290609,0521290600,Problems of the Self,Bernard Williams,Philosophy,http://books.google.com/books/content?id=RwWEgc-m0U0C&printsec=frontcover&img=1&zoom=1&edge=curl&source=gbs_api,"This is a volume of philosophical studies, centred on problems of personal identity and extending to related topics in the philosophy of mind and moral philosophy.",1976.0,4.02,276.0,52.0,Problems of the Self: Philosophical Papers 1956-1972,"9780521290609 This is a volume of philosophical studies, centred on problems of personal identity and extending to related topics in the philosophy of mind and moral philosophy.",Nonfiction
9780521386739,052138673X,The Collapse of Complex Societies,Joseph Tainter,Social Science,http://books.google.com/books/content?id=YdW5wSPJXIoC&printsec=frontcover&img=1&zoom=1&edge=curl&source=gbs_api,Dr Tainter describes nearly two dozen cases of collapse and reviews more than 2000 years of explanations. He then develops a new and far-reaching theory.,1990.0,4.13,262.0,676.0,The Collapse of Complex Societies,9780521386739 Dr Tainter describes nearly two dozen cases of collapse and reviews more than 2000 years of explanations. He then develops a new and far-reaching theory.,Nonfiction
9780521437738,0521437733,The Invention of Tradition,"Hobsbawm, E. J. Hobsbawm;Eric Hobsbawm;Terence Ranger",History,http://books.google.com/books/content?id=sfvnNdVY3KIC&printsec=frontcover&img=1&zoom=1&edge=curl&source=gbs_api,This book explores examples of this process of invention and addresses the complex interaction of past and present in a fascinating study of ritual and symbolism.,1992.0,3.96,320.0,765.0,The Invention of Tradition,9780521437738 This book explores examples of this process of invention and addresses the complex interaction of past and present in a fascinating study of ritual and symbolism.,Nonfiction
9780525469780,0525469788,"Boy, Were We Wrong about Dinosaurs!",Kathleen V. Kudlinski,Juvenile Nonfiction,http://books.google.com/books/content?id=QrRKDwAAQBAJ&printsec=frontcover&img=1&zoom=1&source=gbs_api,"Examines what is known about dinosaur bones, behavior, and other characteristics and how different the facts often are from what scientists, from ancient China to the recent past, believed to be true.",2005.0,3.93,32.0,243.0,"Boy, Were We Wrong about Dinosaurs!","9780525469780 Examines what is known about dinosaur bones, behavior, and other characteristics and how different the facts often are from what scientists, from ancient China to the recent past, believed to be true.",Children's Nonfiction
9780525948926,0525948929,Atlas Shrugged,Ayn Rand,Fiction,http://books.google.com/books/content?id=SZN8PwAACAAJ&printsec=frontcover&img=1&zoom=1&source=gbs_api,Government leaders seeking control over all business become increasingly frantic as major industrial companies are being thrown into chaos following the sudden disappearance of their leaders.,2005.0,3.68,1176.0,897.0,Atlas Shrugged,9780525948926 Government leaders seeking control over all business become increasingly frantic as major industrial companies are being thrown into chaos following the sudden disappearance of their leaders.,Fiction
9780552146739,0552146730,Nanny Ogg's Cookbook,Terry Pratchett;Stephen Briggs;Paul Kidby;Tina Hannan,Fiction,http://books.google.com/books/content?id=-PEtxFc3u6YC&printsec=frontcover&img=1&zoom=1&source=gbs_api,"Recipes from Nanny Ogg, the beloved witch from the Discworld series, also includes her thoughts on life, death, and etiquette, as well as other useful information. Original.",2001.0,4.0,176.0,5415.0,Nanny Ogg's Cookbook,"9780552146739 Recipes from Nanny Ogg, the beloved witch from the Discworld series, also includes her thoughts on life, death, and etiquette, as well as other useful information. Original.",Fiction
9780552999458,0552999458,Dead Famous,Ben Elton,Fiction,http://books.google.com/books/content?id=kLFmCpSyd40C&printsec=frontcover&img=1&zoom=1&source=gbs_api,Reality television takes a deadly turn when ten contestants in a single house that comes complete with cameras and microphones are suddenly confronted by a murder with absolutely no evidence. Original.,2002.0,3.64,382.0,8415.0,Dead Famous,9780552999458 Reality television takes a deadly turn when ten contestants in a single house that comes complete with cameras and microphones are suddenly confronted by a murder with absolutely no evidence. Original.,Fiction
9780552999953,0552999954,High Society,Ben Elton,Fiction,http://books.google.com/books/content?id=yzh0pNWJjKwC&printsec=frontcover&img=1&zoom=1&source=gbs_api,"The author presents a terrifying vision of a world out of control, ruled by drug lords and their criminal organizations and encouraging an environment of lawlessness and chaos.",2003.0,3.77,380.0,5981.0,High Society,"9780552999953 The author presents a terrifying vision of a world out of control, ruled by drug lords and their criminal organizations and encouraging an environment of lawlessness and chaos.",Fiction
9780553077728,0553077724,Stephen Hawking's A Brief History of Time,Stephen W. Hawking,Nature,,"Interviews with Hawking, his family, colleagues, and friends provide a close-up look at one of the world's greatest physicists, as well as a lucid explanation of his major theories",1992.0,4.09,194.0,349.0,Stephen Hawking's A Brief History of Time: A Reader's Companion,"9780553077728 Interviews with Hawking, his family, colleagues, and friends provide a close-up look at one of the world's greatest physicists, as well as a lucid explanation of his major theories",Nonfiction
9780553156508,0553156500,Encyclopedia Brown and the Case of the Treasure Hunt,Donald J. Sobol,Juvenile Fiction,http://books.google.com/books/content?id=9AV-eA0fFOYC&printsec=frontcover&img=1&zoom=1&source=gbs_api,"America's Sherlock Holmes in sneakers continues his war on crime in ten more cases, the solutions to which are found in the back of the book.",1989.0,4.03,96.0,616.0,Encyclopedia Brown and the Case of the Treasure Hunt,"9780553156508 America's Sherlock Holmes in sneakers continues his war on crime in ten more cases, the solutions to which are found in the back of the book.",Children's Fiction
9780553157277,0553157272,Jessica's Bad Idea,Jamie Suzanne;Francine Pascal,Juvenile Fiction,http://books.google.com/books/content?id=z1-kst4NiE0C&printsec=frontcover&img=1&zoom=1&source=gbs_api,"Jessica feels like a latter-day Victor Frankenstein when she suggests a makeover for her friend Sandra Ferris, whose newfound popularity then threatens Jessica's own social standing.",1989.0,3.48,104.0,317.0,Jessica's Bad Idea,"9780553157277 Jessica feels like a latter-day Victor Frankenstein when she suggests a makeover for her friend Sandra Ferris, whose newfound popularity then threatens Jessica's own social standing.",Children's Fiction
9780553212167,0553212168,The Brothers Karamazov,Fyodor Dostoyevsky,Fiction,http://books.google.com/books/content?id=ZI2ncEieZloC&printsec=frontcover&img=1&zoom=1&source=gbs_api,The violent lives of three sons are exposed when their father is murdered and each one attempts to come to terms with his own guilt,1970.0,4.32,1072.0,972.0,The Brothers Karamazov,9780553212167 The violent lives of three sons are exposed when their father is murdered and each one attempts to come to terms with his own guilt,Fiction
9780553213430,0553213431,The Complete Plays of Aristophanes,Aristophanes,Drama,http://books.google.com/books/content?id=j_dvDwAAQBAJ&printsec=frontcover&img=1&zoom=1&source=gbs_api,"Background information and brief introductions accompany eleven satiric plays by the fifth century B.C. playwright, in an anthology that contains such classic and inventive works as The Birds, The Frogs, and Lysistrata. Reissue.",1981.0,4.21,577.0,1954.0,The Complete Plays of Aristophanes,"9780553213430 Background information and brief introductions accompany eleven satiric plays by the fifth century B.C. playwright, in an anthology that contains such classic and inventive works as The Birds, The Frogs, and Lysistrata. Reissue.",Fiction
9780553233506,0553233505,Slim Down Camp,Stephen Manes,Health & Fitness,http://books.google.com/books/content?id=ND8mj7p9y7oC&printsec=frontcover&img=1&zoom=1&source=gbs_api,"Sent to a summer camp for overweight children, a boy and girl rebel against the camp's authorities and discover their own effective method of losing weight.",1986.0,3.9,176.0,9.0,Slim Down Camp,"9780553233506 Sent to a summer camp for overweight children, a boy and girl rebel against the camp's authorities and discover their own effective method of losing weight.",Nonfiction
9780553234312,0553234315,Emma,Charlotte Brontë;Jane Austen,Fiction,,"The ruthless and cruel Emma causes a great many problems for Mrs. Chalfont, the narrator, and for the abandoned child, Martina, in a new completion of Charlotte Bronte's last, unfinished novel",1983.0,3.99,215.0,4672.0,Emma,"9780553234312 The ruthless and cruel Emma causes a great many problems for Mrs. Chalfont, the narrator, and for the abandoned child, Martina, in a new completion of Charlotte Bronte's last, unfinished novel",Fiction
9780553243567,055324356X,Goodbye Forever,Barbara Conklin,Juvenile Fiction,,"Suffering from feelings of loneliness and abandonment since her father's death and her sister's marriage, Kari Langtree is afraid to give her heart to the boy she meets on her Caribbean cruise.",1984.0,3.72,135.0,54.0,Goodbye Forever,"9780553243567 Suffering from feelings of loneliness and abandonment since her father's death and her sister's marriage, Kari Langtree is afraid to give her heart to the boy she meets on her Caribbean cruise.",Children's Fiction
9780553270624,0553270621,Winter Dreams,Barbara Conklin;Stefanie Curtis,Blind,http://books.google.com/books/content?id=clG5Kv6s2tYC&printsec=frontcover&img=1&zoom=1&source=gbs_api,"Anna lies about her appearance to attract Michael, a recently blinded accident victim, but when surgery promises to restore Michael's sight, Anna fears she will lose him forever.",1988.0,3.83,176.0,104.0,Winter Dreams,"9780553270624 Anna lies about her appearance to attract Michael, a recently blinded accident victim, but when surgery promises to restore Michael's sight, Anna fears she will lose him forever.",Fiction
9780553271645,0553271644,Doom of the Darksword,Margaret Weis,Fiction,http://books.google.com/books/content?id=WsRxYXTU1pUC&printsec=frontcover&img=1&zoom=1&source=gbs_api,"Henry is generally well-behaved, but he is occasionally arrogant and vain. Henry is at heart a hard worker, but his frequent bouts of illness hinder his work.",1988.0,3.66,383.0,6078.0,Doom of the Darksword,"9780553271645 Henry is generally well-behaved, but he is occasionally arrogant and vain. Henry is at heart a hard worker, but his frequent bouts of illness hinder his work.",Fiction
9780553273915,0553273914,The House of the Spirits,Isabel Allende,Fiction,http://books.google.com/books/content?id=LImWvwEACAAJ&printsec=frontcover&img=1&zoom=1&source=gbs_api,"Traces the lives of the Truebas family, starting with clairvoyant Clara de Valle's summoning of the man she intends to marry, ambitious Esteban Trueba, and following their lives through which they suffer and triumph.",1986.0,4.22,433.0,3598.0,The House of the Spirits,"9780553273915 Traces the lives of the Truebas family, starting with clairvoyant Clara de Valle's summoning of the man she intends to marry, ambitious Esteban Trueba, and following their lives through which they suffer and triumph.",Fiction
9780553274912,0553274910,Starting Over,Francine Pascal,Juvenile Fiction,http://books.google.com/books/content?id=3dTCfeiOsg0C&printsec=frontcover&img=1&zoom=1&source=gbs_api,"Desperate to fit in after living in a series of foster homes, Sally Larson moves in with her cousin Dana's family and causes resentment at Sweet Valley High.",1987.0,3.37,153.0,3.0,Starting Over,"9780553274912 Desperate to fit in after living in a series of foster homes, Sally Larson moves in with her cousin Dana's family and causes resentment at Sweet Valley High.",Children's Fiction
9780553275605,0553275607,The New Jessica,Francine Pascal,Juvenile Fiction,http://books.google.com/books/content?id=g0hQ2Nj2ti0C&printsec=frontcover&img=1&zoom=1&source=gbs_api,"Tired of being mistaken for her identical twin sister, Elizabeth, Jessica Wakefield undergoes a complete makeover, dyes her hair black, and begins wearing outrageous clothes.",1986.0,3.45,136.0,1032.0,The New Jessica,"9780553275605 Tired of being mistaken for her identical twin sister, Elizabeth, Jessica Wakefield undergoes a complete makeover, dyes her hair black, and begins wearing outrageous clothes.",Children's Fiction
9780553275780,055327578X,Secrets,Francine Pascal;Kate William,Juvenile Fiction,http://books.google.com/books/content?id=H50LAAAACAAJ&printsec=frontcover&img=1&zoom=1&source=gbs_api,"Jessica Wakefield will go to any length to be chosen as queen of the fall dance at Sweet Valley High, even if it involves breaking somebody's trust.",1983.0,3.46,118.0,41.0,Secrets,"9780553275780 Jessica Wakefield will go to any length to be chosen as queen of the fall dance at Sweet Valley High, even if it involves breaking somebody's trust.",Children's Fiction
9780553276725,0553276727,Dear Sister,Kate William;Francine Pascal,Juvenile Fiction,http://books.google.com/books/content?id=VPLpEN6xSaQC&printsec=frontcover&img=1&zoom=1&source=gbs_api,"The motorcycle accident which has left Elizabeth Wakefield in a coma forces Jessica, her twin sister, to realize just how much Elizabeth means to her.",1984.0,3.53,160.0,2018.0,Dear Sister,"9780553276725 The motorcycle accident which has left Elizabeth Wakefield in a coma forces Jessica, her twin sister, to realize just how much Elizabeth means to her.",Children's Fiction
9780553282801,0553282808,Mitla Pass,Leon Uris,Fiction,http://books.google.com/books/content?id=L_T4CvZVF2wC&printsec=frontcover&img=1&zoom=1&source=gbs_api,"Writer Gideon Zadok leaves the glitter of Hollywood for the newly created State of Israel, where he learns much about himself and love on a dangerous military operation he covers as a war correspondent",1989.0,3.84,495.0,3211.0,Mitla Pass,"9780553282801 Writer Gideon Zadok leaves the glitter of Hollywood for the newly created State of Israel, where he learns much about himself and love on a dangerous military operation he covers as a war correspondent",Fiction
9780553284119,0553284118,Creature,John Saul,Fiction,http://books.google.com/books/content?id=vPknSnxQVTMC&printsec=frontcover&img=1&zoom=1&source=gbs_api,"For Ellen and Blake Tanner, along with their son Mark, Silverdale, Colorado seems too good to be true, but the family is soon subjected to secret rituals and a hidden evil",1990.0,3.84,416.0,9846.0,Creature,"9780553284119 For Ellen and Blake Tanner, along with their son Mark, Silverdale, Colorado seems too good to be true, but the family is soon subjected to secret rituals and a hidden evil",Fiction
9780553295009,0553295004,Texas! Sage,Sandra Brown,Fiction,http://books.google.com/books/content?id=k-2TzqI8kiIC&printsec=frontcover&img=1&zoom=1&source=gbs_api,"Returning home accompanied by Harlan Boyd, the handsome stranger who witnessed her fiance+a7 dumping her, Sage Tyler asks him to keep her broken engagement a secret from her oil-rich family. Reprint.",1992.0,4.02,352.0,5949.0,Texas! Sage,"9780553295009 Returning home accompanied by Harlan Boyd, the handsome stranger who witnessed her fiance+a7 dumping her, Sage Tyler asks him to keep her broken engagement a secret from her oil-rich family. Reprint.",Fiction
9780553295412,0553295411,Fire Sea,Margaret Weis;Tracy Hickman,Fiction,http://books.google.com/books/content?id=xqVXsEaWaJMC&printsec=frontcover&img=1&zoom=1&source=gbs_api,"Henry is generally well-behaved, but he is occasionally arrogant and vain. Henry is at heart a hard worker, but his frequent bouts of illness hinder his work.",1992.0,4.06,414.0,15900.0,Fire Sea,"9780553295412 Henry is generally well-behaved, but he is occasionally arrogant and vain. Henry is at heart a hard worker, but his frequent bouts of illness hinder his work.",Fiction
9780553299618,0553299611,Lila,Robert M. Pirsig,Education,http://books.google.com/books/content?id=uDWP4lZMyOMC&printsec=frontcover&img=1&zoom=1&source=gbs_api,"Describes a voyage down the Hudson River undertaken by Phaedrus and a troubled companion, who provokes a philosophical crisis as the philosopher-narrator wrestles with essential questions of morality",1992.0,3.78,480.0,5131.0,Lila: An Inquiry Into Morals,"9780553299618 Describes a voyage down the Hudson River undertaken by Phaedrus and a troubled companion, who provokes a philosophical crisis as the philosopher-narrator wrestles with essential questions of morality",Nonfiction
9780553346114,0553346113,Seven Plays,Sam Shepard;Joseph Chaikin,Drama,http://books.google.com/books/content?id=-a0szDa6MksC&printsec=frontcover&img=1&zoom=1&source=gbs_api,"Henry is generally well-behaved, but he is occasionally arrogant and vain. Henry is at heart a hard worker, but his frequent bouts of illness hinder his work.",1984.0,4.18,336.0,4900.0,Seven Plays,"9780553346114 Henry is generally well-behaved, but he is occasionally arrogant and vain. Henry is at heart a hard worker, but his frequent bouts of illness hinder his work.",Fiction
9780553374599,0553374591,Feersum Endjinn,Iain Banks,Fiction,http://books.google.com/books/content?id=-38GAAAACAAJ&printsec=frontcover&img=1&zoom=1&source=gbs_api,"Living the last of his eight lives, Count Alandre Sessine VII races against time to defuse a lethal conspiracy on its way to Earth, while a betrayer is fast on his heels. Original.",1995.0,3.82,311.0,311.0,Feersum Endjinn,"9780553374599 Living the last of his eight lives, Count Alandre Sessine VII races against time to defuse a lethal conspiracy on its way to Earth, while a betrayer is fast on his heels. Original.",Fiction
9780553375268,0553375261,The Dog Who Loved Too Much,Nicholas H. Dodman,Pets,http://books.google.com/books/content?id=8cb2KmAm1SQC&printsec=frontcover&img=1&zoom=1&source=gbs_api,An examination of canine behavioral disorders shares often humorous case studies that offer reassurance to troubled pet owners and address such conditions as growling and separation anxiety,1997.0,4.09,258.0,669.0,"The Dog Who Loved Too Much: Tales, Treatments and the Psychology of Dogs",9780553375268 An examination of canine behavioral disorders shares often humorous case studies that offer reassurance to troubled pet owners and address such conditions as growling and separation anxiety,Nonfiction
9780553380958,0553380958,Snow Crash,Neal Stephenson,Fiction,http://books.google.com/books/content?id=mqpvVydYo-8C&printsec=frontcover&img=1&zoom=1&source=gbs_api,"In twenty-first-century America, a teenaged computer hacker finds himself fighting a computer virus that battles virtual reality technology and a deadly drug that turns humans into zombies.",2000.0,4.03,438.0,187493.0,Snow Crash,"9780553380958 In twenty-first-century America, a teenaged computer hacker finds himself fighting a computer virus that battles virtual reality technology and a deadly drug that turns humans into zombies.",Fiction
9780553380965,0553380966,The Diamond Age,Neal Stephenson,Fiction,http://books.google.com/books/content?id=LIWY6afN5kQC&printsec=frontcover&img=1&zoom=1&source=gbs_api,The story of an engineer who creates a device to raise a girl capable of thinking for herself reveals what happens when a young girl of the poor underclass obtains the device.,2000.0,4.19,499.0,68751.0,The Diamond Age,9780553380965 The story of an engineer who creates a device to raise a girl capable of thinking for herself reveals what happens when a young girl of the poor underclass obtains the device.,Fiction
9780553381344,0553381342,The bonfire of the vanities,Tom Wolfe,Fiction,http://books.google.com/books/content?id=bA63bU4h3h8C&printsec=frontcover&img=1&zoom=1&source=gbs_api,"Sherman McCoy, a young investment banker in Manhattan, finds himself arrested following a freak accident and becomes involved with prosecutors, politicians, the press, and assorted hustlers. Reprint.",1987.0,3.84,690.0,57301.0,The bonfire of the vanities,"9780553381344 Sherman McCoy, a young investment banker in Manhattan, finds himself arrested following a freak accident and becomes involved with prosecutors, politicians, the press, and assorted hustlers. Reprint.",Fiction
9780553381696,0553381695,A Clash of Kings,George R. R. Martin,Fiction,http://books.google.com/books/content?id=NnE07xtwhqYC&printsec=frontcover&img=1&zoom=1&source=gbs_api,"With his estate divided and his family scattered, Lord Eddard Stark returns to his territory to fight an ancient spell that is slowly devouring what is left of his land. Reprint.",2002.0,4.41,969.0,599010.0,A Clash of Kings,"9780553381696 With his estate divided and his family scattered, Lord Eddard Stark returns to his territory to fight an ancient spell that is slowly devouring what is left of his land. Reprint.",Fiction
9780553383683,055338368X,Gates Of Fire,Steven Pressfield,Fiction,http://books.google.com/books/content?id=wdKJDQAAQBAJ&printsec=frontcover&img=1&zoom=1&source=gbs_api,Chronicles the battle of three hundred Spartan warriors against a huge force of Persian soldiers in 480 B.C. against the background of life in ancient Sparta and its extraordinary culture.,2005.0,4.41,392.0,20649.0,Gates Of Fire: An Epic Novel of the Battle of Thermopylae,9780553383683 Chronicles the battle of three hundred Spartan warriors against a huge force of Persian soldiers in 480 B.C. against the background of life in ancient Sparta and its extraordinary culture.,Fiction
9780553485172,0553485172,Encyclopedia Brown and the Case of the Sleeping Dog,Donald J. Sobol,Juvenile Fiction,http://books.google.com/books/content?id=YX4Ki8m_EvEC&printsec=frontcover&img=1&zoom=1&source=gbs_api,"America's Sherlock Holmes in sneakers continues his war on crime in ten more cases, the solutions to which are found in the back of the book.",1999.0,4.04,80.0,497.0,Encyclopedia Brown and the Case of the Sleeping Dog,"9780553485172 America's Sherlock Holmes in sneakers continues his war on crime in ten more cases, the solutions to which are found in the back of the book.",Children's Fiction
9780553485219,0553485210,Encyclopedia Brown and the Case of the Slippery Salamander,Donald J. Sobol,Juvenile Fiction,http://books.google.com/books/content?id=fflvDwAAQBAJ&printsec=frontcover&img=1&zoom=1&source=gbs_api,"Encyclopedia Brown, the super sleuth in sneakers, solves ten new mysteries, including ""The Case of the Slippery Salamander,"" ""The Case of the Banana Burglar,"" and ""The Case of the Dead Cockroach.""",2000.0,4.09,96.0,389.0,Encyclopedia Brown and the Case of the Slippery Salamander,"9780553485219 Encyclopedia Brown, the super sleuth in sneakers, solves ten new mysteries, including ""The Case of the Slippery Salamander,"" ""The Case of the Banana Burglar,"" and ""The Case of the Dead Cockroach.""",Children's Fiction
9780553562606,0553562606,A Dark and Hungry God Arises,Stephen R. Donaldson,Fiction,http://books.google.com/books/content?id=SQSD-HP1WbEC&printsec=frontcover&img=1&zoom=1&source=gbs_api,"In the sequel to The Real Story and Forbidden Knowledge, a scheme unravels to reveal deeper schemes. By the author of The Chronicles of Thomas Covenant. Reprint.",1993.0,4.08,518.0,5356.0,A Dark and Hungry God Arises: The Gap Into Power,"9780553562606 In the sequel to The Real Story and Forbidden Knowledge, a scheme unravels to reveal deeper schemes. By the author of The Chronicles of Thomas Covenant. Reprint.",Fiction
9780553562835,0553562835,"Sam Walton, Made in America",Sam Walton;John Huey,Biography & Autobiography,http://books.google.com/books/content?id=5ym_S0pa_L0C&printsec=frontcover&img=1&zoom=1&source=gbs_api,"In an account of his rise to the top of the American retail business, the reminiscences of the billionaire retailer are combined with interviews with Walton's family and friends",1993.0,4.14,346.0,13083.0,"Sam Walton, Made in America: My Story","9780553562835 In an account of his rise to the top of the American retail business, the reminiscences of the billionaire retailer are combined with interviews with Walton's family and friends",Nonfiction
9780553563504,0553563505,The Hollow Man,Dan Simmons,Fiction,http://books.google.com/books/content?id=N_7bAoVER6AC&printsec=frontcover&img=1&zoom=1&source=gbs_api,"After the death of his wife, telepath Jeremy Bremen is inundated with all the thoughts and worries of the people he encounters, and he flees across the country to escape",1993.0,3.44,342.0,2462.0,The Hollow Man,"9780553563504 After the death of his wife, telepath Jeremy Bremen is inundated with all the thoughts and worries of the people he encounters, and he flees across the country to escape",Fiction
9780553563696,0553563696,The Hand of Chaos,Margaret Weis,Fiction,http://books.google.com/books/content?id=tgh9t46pePYC&printsec=frontcover&img=1&zoom=1&source=gbs_api,"Henry is generally well-behaved, but he is occasionally arrogant and vain. Henry is at heart a hard worker, but his frequent bouts of illness hinder his work.",1993.0,4.06,446.0,15964.0,The Hand of Chaos,"9780553563696 Henry is generally well-behaved, but he is occasionally arrogant and vain. Henry is at heart a hard worker, but his frequent bouts of illness hinder his work.",Fiction
9780553564938,0553564935,Magician,Raymond E. Feist,Fiction,http://books.google.com/books/content?id=uuuVPwAACAAJ&printsec=frontcover&img=1&zoom=1&source=gbs_api,"As a captive slave of the Tsurani, warlike invaders from another world, Pug, an apprentice sorcerer, learns to control his awesome magical powers in order to battle an ancient Evil",1993.0,4.26,499.0,57779.0,Magician: Master,"9780553564938 As a captive slave of the Tsurani, warlike invaders from another world, Pug, an apprentice sorcerer, learns to control his awesome magical powers in order to battle an ancient Evil",Fiction
9780553569971,055356997X,I. Asimov,Isaac Asimov,Biography & Autobiography,http://books.google.com/books/content?id=S4k-DwAAQBAJ&printsec=frontcover&img=1&zoom=1&source=gbs_api,"A self-portrait by the late master of science fiction and popular scientific thought looks back on his life and career, discussing his writings, religious beliefs, friendships and personal relationships, and innovative ideas. Reprint.",1995.0,4.19,578.0,1680.0,I. Asimov: A Memoir,"9780553569971 A self-portrait by the late master of science fiction and popular scientific thought looks back on his life and career, discussing his writings, religious beliefs, friendships and personal relationships, and innovative ideas. Reprint.",Nonfiction
9780553570687,0553570684,Happily Ever After,Kate William;Francine Pascal,Juvenile Fiction,http://books.google.com/books/content?id=21UKAAAACAAJ&printsec=frontcover&img=1&zoom=1&source=gbs_api,"In a conclusion to a three-part miniseries, Elizabeth avoids Prince Laurent because of his engagement to Antonia, but the prince breaks off his engagement to declare his love for Elizabeth. Original.",1997.0,3.6,199.0,242.0,Happily Ever After,"9780553570687 In a conclusion to a three-part miniseries, Elizabeth avoids Prince Laurent because of his engagement to Antonia, but the prince breaks off his engagement to declare his love for Elizabeth. Original.",Children's Fiction
9780553572490,0553572490,Vice,Jane Feather,Fiction,http://books.google.com/books/content?id=buXRUxtAh5YC&printsec=frontcover&img=1&zoom=1&source=gbs_api,"On the run since accidentally killing her elderly groom on their honeymoon, Juliana considers a shocking proposal by the handsome Duke of Redmayne in which she would pose as his mistress. Original.",1996.0,3.51,419.0,462.0,Vice,"9780553572490 On the run since accidentally killing her elderly groom on their honeymoon, Juliana considers a shocking proposal by the handsome Duke of Redmayne in which she would pose as his mistress. Original.",Fiction
9780553575651,0553575651,Ship of Destiny,Robin Hobb,Fiction,http://books.google.com/books/content?id=gFQ4r-B9pd0C&printsec=frontcover&img=1&zoom=1&source=gbs_api,"Chaos stalks the world as the war between Bingtown and Chalced escalates, Althea and Brashen cope with their blinded Liveship, and a powerful dragon, capable of untold destruction or redemption, appears.",2001.0,4.22,789.0,44120.0,Ship of Destiny,"9780553575651 Chaos stalks the world as the war between Bingtown and Chalced escalates, Althea and Brashen cope with their blinded Liveship, and a powerful dragon, capable of untold destruction or redemption, appears.",Fiction
9780553575958,0553575953,Floaters,Joseph Wambaugh,Fiction,http://books.google.com/books/content?id=Hu_yoIvxkDMC&printsec=frontcover&img=1&zoom=1&source=gbs_api,"With the arrival of the America's Cup regattas, San Diego Mission Bay cops Fortney and Leeds find their hands full and pursue cup contender Blaze, who sets off a bizarre criminal trail. Reprint.",1997.0,3.5,291.0,548.0,Floaters,"9780553575958 With the arrival of the America's Cup regattas, San Diego Mission Bay cops Fortney and Leeds find their hands full and pursue cup contender Blaze, who sets off a bizarre criminal trail. Reprint.",Fiction
9780553576009,0553576003,Tidings of Great Joy,Sandra Brown,Fiction,http://books.google.com/books/content?id=6W60GpT1FTMC&printsec=frontcover&img=1&zoom=1&source=gbs_api,A marriage of convenience between architect Ria Lavender and mayoral candidate Taylor MacKensie--the result of an unanticipated pregnancy--breaks out into a passionate fire at Christmas,1999.0,3.63,231.0,1656.0,Tidings of Great Joy,9780553576009 A marriage of convenience between architect Ria Lavender and mayoral candidate Taylor MacKensie--the result of an unanticipated pregnancy--breaks out into a passionate fire at Christmas,Fiction
9780553576054,0553576054,The Rana Look,Sandra Brown,Fiction,http://books.google.com/books/content?id=Et7QVZ2BnmoC&printsec=frontcover&img=1&zoom=1&source=gbs_api,"Tired of being treated as a commodity, Rana Ramsey, a top fashion model, decides to assume a new identity in a small Texas town, where she meets handsome quarterback, Trent Gamblin.",2003.0,3.5,256.0,2364.0,The Rana Look,"9780553576054 Tired of being treated as a commodity, Rana Ramsey, a top fashion model, decides to assume a new identity in a small Texas town, where she meets handsome quarterback, Trent Gamblin.",Fiction
9780553578126,055357812X,Legacy of the Darksword,Margaret Weis;Tracy Hickman,Fiction,http://books.google.com/books/content?id=qNWfgMIeBw8C&printsec=frontcover&img=1&zoom=1&source=gbs_api,The rise of an evil alien race empowered by a new form of magic forces the remnants of humanity to search for a newly forged Darksword,1998.0,3.46,400.0,133.0,Legacy of the Darksword,9780553578126 The rise of an evil alien race empowered by a new form of magic forces the remnants of humanity to search for a newly forged Darksword,Fiction
9780553579758,0553579754,Fear Nothing,Dean Ray Koontz,Fiction,http://books.google.com/books/content?id=Qq7iDO756qYC&printsec=frontcover&img=1&zoom=1&source=gbs_api,"Christopher Snow, a young man whose genetic disorder has made him dangerously vulnerable to light, witnesses a series of disturbing after-dark incidents that involve him in a violent mystery only he can solve. Reissue.",1998.0,3.99,448.0,30848.0,Fear Nothing,"9780553579758 Christopher Snow, a young man whose genetic disorder has made him dangerously vulnerable to light, witnesses a series of disturbing after-dark incidents that involve him in a violent mystery only he can solve. Reissue.",Fiction
9780553580518,0553580515,Passage,Connie Willis,Fiction,http://books.google.com/books/content?id=gbRDDwAAQBAJ&printsec=frontcover&img=1&zoom=1&source=gbs_api,"Joanna Lander, a clinical psychologist obsessed with near-death experiences, joins forces with Dr. Richard Wright, a neurologist who has discovered a way to manufacture NDEs with the help of a mind-altering drug.",2002.0,3.69,780.0,7177.0,Passage,"9780553580518 Joanna Lander, a clinical psychologist obsessed with near-death experiences, joins forces with Dr. Richard Wright, a neurologist who has discovered a way to manufacture NDEs with the help of a mind-altering drug.",Fiction
9780553580549,055358054X,The Truelove Bride,Shana Abé,Fiction,http://books.google.com/books/content?id=FHcJAAAACAAJ&printsec=frontcover&img=1&zoom=1&source=gbs_api,"Skeptical about magic, Avalon d'Farouche does not believe her alleged part in a mysterious legend, until Hanoch dies and his son returns from the Crusades to claim what is his--Avalon's heart. Original.",1999.0,3.66,357.0,374.0,The Truelove Bride,"9780553580549 Skeptical about magic, Avalon d'Farouche does not believe her alleged part in a mysterious legend, until Hanoch dies and his son returns from the Crusades to claim what is his--Avalon's heart. Original.",Fiction
9780553587074,0553587072,Industrial Magic,Kelley Armstrong,Fiction,http://books.google.com/books/content?id=gJBEmQEACAAJ&printsec=frontcover&img=1&zoom=1&source=gbs_api,"Paige Winterbourne matches wits with an otherworldly killer preying on the teenage offspring of the underworld's most influential Cabals, including the Cortez Cabal, whose own rebellious scion, Lucas, is Paige's boyfriend.",2004.0,4.13,528.0,757.0,Industrial Magic,"9780553587074 Paige Winterbourne matches wits with an otherworldly killer preying on the teenage offspring of the underworld's most influential Cabals, including the Cortez Cabal, whose own rebellious scion, Lucas, is Paige's boyfriend.",Fiction
9780553587241,0553587242,Beach Girls,Luanne Rice,Fiction,http://books.google.com/books/content?id=QT84GBfkL50C&printsec=frontcover&img=1&zoom=1&source=gbs_api,"Jack Kilvert returns to Hubbard's Point with his daughter, Nell, in the hopes of recapturing old friendships, and is reunited with reclusive artist Stevie Moore, the one-time best friend of his estranged sister, Madeleine.",2004.0,4.06,448.0,8026.0,Beach Girls,"9780553587241 Jack Kilvert returns to Hubbard's Point with his daughter, Nell, in the hopes of recapturing old friendships, and is reunited with reclusive artist Stevie Moore, the one-time best friend of his estranged sister, Madeleine.",Fiction
9780553588118,0553588117,Prince of the Blood,Raymond E. Feist,Fiction,http://books.google.com/books/content?id=GVrB3M5QJAAC&printsec=frontcover&img=1&zoom=1&source=gbs_api,"Percy is incredibly accident-prone, and holds the dubious record of the most accidents. Percy has had a small rivalary with Harold, however, they are always willing to help each other when in trouble.",2005.0,3.97,429.0,18852.0,Prince of the Blood,"9780553588118 Percy is incredibly accident-prone, and holds the dubious record of the most accidents. Percy has had a small rivalary with Harold, however, they are always willing to help each other when in trouble.",Fiction
9780553588262,0553588265,Forever Odd,Dean Ray Koontz,Fiction,http://books.google.com/books/content?id=5tVIOmhXsG4C&printsec=frontcover&img=1&zoom=1&source=gbs_api,"In the unique world of Pico, Odd--an unforgettable hero who lives between the living and the dead--takes a stand against evil in a battle where there are no innocent bystanders. Reprint.",2006.0,3.97,364.0,59417.0,Forever Odd,"9780553588262 In the unique world of Pico, Odd--an unforgettable hero who lives between the living and the dead--takes a stand against evil in a battle where there are no innocent bystanders. Reprint.",Fiction
9780553802023,055380202X,The Universe in a Nutshell,Stephen W. Hawking;STEPHEN W AUTOR HAWKING,Science,http://books.google.com/books/content?id=VXIc358dF4gC&printsec=frontcover&img=1&zoom=1&source=gbs_api,"The author explores recent scientific breakthroughs in the fields of supergravity, supersymmetry, quantum theory, superstring theory, and p-branes as he searches for the Theory of Everything that lies at the heart of the cosmos.",2001.0,4.15,216.0,27792.0,The Universe in a Nutshell,"9780553802023 The author explores recent scientific breakthroughs in the fields of supergravity, supersymmetry, quantum theory, superstring theory, and p-branes as he searches for the Theory of Everything that lies at the heart of the cosmos.",Nonfiction
9780571090242,0571090249,Death of a Naturalist,Seamus Heaney,Poetry,http://books.google.com/books/content?id=et6dAgAAQBAJ&printsec=frontcover&img=1&zoom=1&source=gbs_api,"Death of a Naturalist marks the auspicious outset of an acclaimed master. As a first book of poems, it is remarkable for its accurate perceptions and its rich linguistic gifts.",1969.0,4.29,57.0,63.0,Death of a Naturalist: Volume one,"9780571090242 Death of a Naturalist marks the auspicious outset of an acclaimed master. As a first book of poems, it is remarkable for its accurate perceptions and its rich linguistic gifts.",Fiction
9780571125296,0571125298,The Real Thing,Tom Stoppard,Drama,http://books.google.com/books/content?id=LNy0n77P2eYC&printsec=frontcover&img=1&zoom=1&source=gbs_api,"A tie-in edition to the upcoming Broadway revival of Tom Stoppard's extraordinary play about love and marriage--the work that has been called ""the most moving play"" (""The New York Times"") he has ever written.",1984.0,3.94,112.0,3469.0,The Real Thing: A Play,"9780571125296 A tie-in edition to the upcoming Broadway revival of Tom Stoppard's extraordinary play about love and marriage--the work that has been called ""the most moving play"" (""The New York Times"") he has ever written.",Fiction
9780571201150,0571201156,Letters Home,Sylvia Plath,"Authors, American",http://books.google.com/books/content?id=TKZTPgAACAAJ&printsec=frontcover&img=1&zoom=1&source=gbs_api,"This volume collects together Sylvia Plath's correspondence, addressed chiefly to her mother, from her time at Smith College in the early 1950s up to her suicide in London in February 1963.",1999.0,4.2,502.0,2326.0,"Letters Home: Correspondence, 1950-1963","9780571201150 This volume collects together Sylvia Plath's correspondence, addressed chiefly to her mother, from her time at Smith College in the early 1950s up to her suicide in London in February 1963.",Nonfiction
9780571202805,0571202802,Gilliam on Gilliam,Terry Gilliam;Ian Christie,Performing Arts,http://books.google.com/books/content?id=82RQJgAACAAJ&printsec=frontcover&img=1&zoom=1&source=gbs_api,"The candid filmaker turns his his vision inward to explore the motivation behind Monty Python and the Holy Grail, The Fisher King, Twelve Monkeys, and other groundbreaking films. Original.",1999.0,4.1,294.0,255.0,Gilliam on Gilliam,"9780571202805 The candid filmaker turns his his vision inward to explore the motivation behind Monty Python and the Holy Grail, The Fisher King, Twelve Monkeys, and other groundbreaking films. Original.",Nonfiction
9780571203123,0571203124,My Century,Günter Grass,"History, Modern",http://books.google.com/books/content?id=5MOAPwAACAAJ&printsec=frontcover&img=1&zoom=1&source=gbs_api,"Here, Gunter Grass writes of great events and seemingly trivial ones, of technical developments and scientific discoveries, of achievements in culture, sport, of megolamania, persecution and murder, war and disasters and of new beginnnings.",2000.0,3.45,248.0,775.0,My Century,"9780571203123 Here, Gunter Grass writes of great events and seemingly trivial ones, of technical developments and scientific discoveries, of achievements in culture, sport, of megolamania, persecution and murder, war and disasters and of new beginnnings.",Nonfiction
9780571203154,0571203159,Taxi Driver,Paul Schrader,Performing Arts,http://books.google.com/books/content?id=MITuHAAACAAJ&printsec=frontcover&img=1&zoom=1&source=gbs_api,A drama about a New York cab driver is driven to obsession when he attempts to save a teenage prostitute and embarks on a violent rampage against a world of filth and corruption.,2000.0,4.11,116.0,986.0,Taxi Driver,9780571203154 A drama about a New York cab driver is driven to obsession when he attempts to save a teenage prostitute and embarks on a violent rampage against a world of filth and corruption.,Fiction
9780571207565,0571207561,Collected Children's Stories,Sylvia Plath,"Children's poetry, American",http://books.google.com/books/content?id=i6oCGwAACAAJ&printsec=frontcover&img=1&zoom=1&source=gbs_api,"Three classic children's stories, Mrs Cherry's Kitchen, The Bed Book and The It Doesn't Matter Suit, collected together in one volume for the first time.",2001.0,4.22,54.0,111.0,Collected Children's Stories,"9780571207565 Three classic children's stories, Mrs Cherry's Kitchen, The Bed Book and The It Doesn't Matter Suit, collected together in one volume for the first time.",Fiction
9780582418271,0582418275,The Firm,John Grisham,Fiction,http://books.google.com/books/content?id=0qI5ngEACAAJ&printsec=frontcover&img=1&zoom=1&source=gbs_api,"Mitch McDeere, a Harvard Law graduate, becomes suspicious of his Memphis tax firm when mysterious deaths, obsessive office security, and the Chicago mob figure into its operations.",1999.0,4.0,76.0,522946.0,The Firm,"9780582418271 Mitch McDeere, a Harvard Law graduate, becomes suspicious of his Memphis tax firm when mysterious deaths, obsessive office security, and the Chicago mob figure into its operations.",Fiction
9780590032490,0590032496,The witches,Roald Dahl,Juvenile Nonfiction,http://books.google.com/books/content?id=tpQxolGFYSkC&printsec=frontcover&img=1&zoom=1&source=gbs_api,"A young boy and his Norwegian grandmother, who is an expert on witches, together foil a witches' plot to destroy the world's children by turning them into mice.",1997.0,4.17,208.0,254867.0,The witches,"9780590032490 A young boy and his Norwegian grandmother, who is an expert on witches, together foil a witches' plot to destroy the world's children by turning them into mice.",Children's Nonfiction
9780590255226,0590255223,Something Fishy at Macdonald Hall,Gordon Korman,Juvenile Fiction,http://books.google.com/books/content?id=Cdw3HQAACAAJ&printsec=frontcover&img=1&zoom=1&source=gbs_api,"Just as the Headmaster of Macdonald Hall is on the verge of retirement, a wave of practical jokes hits the school, and roommates Bruno and Boots become prime suspects.",2000.0,4.04,208.0,901.0,Something Fishy at Macdonald Hall,"9780590255226 Just as the Headmaster of Macdonald Hall is on the verge of retirement, a wave of practical jokes hits the school, and roommates Bruno and Boots become prime suspects.",Children's Fiction
9780590321143,0590321145,Blind Flight,Hilary Milton,Blind,http://books.google.com/books/content?id=4BiSkciyNYIC&printsec=frontcover&img=1&zoom=1&source=gbs_api,"Flying with her uncle in his small plane, 13-year-old Debbie who has been blind for about a year must suddenly take control of the plane when her uncle loses consciousness.",1982.0,3.71,122.0,23.0,Blind Flight,"9780590321143 Flying with her uncle in his small plane, 13-year-old Debbie who has been blind for about a year must suddenly take control of the plane when her uncle loses consciousness.",Nonfiction
9780590419277,0590419277,Radio Fifth Grade,Gordon Korman,Juvenile Fiction,http://books.google.com/books/content?id=F65B2m_PckgC&printsec=frontcover&img=1&zoom=1&edge=curl&source=gbs_api,"Mayhem breaks out in the fifth grade when the Venice Menace bullies his classmates into letting him become a regular guest on ""Kidsview,"" the school's radio program.",1991.0,3.55,192.0,509.0,Radio Fifth Grade,"9780590419277 Mayhem breaks out in the fifth grade when the Venice Menace bullies his classmates into letting him become a regular guest on ""Kidsview,"" the school's radio program.",Children's Fiction
9780590422673,0590422677,Avalanche,Arthur Roth,Adult education,,"Chris Palmer is always competing with his brother, a star athlete. During a skiing trip, his rifle sets off a thundering avalanche, leaving Chris buried alive under a mountain of snow.",1989.0,3.65,144.0,260.0,Avalanche,"9780590422673 Chris Palmer is always competing with his brother, a star athlete. During a skiing trip, his rifle sets off a thundering avalanche, leaving Chris buried alive under a mountain of snow.",Nonfiction
9780590488150,0590488155,On the Banks of Plum Creek,Laura Ingalls Wilder,Family,http://books.google.com/books/content?id=DTMo9tftGN8C&printsec=frontcover&img=1&zoom=1&source=gbs_api,"Laura and her family move to Minnesota where they live in a dugout until a new house is built and face misfortunes caused by flood, blizzard, and grasshoppers.",1965.0,4.2,339.0,187.0,On the Banks of Plum Creek,"9780590488150 Laura and her family move to Minnesota where they live in a dugout until a new house is built and face misfortunes caused by flood, blizzard, and grasshoppers.",Nonfiction
9780590692083,0590692089,Mary Anne and the Little Princess,Ann M. Martin,Juvenile Fiction,http://books.google.com/books/content?id=Wl30GwAACAAJ&printsec=frontcover&img=1&zoom=1&source=gbs_api,"Eight-year-old Victoria Kent, distantly in line for the British throne, is spending six months in the states with her parents and Mary Anne is hired as her companion.",1996.0,3.58,142.0,15.0,Mary Anne and the Little Princess,"9780590692083 Eight-year-old Victoria Kent, distantly in line for the British throne, is spending six months in the states with her parents and Mary Anne is hired as her companion.",Children's Fiction
9780590764704,0590764705,"Good-bye Stacey, Good-bye",Ann M. Martin,English language,http://books.google.com/books/content?id=BKx1KAAACAAJ&printsec=frontcover&img=1&zoom=1&source=gbs_api,Stacey and her parents are moving back to New York! Not only are the Babysitters losing their treasurer but Claudia is losing her best friend.,1988.0,3.65,132.0,2623.0,"Good-bye Stacey, Good-bye: K",9780590764704 Stacey and her parents are moving back to New York! Not only are the Babysitters losing their treasurer but Claudia is losing her best friend.,Fiction
9780590849029,0590849026,Angels Don't Know Karate,Debbie Dadey;Marcia Thornton Jones,Juvenile Fiction,,"Miss Angela Michaels, the new karate teacher in Bailey City, who is also the school crossing guard, is so kind and generous that Melody becomes convinced that she is a guardian angel. Original.",1996.0,3.8,67.0,727.0,Angels Don't Know Karate,"9780590849029 Miss Angela Michaels, the new karate teacher in Bailey City, who is also the school crossing guard, is so kind and generous that Melody becomes convinced that she is a guardian angel. Original.",Children's Fiction
9780590988490,0590988492,Wanted!,Caroline B. Cooney,Juvenile Fiction,,"When her father is murdered and the police obtain an e-mail confession that implicates her, Alice Robie realizes she will have to flee and prove her innocence. Original.",1997.0,3.68,230.0,1924.0,Wanted!,"9780590988490 When her father is murdered and the police obtain an e-mail confession that implicates her, Alice Robie realizes she will have to flee and prove her innocence. Original.",Children's Fiction
9780595272099,0595272096,Vesco from Wall Street to Castro's Cuba,Arthur Herzog,BIOGRAPHY & AUTOBIOGRAPHY,http://books.google.com/books/content?id=RWAP4tMr7PUC&printsec=frontcover&img=1&zoom=1&edge=curl&source=gbs_api,"The account of Robert Vesco, the Kingfish, who bilked investors of $250 million dollars in the early seventies and fled the country just ahead of the Feds, ultimately landing in Cuba.",2003.0,4.17,408.0,5.0,"Vesco from Wall Street to Castro's Cuba: The Rise, Fall, and Exile of the King of White Collar Crime","9780595272099 The account of Robert Vesco, the Kingfish, who bilked investors of $250 million dollars in the early seventies and fled the country just ahead of the Feds, ultimately landing in Cuba.",Nonfiction
9780595321803,0595321801,The Changeling,Zilpha Keatley Snyder,Juvenile Fiction,http://books.google.com/books/content?id=bpaT5DgvTdgC&printsec=frontcover&img=1&zoom=1&edge=curl&source=gbs_api,"Had it not been for the firm belief of two young girls that one of them was a changeling, their lives would have been very different.",2004.0,4.17,228.0,1155.0,The Changeling,"9780595321803 Had it not been for the firm belief of two young girls that one of them was a changeling, their lives would have been very different.",Children's Fiction
9780596003067,0596003064,High performance MySQL,Jeremy D. Zawodny;Derek J. Balling,Computers,http://books.google.com/books/content?id=pspQAAAAMAAJ&printsec=frontcover&img=1&zoom=1&source=gbs_api,"A guide for MySQL administrators covers such topics as benchmarking, indexes, the stages of processing a query, hardware configuations, copying data to multiple servers, and preventing hardware failure.",2004.0,4.24,304.0,388.0,"High performance MySQL: optimization, backups, replication and load balancing","9780596003067 A guide for MySQL administrators covers such topics as benchmarking, indexes, the stages of processing a query, hardware configuations, copying data to multiple servers, and preventing hardware failure.",Nonfiction
9780596527419,0596527411,CSS Cookbook,Christopher Schmitt,Computers,,"Provides information and examples on using CSS to format Web pages, covering such topics as Web typography, links, navigation, page layouts, and Web site design.",2006.0,3.88,516.0,161.0,CSS Cookbook,"9780596527419 Provides information and examples on using CSS to format Web pages, covering such topics as Web typography, links, navigation, page layouts, and Web site design.",Nonfiction
9780613013376,0613013379,Theater Shoes,Noel Streatfeild,Juvenile Fiction,http://books.google.com/books/content?id=SDntRC5-ZwUC&printsec=frontcover&img=1&zoom=1&source=gbs_api,"When their father is captured during the war, three children come to London to live with their grandmother and join all the cousins of their talented theatrical family in a school for stage training.",1994.0,4.02,252.0,82.0,Theater Shoes,"9780613013376 When their father is captured during the war, three children come to London to live with their grandmother and join all the cousins of their talented theatrical family in a school for stage training.",Children's Fiction
9780618056736,0618056734,Unweaving the Rainbow,Richard Dawkins,Science,http://books.google.com/books/content?id=GWj0q_rdvd8C&printsec=frontcover&img=1&zoom=1&source=gbs_api,"Offers an assessment of what science is, how it feeds the human appetite for wonder, and how ""unweaving"" the mysteries of science can be even more beautiful than the mystery itself.",2000.0,4.02,352.0,9168.0,"Unweaving the Rainbow: Science, Delusion and the Appetite for Wonder","9780618056736 Offers an assessment of what science is, how it feeds the human appetite for wonder, and how ""unweaving"" the mysteries of science can be even more beautiful than the mystery itself.",Nonfiction
9780618057023,0618057021,J.R.R. Tolkien,Humphrey Carpenter,Biography & Autobiography,http://books.google.com/books/content?id=PaP8XzOxTpQC&printsec=frontcover&img=1&zoom=1&source=gbs_api,"Carefully traces Tolkien's life, revealing surprising links between his own experience and his written works, especially The Lord of the Rings trilogy and Silmarillion. Reprint.",2000.0,4.06,304.0,8606.0,J.R.R. Tolkien: A Biography,"9780618057023 Carefully traces Tolkien's life, revealing surprising links between his own experience and his written works, especially The Lord of the Rings trilogy and Silmarillion. Reprint.",Nonfiction
9780618127337,061812733X,Stern Men,Elizabeth Gilbert,Fiction,http://books.google.com/books/content?id=coBvZTs5Yf8C&printsec=frontcover&img=1&zoom=1&edge=curl&source=gbs_api,"Ruth Thomas, a spunky young woman born into the midst of a feud between two factions of Maine lobstermen, manages to negotiate an end to the conflict. A first novel. Reprint.",2001.0,3.39,304.0,4065.0,Stern Men,"9780618127337 Ruth Thomas, a spunky young woman born into the midst of a feud between two factions of Maine lobstermen, manages to negotiate an end to the conflict. A first novel. Reprint.",Fiction
9780618127368,0618127364,Colter,Rick Bass,Biography & Autobiography,http://books.google.com/books/content?id=3irVaKvVuLIC&printsec=frontcover&img=1&zoom=1&edge=curl&source=gbs_api,"The author shares his memories of his favorite dog, Colter, and the diverse ways in which he transformed the author's life, in a look at the dynamic relationship between humans and dogs.",2001.0,3.86,208.0,446.0,Colter: The True Story of the Best Dog I Ever Had,"9780618127368 The author shares his memories of his favorite dog, Colter, and the diverse ways in which he transformed the author's life, in a look at the dynamic relationship between humans and dogs.",Nonfiction
9780618134304,0618134301,Henry Adams and the Making of America,Garry Wills;Pulitzer Prize-Winning Journalist and Historian Garry Wills,Biography & Autobiography,http://books.google.com/books/content?id=idzRhAdjnysC&printsec=frontcover&img=1&zoom=1&edge=curl&source=gbs_api,"A profile of nineteenth-century historian Henry Adams assesses his influence on the study of history, discussing his use of archival sources, firsthand reportage, eyewitness accounts that transformed historical study.",2005.0,3.79,480.0,91.0,Henry Adams and the Making of America,"9780618134304 A profile of nineteenth-century historian Henry Adams assesses his influence on the study of history, discussing his use of archival sources, firsthand reportage, eyewitness accounts that transformed historical study.",Nonfiction
9780618181902,0618181903,Hear the Wind Blow,Mary Downing Hahn,Juvenile Fiction,http://books.google.com/books/content?id=BVFAmAEACAAJ&printsec=frontcover&img=1&zoom=1&source=gbs_api,"With their mother dead and their home burned, a thirteen-year-old boy and his little sister set out across Virginia in search of relatives during the final days of the Civil War.",2003.0,4.05,224.0,246.0,Hear the Wind Blow,"9780618181902 With their mother dead and their home burned, a thirteen-year-old boy and his little sister set out across Virginia in search of relatives during the final days of the Civil War.",Children's Fiction
9780618254118,0618254110,Queen of Scots,John Alexander Guy,History,http://books.google.com/books/content?id=PmqqAQAACAAJ&printsec=frontcover&img=1&zoom=1&source=gbs_api,"A new historian of Mary Queen of Scots draws on new sources to shatter various myths surrounding this odd monarch and uncover some of the scandals and political machinations underpinning, and undermining, her throne.",2004.0,3.95,581.0,1637.0,Queen of Scots: The True Life of Mary Stuart,"9780618254118 A new historian of Mary Queen of Scots draws on new sources to shatter various myths surrounding this odd monarch and uncover some of the scandals and political machinations underpinning, and undermining, her throne.",Nonfiction
9780618260225,0618260226,The Lord of the Rings,Brian Sibley,Performing Arts,http://books.google.com/books/content?id=7bT5gO7CrVMC&printsec=frontcover&img=1&zoom=1&source=gbs_api,"Discusses the making of the movie trilogy based on J.R.R. Tolkien's ""The Lord of the Rings,"" covering topics including filming locations, special effects, costumes, battle scenes, characters, and music.",2002.0,4.46,192.0,7624.0,The Lord of the Rings: The Making of the Movie Trilogy,"9780618260225 Discusses the making of the movie trilogy based on J.R.R. Tolkien's ""The Lord of the Rings,"" covering topics including filming locations, special effects, costumes, battle scenes, characters, and music.",Fiction
9780618260300,0618260307,"The Hobbit, Or, There and Back Again",John Ronald Reuel Tolkien,Juvenile Fiction,http://books.google.com/books/content?id=ljWL5A7D2JAC&printsec=frontcover&img=1&zoom=1&source=gbs_api,"A newly rejacketed edition of the classic tale chronicles the adventures of the inhabitants of Middle-earth and of Bilbo Baggins, the hobbit who brought home to The Shire the One Ring of Power.",2001.0,4.26,366.0,2364968.0,"The Hobbit, Or, There and Back Again","9780618260300 A newly rejacketed edition of the classic tale chronicles the adventures of the inhabitants of Middle-earth and of Bilbo Baggins, the hobbit who brought home to The Shire the One Ring of Power.",Children's Fiction
9780618260584,0618260587,The Lord of the Rings,John Ronald Reuel Tolkien,Fiction,http://books.google.com/books/content?id=c-izugEACAAJ&printsec=frontcover&img=1&zoom=1&source=gbs_api,"An epic detailing the Great War of the Ring, a struggle between good and evil in Middle-Earth, in which the tiny Hobbits play a key role.",2002.0,4.49,1216.0,1606.0,The Lord of the Rings,"9780618260584 An epic detailing the Great War of the Ring, a struggle between good and evil in Middle-Earth, in which the tiny Hobbits play a key role.",Fiction
9780618339556,0618339558,Fergus and the Night-Demon,Jim Murphy,Juvenile Fiction,http://books.google.com/books/content?id=OKeoo26uyvUC&printsec=frontcover&img=1&zoom=1&source=gbs_api,"On his way to town to have some fun, a lazy but clever young man faces a terrible demon, who declares that his time has come.",2006.0,3.71,32.0,70.0,Fergus and the Night-Demon: An Irish Ghost Story,"9780618339556 On his way to town to have some fun, a lazy but clever young man faces a terrible demon, who declares that his time has come.",Children's Fiction
9780618391103,061839110X,The Maps of Tolkien's Middle-earth,Brian Sibley,Fiction,http://books.google.com/books/content?id=gCENA64Y-O4C&printsec=frontcover&img=1&zoom=1&source=gbs_api,"Includes four posters depicting Tolkien's world of Middle-Earth with maps from The Hobbit, Beleriand, and Numenor, accompanied by a manual describing the signicance of geographical evolution in the author's works.",2003.0,4.13,80.0,7585.0,The Maps of Tolkien's Middle-earth,"9780618391103 Includes four posters depicting Tolkien's world of Middle-Earth with maps from The Hobbit, Beleriand, and Numenor, accompanied by a manual describing the signicance of geographical evolution in the author's works.",Fiction
9780618477906,061847790X,Trip to the North Pole,Ellen Weiss;Robert Zemeckis;William Broyles;Chris Van Allsburg,Fiction,http://books.google.com/books/content?id=QgVmKEDNkrsC&printsec=frontcover&img=1&zoom=1&source=gbs_api,"On Christmas eve, a young boy joins some other children on a magical train ride to the North Pole, in an adaptation of the new movie being released this holiday season. Original.",2004.0,3.62,128.0,53.0,Trip to the North Pole,"9780618477906 On Christmas eve, a young boy joins some other children on a magical train ride to the North Pole, in an adaptation of the new movie being released this holiday season. Original.",Fiction
9780618554591,0618554599,Firefighters in the Dark,Dashka Slater;Nicoletta Ceccoli,Juvenile Fiction,http://books.google.com/books/content?id=Ee5sT-sVtyoC&printsec=frontcover&img=1&zoom=1&source=gbs_api,"While in bed at night, an imaginative child hears sirens from the nearby fire station and creates fantastic stories about what the firefighters are going to do.",2006.0,3.62,32.0,84.0,Firefighters in the Dark,"9780618554591 While in bed at night, an imaginative child hears sirens from the nearby fire station and creates fantastic stories about what the firefighters are going to do.",Children's Fiction
9780618619078,0618619070,Bury the Chains,Adam Hochschild,History,http://books.google.com/books/content?id=8p6c9N5K2i0C&printsec=frontcover&img=1&zoom=1&edge=curl&source=gbs_api,"Offers an account of the first great human rights crusade, which originated in England in the 1780s and resulted in the freeing of hundreds of thousands of slaves around the world.",2006.0,4.27,496.0,1258.0,Bury the Chains: Prophets and Rebels in the Fight to Free an Empire's Slaves,"9780618619078 Offers an account of the first great human rights crusade, which originated in England in the 1780s and resulted in the freeing of hundreds of thousands of slaves around the world.",Nonfiction
9780618619160,061861916X,The Ancestor's Tale,Richard Dawkins;Yan Wong,Science,http://books.google.com/books/content?id=rR9XPnaqvCMC&printsec=frontcover&img=1&zoom=1&edge=curl&source=gbs_api,"A renowned biologist provides a sweeping chronicle of more than four billion years of life on Earth, shedding new light on evolutionary theory and history, sexual selection, speciation, extinction, and genetics.",2005.0,4.13,688.0,18593.0,The Ancestor's Tale: A Pilgrimage to the Dawn of Evolution,"9780618619160 A renowned biologist provides a sweeping chronicle of more than four billion years of life on Earth, shedding new light on evolutionary theory and history, sexual selection, speciation, extinction, and genetics.",Nonfiction
9780618711666,061871166X,The Hungry Tide,Amitav Ghosh,Fiction,http://books.google.com/books/content?id=LN16i5rklB4C&printsec=frontcover&img=1&zoom=1&edge=curl&source=gbs_api,"Presents a novel of life in modern India, chronicling the interwoven journey of an American marine biologist and a Delhi businessman who travel to the remote Sundarban islands.",2006.0,3.94,333.0,11220.0,The Hungry Tide,"9780618711666 Presents a novel of life in modern India, chronicling the interwoven journey of an American marine biologist and a Delhi businessman who travel to the remote Sundarban islands.",Fiction
9780618894642,0618894640,Children of Húrin,John Ronald Reuel Tolkien,Fiction,http://books.google.com/books/content?id=W6crAQAAIAAJ&printsec=frontcover&img=1&zoom=1&source=gbs_api,"A fantasy adventure saga set in the early days of Middle-Earth features humans and elves, dwarves and dragons, orcs and dark sorcerers clashing in an epic battle between good and evil.",2007.0,3.97,313.0,2612.0,Children of Húrin,"9780618894642 A fantasy adventure saga set in the early days of Middle-Earth features humans and elves, dwarves and dragons, orcs and dark sorcerers clashing in an epic battle between good and evil.",Fiction
9780631231271,0631231277,Philosophical Investigations,Ludwig Wittgenstein,Philosophy,http://books.google.com/books/content?id=JoPYriJM1cwC&printsec=frontcover&img=1&zoom=1&source=gbs_api,"The Philosophical Investigations of Ludwig Wittgenstein (1889-1951) present his own distillation of two decades of intense work on the philosophies of mind, language and meaning.",1991.0,4.23,464.0,10629.0,"Philosophical Investigations: The German Text, with a Revised English Translation 50th Anniversary Commemorative Edition","9780631231271 The Philosophical Investigations of Ludwig Wittgenstein (1889-1951) present his own distillation of two decades of intense work on the philosophies of mind, language and meaning.",Nonfiction
9780671001957,0671001957,Pieces,Stephen Chbosky,Fiction,http://books.google.com/books/content?id=p4wiuiViP0IC&printsec=frontcover&img=1&zoom=1&edge=curl&source=gbs_api,"Collects short stories written by winners of MTV's ""Write Stuff"" competition, expressing change and life's experiences, such as broken engagements, doomed relationships, and reunions between high school friends.",2000.0,3.52,155.0,1087.0,Pieces,"9780671001957 Collects short stories written by winners of MTV's ""Write Stuff"" competition, expressing change and life's experiences, such as broken engagements, doomed relationships, and reunions between high school friends.",Fiction
9780671020828,067102082X,The Gun Seller,Hugh Laurie,Fiction,http://books.google.com/books/content?id=8DJq3GXqGP8C&printsec=frontcover&img=1&zoom=1&edge=curl&source=gbs_api,"A spoof of the spy genre set in Britain features a drifter who orchestrates a magnificent caper involving the CIA, international terrorists, arms dealers, a high-speed chase on skis, and buxom, blonde beauties.",1998.0,3.68,340.0,14183.0,The Gun Seller,"9780671020828 A spoof of the spy genre set in Britain features a drifter who orchestrates a magnificent caper involving the CIA, international terrorists, arms dealers, a high-speed chase on skis, and buxom, blonde beauties.",Fiction
9780671024208,0671024205,The October Horse,Colleen McCullough,Fiction,http://books.google.com/books/content?id=XWWDrNeqFgUC&printsec=frontcover&img=1&zoom=1&source=gbs_api,"Now in paperback--the sweeping epic of ancient Rome from the #1 bestselling author of ""The Thorn Birds"" that brings to life Gaius Julius Caesar during the last days of the Roman Republic.",2003.0,4.28,1110.0,4186.0,The October Horse,"9780671024208 Now in paperback--the sweeping epic of ancient Rome from the #1 bestselling author of ""The Thorn Birds"" that brings to life Gaius Julius Caesar during the last days of the Roman Republic.",Fiction
9780671024819,0671024817,Wither,J G Passarella,Fiction,http://books.google.com/books/content?id=L3ANZWIU2RgC&printsec=frontcover&img=1&zoom=1&source=gbs_api,"When a quiet college town is invaded by bloodhungry demons, a savvy college freshman teams up with a local amateur historian to uncover a terrifying crime in the town's past. Reprint.",2000.0,3.72,438.0,531.0,Wither,"9780671024819 When a quiet college town is invaded by bloodhungry demons, a savvy college freshman teams up with a local amateur historian to uncover a terrifying crime in the town's past. Reprint.",Fiction
9780671027636,0671027638,The Fuck Up,Arthur Nersesian,Fiction,http://books.google.com/books/content?id=Szo1AwAAQBAJ&printsec=frontcover&img=1&zoom=1&edge=curl&source=gbs_api,"A dark comedy of urban life features an aspiring, but incompetent, writer, who is dumped by his girlfriend, fired for asking for a raise, and stumbles into a robbery",1999.0,3.57,304.0,10013.0,The Fuck Up,"9780671027636 A dark comedy of urban life features an aspiring, but incompetent, writer, who is dumped by his girlfriend, fired for asking for a raise, and stumbles into a robbery",Fiction
9780671039745,0671039741,Salem's Lot,Stephen King,Fiction,http://books.google.com/books/content?id=ZZ-fPwAACAAJ&printsec=frontcover&img=1&zoom=1&source=gbs_api,"In a classic tale of horror by Stephen King, a man returns to his hometown of Jerusalem's Lot, Maine, only to find it infested with vampires. Reprint.",1999.0,4.01,631.0,3386.0,Salem's Lot,"9780671039745 In a classic tale of horror by Stephen King, a man returns to his hometown of Jerusalem's Lot, Maine, only to find it infested with vampires. Reprint.",Fiction
9780671039943,0671039946,Ice,V. C. Andrews,Fiction,http://books.google.com/books/content?id=kdBWlQEACAAJ&printsec=frontcover&img=1&zoom=1&source=gbs_api,"Ice Goodman, a troubled young girl, must draw on her extraordinary singing voice to escape the tragedy, deception, and her mother's jealousy that threaten to destroy her world. Original.",2001.0,3.75,208.0,2406.0,Ice,"9780671039943 Ice Goodman, a troubled young girl, must draw on her extraordinary singing voice to escape the tragedy, deception, and her mother's jealousy that threaten to destroy her world. Original.",Fiction
9780671417017,0671417010,Confessions of an Actor,Laurence Oliver,Performing Arts,,"An autobiography by the English actor discusses his theatrical and film career and offers a candid account of his personal life, focusing on his relationship with actress Vivien Leigh",1982.0,3.71,348.0,272.0,Confessions of an Actor: Laurence Olivier an Autobiography/#07444,"9780671417017 An autobiography by the English actor discusses his theatrical and film career and offers a candid account of his personal life, focusing on his relationship with actress Vivien Leigh",Nonfiction
9780671447540,0671447548,Mornings on Horseback,David McCullough,Biography & Autobiography,http://books.google.com/books/content?id=FwemES2QqsUC&printsec=frontcover&img=1&zoom=1&edge=curl&source=gbs_api,"Examines the life of Theodore Roosevelt from age ten to twenty-seven, focusing on the influence of his family relationships and experiences on his growth to manhood",1982.0,4.12,445.0,21832.0,"Mornings on Horseback: The Story of an Extraordinary Family, a Vanished Way of Life and the Unique Child Who Became Theodore Roosevelt","9780671447540 Examines the life of Theodore Roosevelt from age ten to twenty-seven, focusing on the influence of his family relationships and experiences on his growth to manhood",Nonfiction
9780671519162,0671519166,Guilty as Charged,Scott Turow,Fiction,http://books.google.com/books/content?id=oBqZfJNVr_cC&printsec=frontcover&img=1&zoom=1&source=gbs_api,"An anthology of courtroom drama and whodunit suspense includes short works by such popular authors as John Lutz, Stuart Kaminsky, Jay Brandon, John Jakes, Lia Matera, and Bill Brozini. Original.",1996.0,3.76,10.0,147.0,Guilty as Charged: A Mystery Writers of America Anthology,"9780671519162 An anthology of courtroom drama and whodunit suspense includes short works by such popular authors as John Lutz, Stuart Kaminsky, Jay Brandon, John Jakes, Lia Matera, and Bill Brozini. Original.",Fiction
9780671524098,0671524097,Sharp Edges,Jayne Ann Krentz,Fiction,http://books.google.com/books/content?id=qaphBUh4GHYC&printsec=frontcover&img=1&zoom=1&source=gbs_api,"A museum curator and a rough-hewn private investigator enter the sinister, high-stakes world of priceless art, where they discover that the most valuable commodity is knowing whom to trust",1998.0,3.86,368.0,2794.0,Sharp Edges,"9780671524098 A museum curator and a rough-hewn private investigator enter the sinister, high-stakes world of priceless art, where they discover that the most valuable commodity is knowing whom to trust",Fiction
9780671662349,0671662341,Anne Frank Remembered,Miep Gies;Alison Leslie Gold,History,http://books.google.com/books/content?id=7wO8QDEanr8C&printsec=frontcover&img=1&zoom=1&edge=curl&source=gbs_api,"The reminiscences of Miep Gies, the woman who hid the Frank family in Amsterdam during the Second World War, presents a vivid story of life under Nazi occupation.",1988.0,4.28,252.0,52443.0,Anne Frank Remembered: The Story of the Woman who Helped to Hide the Frank Family,"9780671662349 The reminiscences of Miep Gies, the woman who hid the Frank family in Amsterdam during the Second World War, presents a vivid story of life under Nazi occupation.",Nonfiction
9780671704643,0671704648,Cyclops,Clive Cussler,Fiction,http://books.google.com/books/content?id=r-sliMbOibQC&printsec=frontcover&img=1&zoom=1&edge=curl&source=gbs_api,A secret moon base called the Jersey Colony constructed by a group of powerful Americans and a secret American/Cuban pact between the president and Fidel Castro challenges all of Dirk Pitt's incomparable skills,1989.0,3.87,473.0,11445.0,Cyclops,9780671704643 A secret moon base called the Jersey Colony constructed by a group of powerful Americans and a secret American/Cuban pact between the president and Fidel Castro challenges all of Dirk Pitt's incomparable skills,Fiction
9780671727796,0671727796,The Color Purple,Alice Walker,Fiction,http://books.google.com/books/content?id=kCIGPi0G49cC&printsec=frontcover&img=1&zoom=1&source=gbs_api,"The lives of two sisters--Nettie, a missionary in Africa, and Celie, a southern woman married to a man she hates--are revealed in a series of letters exchanged over thirty years",1985.0,4.19,295.0,425928.0,The Color Purple,"9780671727796 The lives of two sisters--Nettie, a missionary in Africa, and Celie, a southern woman married to a man she hates--are revealed in a series of letters exchanged over thirty years",Fiction
9780671728205,0671728202,Night of the Fox,Jack Higgins,Fiction,http://books.google.com/books/content?id=UYkBG9eGyq0C&printsec=frontcover&img=1&zoom=1&edge=curl&source=gbs_api,"When an American officer who knows the time and place of the D-Day invasion disappears in German-occupied Jersey, the Allies choose Harry Martineau to direct the rescue mission",1991.0,3.91,352.0,4808.0,Night of the Fox,"9780671728205 When an American officer who knows the time and place of the D-Day invasion disappears in German-occupied Jersey, the Allies choose Harry Martineau to direct the rescue mission",Fiction
9780671731427,0671731424,Wolf's Hour,Robert McCammon,Fiction,http://books.google.com/books/content?id=p6rfbhztTewC&printsec=frontcover&img=1&zoom=1&edge=curl&source=gbs_api,"This book is a remarkable tale of pulse-pounding excitement with a uniquely sympathetic, fascinating portrait of the werewolf as nobel warrior-and conflicted being. Complex, compelling and utterly real.",1990.0,4.05,603.0,8478.0,Wolf's Hour,"9780671731427 This book is a remarkable tale of pulse-pounding excitement with a uniquely sympathetic, fascinating portrait of the werewolf as nobel warrior-and conflicted being. Complex, compelling and utterly real.",Fiction
9780671732486,067173248X,Power of Silence,Carlos Castaneda,Fiction,http://books.google.com/books/content?id=yWLDWbieTM4C&printsec=frontcover&img=1&zoom=1&edge=curl&source=gbs_api,"Carlos recollects more of the teachings of Don Juan, including the true importance and meaning of sorcery and magic, and the illusory nature of all realities",1991.0,4.21,288.0,2189.0,Power of Silence,"9780671732486 Carlos recollects more of the teachings of Don Juan, including the true importance and meaning of sorcery and magic, and the illusory nature of all realities",Fiction
9780671732523,0671732528,Tales of Power,Carlos Castaneda,Fiction,http://books.google.com/books/content?id=jiUZLptkQmwC&printsec=frontcover&img=1&zoom=1&edge=curl&source=gbs_api,"Carlos is taught his last lessons by Don Juan before he and Don Genaro disappear, including the concepts of naugal and tonal, and the ways of the impeccable warrior",1992.0,4.15,304.0,4405.0,Tales of Power,"9780671732523 Carlos is taught his last lessons by Don Juan before he and Don Genaro disappear, including the concepts of naugal and tonal, and the ways of the impeccable warrior",Fiction
9780671742515,0671742515,Long Dark Tea-Time of the Soul,Douglas Adams,Fiction,http://books.google.com/books/content?id=h7pjdEPBeGUC&printsec=frontcover&img=1&zoom=1&edge=curl&source=gbs_api,"When a passenger check-in desk shoots through the roof of a terminal at Heathrow Airport in flames, Dirk Gently investigates the cosmic forces at play",1990.0,4.06,307.0,65988.0,Long Dark Tea-Time of the Soul,"9780671742515 When a passenger check-in desk shoots through the roof of a terminal at Heathrow Airport in flames, Dirk Gently investigates the cosmic forces at play",Fiction
9780671792800,0671792806,Principle Centered Leadership,Stephen R. Covey,Business & Economics,http://books.google.com/books/content?id=w4zCIPZrniQC&printsec=frontcover&img=1&zoom=1&edge=curl&source=gbs_api,The author invites business readers to center their professional lives around principles of excellence and quality and discusses the six conditions of effectiveness and the patterns of organizational excellence,1992.0,4.09,336.0,14453.0,Principle Centered Leadership,9780671792800 The author invites business readers to center their professional lives around principles of excellence and quality and discusses the six conditions of effectiveness and the patterns of organizational excellence,Nonfiction
9780671854058,0671854054,Star Trek,Alan Dean Foster,,http://books.google.com/books/content?id=lh2EAAAACAAJ&printsec=frontcover&img=1&zoom=1&source=gbs_api,"Four exciting stories taken from the log books of the USS Enterprise - The Counter-Clock Incident, The Eye of the Beholder, Bem and Slaver Weapon.",1995.0,3.71,788.0,21.0,"Star Trek: Log Seven, Log Eight, Log Nine, Log Ten","9780671854058 Four exciting stories taken from the log books of the USS Enterprise - The Counter-Clock Incident, The Eye of the Beholder, Bem and Slaver Weapon.",Fiction
9780674008205,0674008200,This Craft of Verse,Jorge Luis Borges;Calin Andrei Mihailescu,Literary Criticism,http://books.google.com/books/content?id=rqYSXkkJbKwC&printsec=frontcover&img=1&zoom=1&edge=curl&source=gbs_api,"Transcribed from recently discovered tapes, this work stands as a deeply personal yet far-reaching introduction to the pleasures of the word, and as a first-hand testimony to the life of literature. 1 halftone.",2002.0,4.31,160.0,778.0,This Craft of Verse,"9780674008205 Transcribed from recently discovered tapes, this work stands as a deeply personal yet far-reaching introduction to the pleasures of the word, and as a first-hand testimony to the life of literature. 1 halftone.",Nonfiction
9780674022577,0674022572,Rebecca's Revival,Jon F Sensbach,Biography & Autobiography,http://books.google.com/books/content?id=tcFAr0vaBxEC&printsec=frontcover&img=1&zoom=1&edge=curl&source=gbs_api,"The remarkable story of Rebecca Protten, a Caribbean slave who helped inspire the rise of black Christianity in the Atlantic world, is revealed in this account of her evangelical efforts on three continents.",2005.0,3.68,302.0,125.0,Rebecca's Revival,"9780674022577 The remarkable story of Rebecca Protten, a Caribbean slave who helped inspire the rise of black Christianity in the Atlantic world, is revealed in this account of her evangelical efforts on three continents.",Nonfiction
9780674268586,067426858X,Ethics and the Limits of Philosophy,Bernard Williams,Philosophy,http://books.google.com/books/content?id=CNCvqVQon9kC&printsec=frontcover&img=1&zoom=1&edge=curl&source=gbs_api,"Toward the goal of reorienting ethics away from rigid systems and toward the individual, a noted philosopher criticizes systematic moral theory from Kant on and elucidates a provocative alternate view",1985.0,4.05,230.0,520.0,Ethics and the Limits of Philosophy,"9780674268586 Toward the goal of reorienting ethics away from rigid systems and toward the individual, a noted philosopher criticizes systematic moral theory from Kant on and elucidates a provocative alternate view",Nonfiction
9780674802803,0674802802,Sex and Reason,Richard A. POSNER,Law,http://books.google.com/books/content?id=AgLmubyQqKoC&printsec=frontcover&img=1&zoom=1&edge=curl&source=gbs_api,"Explores the complex history of human sexuality from ancient Greece to modern Sweden and contends that, although sexual drives and orientations are biological in nature, much of individual sexuality is determined through self-interested choices.",1994.0,3.9,458.0,74.0,Sex and Reason,"9780674802803 Explores the complex history of human sexuality from ancient Greece to modern Sweden and contends that, although sexual drives and orientations are biological in nature, much of individual sexuality is determined through self-interested choices.",Nonfiction
9780674961876,0674961870,"The World, the Text, and the Critic",Edward W. Said,Literary Criticism,http://books.google.com/books/content?id=cwF60MVVGAsC&printsec=frontcover&img=1&zoom=1&edge=curl&source=gbs_api,"Argues that contemporary critics force works of literature to fit their theories and examines the impact of Marxism, linguistics, psychoanalysis, and structuralism on literary criticism",1983.0,4.19,336.0,194.0,"The World, the Text, and the Critic","9780674961876 Argues that contemporary critics force works of literature to fit their theories and examines the impact of Marxism, linguistics, psychoanalysis, and structuralism on literary criticism",Nonfiction
9780676977110,0676977111,Never Let Me Go,Kazuo Ishiguro,Boarding school-fiction,http://books.google.com/books/content?id=taygTbyo9w4C&printsec=frontcover&img=1&zoom=1&source=gbs_api,A gothic tour de force. A meditation on mortality and lost innocence: a portrait of adolescence as that hinge moment in life when self-knowledge brings intimations of one's destiny.,2006.0,3.81,288.0,1091.0,Never Let Me Go,9780676977110 A gothic tour de force. A meditation on mortality and lost innocence: a portrait of adolescence as that hinge moment in life when self-knowledge brings intimations of one's destiny.,Nonfiction
9780679411673,0679411674,Toni Morrison,Toni Morrison,African Americans,,"Presents six novels by American Nobel laureate Toni Morrison--""Beloved,"" ""Sula,"" ""Jazz,"" ""Tar Baby,"" ""Song of Solomon,"" and ""The Bluest Eye""--Which explore the African-American experience in America's predominantly white culture.",1994.0,3.8,229.0,389.0,Toni Morrison,"9780679411673 Presents six novels by American Nobel laureate Toni Morrison--""Beloved,"" ""Sula,"" ""Jazz,"" ""Tar Baby,"" ""Song of Solomon,"" and ""The Bluest Eye""--Which explore the African-American experience in America's predominantly white culture.",Fiction
9780679420255,0679420258,If on a Winter's Night a Traveler,Italo Calvino;William Weaver,Fiction,http://books.google.com/books/content?id=jJSZPwAACAAJ&printsec=frontcover&img=1&zoom=1&source=gbs_api,"Ten different and thoroughly dissimilar novels intertwine as the beginning of each book, interrupted at a critical moment of suspense, leads into yet another novel reflecting yet another literary mode",1993.0,4.06,254.0,1412.0,If on a Winter's Night a Traveler,"9780679420255 Ten different and thoroughly dissimilar novels intertwine as the beginning of each book, interrupted at a critical moment of suspense, leads into yet another novel reflecting yet another literary mode",Fiction
9780679451211,0679451218,The Sibley Field Guide to Birds of Western North America,,Nature,http://books.google.com/books/content?id=Fd0PAQAAMAAJ&printsec=frontcover&img=1&zoom=1&source=gbs_api,"A guide for bird enthusiasts specifically designed for use in the field features descriptions of 703 species of birds from west of the Rocky Mountains, and illustrations that depict species from different views.",2003.0,4.7,473.0,709.0,The Sibley Field Guide to Birds of Western North America,"9780679451211 A guide for bird enthusiasts specifically designed for use in the field features descriptions of 703 species of birds from west of the Rocky Mountains, and illustrations that depict species from different views.",Nonfiction
9780679600053,0679600051,Swann's Way,Marcel Proust,Fiction,http://books.google.com/books/content?id=4QyKv5OkFnMC&printsec=frontcover&img=1&zoom=1&source=gbs_api,The narrator interrupts reminiscences about his childhood spent in the late-nineteenth-century France to recall the affair which a friend of the family carries on with young Odette de Crecy.,1992.0,4.14,640.0,247.0,Swann's Way,9780679600053 The narrator interrupts reminiscences about his childhood spent in the late-nineteenth-century France to recall the affair which a friend of the family carries on with young Odette de Crecy.,Fiction
9780679643241,0679643249,The Killer Angels,Michael Shaara,Fiction,http://books.google.com/books/content?id=liqRlBP-iXAC&printsec=frontcover&img=1&zoom=1&source=gbs_api,"In an effort to draw out the Union Army of the Potomac, the Confederate Army invades the North, and the armies clash in a bloody battle at Gettysburg, Pennsylvania, for four days.",2004.0,4.32,337.0,410.0,The Killer Angels: A Novel of the Civil War,"9780679643241 In an effort to draw out the Union Army of the Potomac, the Confederate Army invades the North, and the armies clash in a bloody battle at Gettysburg, Pennsylvania, for four days.",Fiction
9780679643425,0679643427,The Murders in the Rue Morgue,Edgar Allan Poe,Fiction,http://books.google.com/books/content?id=8FHavR4kEucC&printsec=frontcover&img=1&zoom=1&source=gbs_api,"The story of a retired detective who is called upon to solve a perplexing pair of murders is accompanied by commentary, biographical notes, and a reading group guide.",2006.0,3.87,160.0,5994.0,The Murders in the Rue Morgue: The Dupin Tales,"9780679643425 The story of a retired detective who is called upon to solve a perplexing pair of murders is accompanied by commentary, biographical notes, and a reading group guide.",Fiction
9780679721031,0679721037,Hiroshima,John Hersey,History,http://books.google.com/books/content?id=1z89O0uIlLwC&printsec=frontcover&img=1&zoom=1&source=gbs_api,The classic tale of the day the first atom bomb was dropped offers a haunting evocation of the memories of survivors and an appeal to the conscience of humanity,1989.0,3.96,152.0,49487.0,Hiroshima,9780679721031 The classic tale of the day the first atom bomb was dropped offers a haunting evocation of the memories of survivors and an appeal to the conscience of humanity,Nonfiction
9780679721819,0679721819,Mama Day,Gloria Naylor,Fiction,http://books.google.com/books/content?id=BqffU2XpzO0C&printsec=frontcover&img=1&zoom=1&source=gbs_api,"In a small Georgia town, Mama Day, uses her gifts as a seer and healer, but her powers are ultimately tested when her beloved niece's life hangs in the balance",1989.0,4.17,312.0,8690.0,Mama Day,"9780679721819 In a small Georgia town, Mama Day, uses her gifts as a seer and healer, but her powers are ultimately tested when her beloved niece's life hangs in the balance",Fiction
9780679723134,0679723137,Invisible Man,Ralph Ellison,African American men,http://books.google.com/books/content?id=KqetQgAACAAJ&printsec=frontcover&img=1&zoom=1&source=gbs_api,A black man's search for success and the American dream leads him out of college to Harlem and a growing sense of personal rejection and social invisibility,1990.0,3.86,581.0,318.0,Invisible Man,9780679723134 A black man's search for success and the American dream leads him out of college to Harlem and a growing sense of personal rejection and social invisibility,Nonfiction
9780679724698,0679724699,The History of Sexuality,Michel Foucault,Sex customs,http://books.google.com/books/content?id=0Mbc5eMjLpoC&printsec=frontcover&img=1&zoom=1&source=gbs_api,"This controversial account, by one of the greatest intellectuals of the 20th century, explores the evolving social, economic and political forces that have shaped our attitudes to sex.",1990.0,4.04,176.0,14218.0,The History of Sexuality: Women's Decisions Concerning Contraception,"9780679724698 This controversial account, by one of the greatest intellectuals of the 20th century, explores the evolving social, economic and political forces that have shaped our attitudes to sex.",Nonfiction
9780679724773,067972477X,"I, Claudius",Robert Graves,Fiction,http://books.google.com/books/content?id=cRzDTtqqPtMC&printsec=frontcover&img=1&zoom=1&source=gbs_api,"The emperor Claudius tells of his life during the reigns of Augustus, Tiberius, and Caligula and the events that led to his rise to power in a classic novel reconstructing ancient Rome",1989.0,4.27,468.0,43469.0,"I, Claudius: From the Autobiography of Tiberius Claudius, Born 10 B.C., Murdered and Deified A.D. 54","9780679724773 The emperor Claudius tells of his life during the reigns of Augustus, Tiberius, and Caligula and the events that led to his rise to power in a classic novel reconstructing ancient Rome",Fiction
9780679725404,0679725407,Aké,Wole Soyinka,Biography & Autobiography,http://books.google.com/books/content?id=G2kwaeBgPmUC&printsec=frontcover&img=1&zoom=1&source=gbs_api,"The Nigerian playwright, poet, and novelist recounts his first eleven years growing up under the influence of his parents, traditional Yoruba customs, and Christian missionaries",1981.0,3.92,230.0,1213.0,Aké: The Years of Childhood,"9780679725404 The Nigerian playwright, poet, and novelist recounts his first eleven years growing up under the influence of his parents, traditional Yoruba customs, and Christian missionaries",Nonfiction
9780679726098,0679726098,Strong Opinions,Vladimir Vladimirovich Nabokov,Literary Collections,http://books.google.com/books/content?id=Mu4ycvVhlQUC&printsec=frontcover&img=1&zoom=1&source=gbs_api,"Interviews, articles, and editorials from the 1960s and 1970s reveal Nabokov's personal views on a range of subjects, including art, education, politics, literature, movies, and modern times",1990.0,3.99,368.0,745.0,Strong Opinions,"9780679726098 Interviews, articles, and editorials from the 1960s and 1970s reveal Nabokov's personal views on a range of subjects, including art, education, politics, literature, movies, and modern times",Nonfiction
9780679730613,0679730613,Hit Men,Fredric Dannen,Business & Economics,http://books.google.com/books/content?id=8vDWEujPAy4C&printsec=frontcover&img=1&zoom=1&source=gbs_api,An inside look at the multibillion-dollar music industry examines the business practices of the big record labels and includes profiles of the kingpins of the industry,1991.0,3.95,432.0,664.0,Hit Men: Power Brokers and Fast Money Inside the Music Business,9780679730613 An inside look at the multibillion-dollar music industry examines the business practices of the big record labels and includes profiles of the kingpins of the industry,Nonfiction
9780679731375,0679731377,A History of the World in 10 1/2 Chapters,Julian Barnes,Fiction,http://books.google.com/books/content?id=eE_rOY_Quh8C&printsec=frontcover&img=1&zoom=1&source=gbs_api,"Offers an idiosyncratic, revisionist history of life on planet Earth, from a playful account of Noah by a stowaway on the Ark, to the spiritual odyssey of a American astronaut",1990.0,3.9,320.0,9619.0,A History of the World in 10 1/2 Chapters,"9780679731375 Offers an idiosyncratic, revisionist history of life on planet Earth, from a playful account of Noah by a stowaway on the Ark, to the spiritual odyssey of a American astronaut",Fiction
9780679732341,0679732349,Chilly Scenes of Winter,Ann Beattie,Fiction,http://books.google.com/books/content?id=eGjw1o1IQ5gC&printsec=frontcover&img=1&zoom=1&source=gbs_api,"This is the story of a love-smitten Charles; his friend Sam, the Phi Beta Kappa and former coat salesman; and Charles' mother, who spends a lot of time in the bathtub feeling depressed.",1991.0,3.91,288.0,1016.0,Chilly Scenes of Winter,"9780679732341 This is the story of a love-smitten Charles; his friend Sam, the Phi Beta Kappa and former coat salesman; and Charles' mother, who spends a lot of time in the bathtub feeling depressed.",Fiction
9780679733768,0679733760,A Midwife's Tale,Laurel Ulrich,Biography & Autobiography,http://books.google.com/books/content?id=BG207wB6bj4C&printsec=frontcover&img=1&zoom=1&source=gbs_api,"Presents the life of Martha Ballard, a midwife in Maine during the eighteenth century, by drawing on the detailed diary she kept for twenty-seven years of her life",1991.0,3.99,444.0,4933.0,"A Midwife's Tale: The Life of Martha Ballard, Based on Her Diary, 1785-1812","9780679733768 Presents the life of Martha Ballard, a midwife in Maine during the eighteenth century, by drawing on the detailed diary she kept for twenty-seven years of her life",Nonfiction
9780679737315,0679737316,Selected Speeches and Writings,Abraham Lincoln,History,http://books.google.com/books/content?id=7PuBQgAACAAJ&printsec=frontcover&img=1&zoom=1&source=gbs_api,"Records Lincoln's campaigns for public office, the evolution of his stand against slavery, his debates with Stephen Douglas, and the great addresses of his presidency",1992.0,4.23,515.0,169.0,Selected Speeches and Writings,"9780679737315 Records Lincoln's campaigns for public office, the evolution of his stand against slavery, his debates with Stephen Douglas, and the great addresses of his presidency",Nonfiction
9780679749844,0679749845,The Comfort of Strangers,Ian McEwan,Fiction,http://books.google.com/books/content?id=O16AzUYDdmkC&printsec=frontcover&img=1&zoom=1&source=gbs_api,"While on holiday, a young couple meets the son of the local gentry and his wife and are drawn by sexual obsession into a nightmare of violence",2002.0,3.42,128.0,10331.0,The Comfort of Strangers,"9780679749844 While on holiday, a young couple meets the son of the local gentry and his wife and are drawn by sexual obsession into a nightmare of violence",Fiction
9780679760238,0679760237,In Pharaoh's Army,Tobias Wolff,Biography & Autobiography,http://books.google.com/books/content?id=bVbK-dkQiT8C&printsec=frontcover&img=1&zoom=1&source=gbs_api,"The author recalls his experiences during the Vietnam war, reminiscing about his service in the Mekong Delta, his feelings about the miltary life, and the impact of the Vietnam experience on his life",1995.0,4.08,240.0,2329.0,In Pharaoh's Army: Memories of the Lost War,"9780679760238 The author recalls his experiences during the Vietnam war, reminiscing about his service in the Mekong Delta, his feelings about the miltary life, and the impact of the Vietnam experience on his life",Nonfiction
9780679761051,0679761055,Beauty and Sadness,Yasunari Kawabata,Fiction,http://books.google.com/books/content?id=XgjKkQX4DIoC&printsec=frontcover&img=1&zoom=1&source=gbs_api,A destructive love affair between a married writer and a teenage girl that continues to haunt both of them more than twenty years after their last embrace.,1996.0,3.86,206.0,4649.0,Beauty and Sadness,9780679761051 A destructive love affair between a married writer and a teenage girl that continues to haunt both of them more than twenty years after their last embrace.,Fiction
9780679761785,0679761780,Blues for Mister Charlie,James Baldwin,Drama,http://books.google.com/books/content?id=vd2JDQAAQBAJ&printsec=frontcover&img=1&zoom=1&source=gbs_api,A drama focusing on the murder of a black youth by a white man in a Southern town and the racism and violent emotions it engenders.,1995.0,4.12,144.0,1131.0,Blues for Mister Charlie: A Play,9780679761785 A drama focusing on the murder of a black youth by a white man in a Southern town and the racism and violent emotions it engenders.,Fiction
9780679763437,0679763430,The Camera My Mother Gave Me,Susanna Kaysen,Biography & Autobiography,http://books.google.com/books/content?id=Br6A1Zy4OOkC&printsec=frontcover&img=1&zoom=1&source=gbs_api,"The author relates her odyssey through the world of gynecological medicine in an attempt to diagnose a mysterious disorder, and addresses larger questions that arise when sexual pleasure is replaced by pain.",2002.0,3.3,149.0,973.0,The Camera My Mother Gave Me,"9780679763437 The author relates her odyssey through the world of gynecological medicine in an attempt to diagnose a mysterious disorder, and addresses larger questions that arise when sexual pleasure is replaced by pain.",Nonfiction
9780679763970,067976397X,Corelli's Mandolin,Louis De Bernières,Fiction,http://books.google.com/books/content?id=dsJFZOR11yMC&printsec=frontcover&img=1&zoom=1&source=gbs_api,"The idyllic world of the Greek island of Cephallonia is forever changed by the inexorable changes of World War II, as the inhabitants struggle to cope with the Axis invasion and occupation",1995.0,3.97,437.0,61387.0,Corelli's Mandolin: A Novel,"9780679763970 The idyllic world of the Greek island of Cephallonia is forever changed by the inexorable changes of World War II, as the inhabitants struggle to cope with the Axis invasion and occupation",Fiction
9780679765844,0679765840,The Simple Truth,Philip Levine,Poetry,http://books.google.com/books/content?id=FCUGuTA6OJUC&printsec=frontcover&img=1&zoom=1&source=gbs_api,"Offers thirty-three poems that interweave a complex web of myth, public and private history, family, memory, and invention as they explore the timeless truths of human existence",1994.0,4.22,69.0,630.0,The Simple Truth: Poems,"9780679765844 Offers thirty-three poems that interweave a complex web of myth, public and private history, family, memory, and invention as they explore the timeless truths of human existence",Fiction
9780679767091,0679767096,Walt Whitman's America,David S. Reynolds,Biography & Autobiography,http://books.google.com/books/content?id=WY2UFkNTR0EC&printsec=frontcover&img=1&zoom=1&source=gbs_api,"A study of the life and works of one of America's finest poets is set against the social, cultural, and political backdrop of his time, offering new insights into his poetry, ideas, and imagery",1996.0,4.17,672.0,371.0,Walt Whitman's America: A Cultural Biography,"9780679767091 A study of the life and works of one of America's finest poets is set against the social, cultural, and political backdrop of his time, offering new insights into his poetry, ideas, and imagery",Nonfiction
9780679776314,0679776311,The Road to Reality,Roger Penrose,Science,http://books.google.com/books/content?id=coahAAAACAAJ&printsec=frontcover&img=1&zoom=1&source=gbs_api,"Presents an overview of the physical laws of the universe, with an explanation of the theories of relativity and quantum mechanics, cosmology, the Big Bang, black holes, and string and M theory.",2007.0,4.1,1099.0,5892.0,The Road to Reality: A Complete Guide to the Laws of the Universe,"9780679776314 Presents an overview of the physical laws of the universe, with an explanation of the theories of relativity and quantum mechanics, cosmology, the Big Bang, black holes, and string and M theory.",Nonfiction
9780679781486,067978148X,The Rules of Attraction,Bret Easton Ellis,Fiction,http://books.google.com/books/content?id=UoiIA-jWSo0C&printsec=frontcover&img=1&zoom=1&source=gbs_api,"With irony and compassion, the author of Less Than Zero chronicles the sexual affairs--heterosexual, homosexual, and orgiastic--of a group of students at a self-consciously bohemian New England college. Reprint. 15,000 first printing.",1998.0,3.7,283.0,32277.0,The Rules of Attraction,"9780679781486 With irony and compassion, the author of Less Than Zero chronicles the sexual affairs--heterosexual, homosexual, and orgiastic--of a group of students at a self-consciously bohemian New England college. Reprint. 15,000 first printing.",Fiction
9780679781493,0679781498,Less Than Zero,Bret Easton Ellis,Fiction,http://books.google.com/books/content?id=jrrQddLXFiYC&printsec=frontcover&img=1&zoom=1&source=gbs_api,"Set in Los Angeles in the early 1980s, a best-selling novel follows a cast of upper-class, good-looking, oversexed, drug-addled, thrill-seeking, college-age characters on the road to perdition. Reprint. 17,500 first printing.",1998.0,3.58,208.0,51555.0,Less Than Zero,"9780679781493 Set in Los Angeles in the early 1980s, a best-selling novel follows a cast of upper-class, good-looking, oversexed, drug-addled, thrill-seeking, college-age characters on the road to perdition. Reprint. 17,500 first printing.",Fiction
9780679783398,0679783393,Basic Writings of Nietzsche,Friedrich Wilhelm Nietzsche,Philosophy,http://books.google.com/books/content?id=n5CcS5VUJWoC&printsec=frontcover&img=1&zoom=1&source=gbs_api,"Six works selected from Nietzsche's writings, including ""The Birth of Tragedy,"" ""Beyond Good and Evil,"" and ""On the Genealogy of Morals"" reflect the philosopher's critique of Western morality and insights into Christianity and art.",2000.0,4.11,862.0,3144.0,Basic Writings of Nietzsche,"9780679783398 Six works selected from Nietzsche's writings, including ""The Birth of Tragedy,"" ""Beyond Good and Evil,"" and ""On the Genealogy of Morals"" reflect the philosopher's critique of Western morality and insights into Christianity and art.",Nonfiction
9780679783480,0679783482,Shalimar the Clown,Salman Rushdie,Fiction,http://books.google.com/books/content?id=oJcKQQAACAAJ&printsec=frontcover&img=1&zoom=1&source=gbs_api,"In 1991, Ambassador Maximilian Ophuls--ex-ambassador to India, and America's counterterrorism chief--is murdered on the Los Angeles doorstep of his illegitimate daughter's home by his Kashmiri Muslim driver, who calls himself Shalimar the Clown.",2006.0,3.87,398.0,11110.0,Shalimar the Clown: A Novel,"9780679783480 In 1991, Ambassador Maximilian Ophuls--ex-ambassador to India, and America's counterterrorism chief--is murdered on the Los Angeles doorstep of his illegitimate daughter's home by his Kashmiri Muslim driver, who calls himself Shalimar the Clown.",Fiction
9780679801115,0679801111,In the Hand of the Goddess,Tamora Pierce,Juvenile Fiction,http://books.google.com/books/content?id=DPqs5k3NuzkC&printsec=frontcover&img=1&zoom=1&source=gbs_api,Alanna achieves the honor of becoming Prince Jonathan's squire and must be strong and courageous in order to protect him from the destructive forces of the evil sorcerer. Reprint.,1997.0,4.25,209.0,1432.0,In the Hand of the Goddess,9780679801115 Alanna achieves the honor of becoming Prince Jonathan's squire and must be strong and courageous in order to protect him from the destructive forces of the evil sorcerer. Reprint.,Children's Fiction
9780679838869,0679838864,Junie B. Jones and a Little Monkey Business,Barbara Park,Juvenile Fiction,http://books.google.com/books/content?id=LRK1ms8iJDkC&printsec=frontcover&img=1&zoom=1&source=gbs_api,"Through a misunderstanding, Junie B. thinks that her new baby brother is really a baby monkey, and her report of this news creates excitement and trouble in her kindergarten class.",1993.0,3.98,68.0,10723.0,Junie B. Jones and a Little Monkey Business,"9780679838869 Through a misunderstanding, Junie B. thinks that her new baby brother is really a baby monkey, and her report of this news creates excitement and trouble in her kindergarten class.",Children's Fiction
9780679847595,0679847596,Ballet Shoes,Noel Streatfeild,Juvenile Fiction,http://books.google.com/books/content?id=0UvIaTS6wysC&printsec=frontcover&img=1&zoom=1&source=gbs_api,"In a classic children's story, three unsinkable orphans, believing that they are destined for greatness, set out to make their marks in the world of show business. Reprint.",1993.0,4.07,233.0,28222.0,Ballet Shoes,"9780679847595 In a classic children's story, three unsinkable orphans, believing that they are destined for greatness, set out to make their marks in the world of show business. Reprint.",Children's Fiction
9780679867128,0679867120,Daisy-head Mayzie,Dr. Seuss,Juvenile Fiction,http://books.google.com/books/content?id=rC9T3CBVUsgC&printsec=frontcover&img=1&zoom=1&source=gbs_api,"Young Mayzie McGrew becomes a worldwide sensation when a daisy grows out of the top of her head, and everyone attempts to get rid of it.",1994.0,3.86,56.0,3128.0,Daisy-head Mayzie,"9780679867128 Young Mayzie McGrew becomes a worldwide sensation when a daisy grows out of the top of her head, and everyone attempts to get rid of it.",Children's Fiction
9780679890706,067989070X,Earthquake in the Early Morning,Mary Pope Osborne,Juvenile Fiction,http://books.google.com/books/content?id=9f5PDgAAQBAJ&printsec=frontcover&img=1&zoom=1&source=gbs_api,"The magic tree house takes Jack and Annie to San Francisco in 1906, in time for them to experience one of the biggest earthquakes the United States had ever known.",2001.0,3.93,96.0,6580.0,Earthquake in the Early Morning,"9780679890706 The magic tree house takes Jack and Annie to San Francisco in 1906, in time for them to experience one of the biggest earthquakes the United States had ever known.",Children's Fiction
9780684804422,0684804425,The Pat Hobby Stories,F. Scott Fitzgerald,Fiction,http://books.google.com/books/content?id=SJLYUSj_qHMC&printsec=frontcover&img=1&zoom=1&edge=curl&source=gbs_api,"Seventeen episodes in the life of a Hollywood scenario hack in the late 1930's. Introduction by Arnold Gingrich, publisher of ""Esquire,"" in which the stories appeared from January 1940 to May 1941.",1995.0,3.58,192.0,889.0,The Pat Hobby Stories,"9780684804422 Seventeen episodes in the life of a Hollywood scenario hack in the late 1930's. Introduction by Arnold Gingrich, publisher of ""Esquire,"" in which the stories appeared from January 1940 to May 1941.",Fiction
9780684813783,0684813785,The Making of the Atomic Bomb,Richard Rhodes,History,http://books.google.com/books/content?id=5o70W8CR6vMC&printsec=frontcover&img=1&zoom=1&source=gbs_api,Traces the development of the atomic bomb from Leo Szilard's concept through the drama of the race to build a workable device to the dropping of the bomb on Hiroshima,1986.0,4.35,886.0,13764.0,The Making of the Atomic Bomb,9780684813783 Traces the development of the atomic bomb from Leo Szilard's concept through the drama of the race to build a workable device to the dropping of the bomb on Hiroshima,Nonfiction
9780684832401,0684832402,The Denial of Death,Ernest Becker,Philosophy,http://books.google.com/books/content?id=wP9zAgAAQBAJ&printsec=frontcover&img=1&zoom=1&edge=curl&source=gbs_api,"Drawing from religion and the human sciences, particularly psychology after Freud, the author attempts to demonstrate that the fear of death is man's central concern",1997.0,4.17,336.0,5894.0,The Denial of Death,"9780684832401 Drawing from religion and the human sciences, particularly psychology after Freud, the author attempts to demonstrate that the fear of death is man's central concern",Nonfiction
9780684839745,0684839741,Good as Gold,Joseph Heller,Fiction,http://books.google.com/books/content?id=bOje2c-UzAYC&printsec=frontcover&img=1&zoom=1&edge=curl&source=gbs_api,"Dr. Bruce Gold, a forty-eight-year-old Jewish professor of English, faces the possibilities of being appointed to a high State Department position and being disowned by his family",1997.0,3.36,445.0,2548.0,Good as Gold,"9780684839745 Dr. Bruce Gold, a forty-eight-year-old Jewish professor of English, faces the possibilities of being appointed to a high State Department position and being disowned by his family",Fiction
9780684842233,0684842238,On Death and Dying,Elisabeth Kübler-Ross,Family & Relationships,http://books.google.com/books/content?id=zb-ZNYFUXhsC&printsec=frontcover&img=1&zoom=1&edge=curl&source=gbs_api,Explains the attitudes of the dying toward themselves and others and presents a humane approach to relieving the psychological suffering of the terminally ill and their families,1997.0,4.16,288.0,140.0,On Death and Dying,9780684842233 Explains the attitudes of the dying toward themselves and others and presents a humane approach to relieving the psychological suffering of the terminally ill and their families,Nonfiction
9780684848235,0684848236,Ronald Reagan,Dinesh D'Souza,Biography & Autobiography,http://books.google.com/books/content?id=Xn4JEGVh-bYC&printsec=frontcover&img=1&zoom=1&edge=curl&source=gbs_api,"Explores Reagan's political career, from his role in the California tax revolt to the economic success the United States experienced during his term in office",1999.0,4.12,304.0,1027.0,Ronald Reagan: How an Ordinary Man Became an Extraordinary Leader,"9780684848235 Explores Reagan's political career, from his role in the California tax revolt to the economic success the United States experienced during his term in office",Nonfiction
9780684849690,0684849690,The Secret Diary of Anne Boleyn,Robin Maxwell,Fiction,http://books.google.com/books/content?id=DmY-lfd_sncC&printsec=frontcover&img=1&zoom=1&edge=curl&source=gbs_api,"Upon her coronation as Queen, Elizabeth I receives her mother Ann Boleyn's diary and learns of her love for her and her torment at the hands of Henry VIII",1998.0,3.8,281.0,5109.0,The Secret Diary of Anne Boleyn: A Novel,"9780684849690 Upon her coronation as Queen, Elizabeth I receives her mother Ann Boleyn's diary and learns of her love for her and her torment at the hands of Henry VIII",Fiction
9780684850276,0684850273,The Fall of a Sparrow,Robert Hellenga,Fiction,http://books.google.com/books/content?id=MxU1a_lzr0oC&printsec=frontcover&img=1&zoom=1&edge=curl&source=gbs_api,"Tells the story of a midwestern professor who, his career ruined by an affair with a student, travels to Bologna to attend a trial of terrorists who had killed his eldest daughter",1999.0,3.69,464.0,799.0,The Fall of a Sparrow: A Novel,"9780684850276 Tells the story of a midwestern professor who, his career ruined by an affair with a student, travels to Bologna to attend a trial of terrorists who had killed his eldest daughter",Fiction
9780684853765,0684853760,Out of the Woods,Chris Offutt,Fiction,http://books.google.com/books/content?id=foXPsJ2tLKMC&printsec=frontcover&img=1&zoom=1&edge=curl&source=gbs_api,"This collection of eight stories by the award-winning author of ""The Good Brother"" captures the lives of men shaped by the rough, isolated culture of rural Kentucky.",2000.0,4.06,176.0,450.0,Out of the Woods: Stories,"9780684853765 This collection of eight stories by the award-winning author of ""The Good Brother"" captures the lives of men shaped by the rough, isolated culture of rural Kentucky.",Fiction
9780684854465,0684854465,Mad Cowboy,Howard F. Lyman;Glen Merzer,Health & Fitness,http://books.google.com/books/content?id=n2zDhP8PB5gC&printsec=frontcover&img=1&zoom=1&edge=curl&source=gbs_api,"The former cattle rancher whose appearance on ""The Oprah Winfrey Show"" sparked a lawsuit against both him and Winfrey exposes the hazardous practices of the cattle and dairy industries.",2001.0,4.13,224.0,1804.0,Mad Cowboy: Plain Truth from the Cattle Rancher Who Won't Eat Meat,"9780684854465 The former cattle rancher whose appearance on ""The Oprah Winfrey Show"" sparked a lawsuit against both him and Winfrey exposes the hazardous practices of the cattle and dairy industries.",Nonfiction
9780684856476,0684856476,The Rum Diary,Hunter S. Thompson,Fiction,http://books.google.com/books/content?id=0AuXF547DqoC&printsec=frontcover&img=1&zoom=1&edge=curl&source=gbs_api,A young reporter's life in the 1950s. Paul Kemp breaks into the profession on a newspaper in Puerto Rico and through his eyes are portrayed colorful characters in the days when newspapers flourished.,1999.0,3.82,224.0,43921.0,The Rum Diary: A Novel,9780684856476 A young reporter's life in the 1950s. Paul Kemp breaks into the profession on a newspaper in Puerto Rico and through his eyes are portrayed colorful characters in the days when newspapers flourished.,Fiction
9780684867854,0684867850,Of Time and the River,Thomas Wolfe,Fiction,http://books.google.com/books/content?id=6G16-JUIP5YC&printsec=frontcover&img=1&zoom=1&edge=curl&source=gbs_api,"Leaving his Southern home for Harvard University, New York City, and then, Europe, Eugen Gant explores his manhood and his American identity, falling in love with a beautiful stage designer along the way.",1999.0,4.19,896.0,751.0,Of Time and the River: A Legend of Man's Hunger in His Youth,"9780684867854 Leaving his Southern home for Harvard University, New York City, and then, Europe, Eugen Gant explores his manhood and his American identity, falling in love with a beautiful stage designer along the way.",Fiction
9780684868196,0684868199,Picture This,Joseph Heller,Fiction,http://books.google.com/books/content?id=0NGb6oS3DIcC&printsec=frontcover&img=1&zoom=1&edge=curl&source=gbs_api,"Conjured back to life by Rembrandt's famous ""Aristotle Contemplating the Bust of Homer,"" Aristotle surveys history and profiles historical personalities, ultimately concluding that not much has changed in 2,500 years",2000.0,3.68,352.0,1184.0,Picture This: A Novel,"9780684868196 Conjured back to life by Rembrandt's famous ""Aristotle Contemplating the Bust of Homer,"" Aristotle surveys history and profiles historical personalities, ultimately concluding that not much has changed in 2,500 years",Fiction
9780688093686,068809368X,The first man in Rome,Colleen McCullough,Fiction,http://books.google.com/books/content?id=kMRmPpDKdUgC&printsec=frontcover&img=1&zoom=1&source=gbs_api,"A story tracing the creation of Republican Rome presents those who founded an empire, including Marius and Sulla, each determined to become the First Man of Rome",1990.0,4.1,896.0,294.0,The first man in Rome,"9780688093686 A story tracing the creation of Republican Rome presents those who founded an empire, including Marius and Sulla, each determined to become the First Man of Rome",Fiction
9780689716041,0689716044,The Bears on Hemlock Mountain,Alice Dalgliesh,Juvenile Fiction,http://books.google.com/books/content?id=2gt4hQwGJOcC&printsec=frontcover&img=1&zoom=1&edge=curl&source=gbs_api,"An eight-year-old boy who is frightened of traveling over Hemlock Mountain overcomes his fear by taking the trip while chanting, ""There are no bears on Hemlock Mountain,"" in a suspenseful tale. Reissue.",1992.0,3.78,64.0,2017.0,The Bears on Hemlock Mountain,"9780689716041 An eight-year-old boy who is frightened of traveling over Hemlock Mountain overcomes his fear by taking the trip while chanting, ""There are no bears on Hemlock Mountain,"" in a suspenseful tale. Reissue.",Children's Fiction
9780689802171,068980217X,My Name Is Maria Isabel,Alma Flor Ada;Ana M. Cerro,Juvenile Fiction,http://books.google.com/books/content?id=HntuDZ95FnwC&printsec=frontcover&img=1&zoom=1&edge=curl&source=gbs_api,"Third grader Marâia Isabel, born in Puerto Rico and now living in the United States, wants badly to fit in at school; and the teacher's writing assignment ""My Greatest Wish"" gives her that opportunity.",1995.0,3.88,64.0,450.0,My Name Is Maria Isabel,"9780689802171 Third grader Marâia Isabel, born in Puerto Rico and now living in the United States, wants badly to fit in at school; and the teacher's writing assignment ""My Greatest Wish"" gives her that opportunity.",Children's Fiction
9780689834196,0689834195,Salt in His Shoes,Deloris Jordan;Roslyn M. Jordan,Juvenile Nonfiction,http://books.google.com/books/content?id=hYzQwk3rU24C&printsec=frontcover&img=1&zoom=1&edge=curl&source=gbs_api,"Young Michael Jordan, who is smaller than the other players, learns that determination and hard work are more important than size when playing the game of basketball.",2003.0,4.21,32.0,1054.0,Salt in His Shoes: Michael Jordan in Pursuit of a Dream,"9780689834196 Young Michael Jordan, who is smaller than the other players, learns that determination and hard work are more important than size when playing the game of basketball.",Children's Nonfiction
9780689846175,0689846177,"Sagwa, The Chinese Siamese Cat",Amy Tan,Juvenile Fiction,http://books.google.com/books/content?id=HBe-WlRiTZwC&printsec=frontcover&img=1&zoom=1&source=gbs_api,"Ming Miao tells her kittens about the antics of one of their ancestors, Sagwa of China, that produced the unusual markings they have had for thousands of years.",2001.0,4.02,40.0,967.0,"Sagwa, The Chinese Siamese Cat","9780689846175 Ming Miao tells her kittens about the antics of one of their ancestors, Sagwa of China, that produced the unusual markings they have had for thousands of years.",Children's Fiction
9780689848827,068984882X,The Storm,Cynthia Rylant,Juvenile Fiction,http://books.google.com/books/content?id=u_ZPY9VBJA8C&printsec=frontcover&img=1&zoom=1&edge=curl&source=gbs_api,"Pandora the cat becomes a lighthouse keeper and saves the life of Seabold the dog, and together the two of them create a family with three young mice rescued from the sea.",2003.0,4.18,80.0,401.0,The Storm,"9780689848827 Pandora the cat becomes a lighthouse keeper and saves the life of Seabold the dog, and together the two of them create a family with three young mice rescued from the sea.",Children's Fiction
9780689849121,0689849125,Voting Rights Days,Ellen Weiss,Juvenile Fiction,http://books.google.com/books/content?id=ZjagAAAACAAJ&printsec=frontcover&img=1&zoom=1&source=gbs_api,"Set in 1916, Hitty's owner is the daughter of a suffragist and so is able to witness up-close the political struggles involved in getting women their right to vote. Reader's Guide available. Simultaneous.",2002.0,4.3,75.0,9.0,Voting Rights Days,"9780689849121 Set in 1916, Hitty's owner is the daughter of a suffragist and so is able to witness up-close the political struggles involved in getting women their right to vote. Reader's Guide available. Simultaneous.",Children's Fiction
9780689860072,0689860072,Dragonsinger,Anne McCaffrey,Juvenile Fiction,http://books.google.com/books/content?id=IiLlZh6U5tAC&printsec=frontcover&img=1&zoom=1&edge=curl&source=gbs_api,"Menolly flees her home, because she is not permitted to make music there, and is taken by the Masterharper himself to Harpershall, where she learns that only her own self-doubt stands in her way.",2003.0,4.28,288.0,34207.0,Dragonsinger,"9780689860072 Menolly flees her home, because she is not permitted to make music there, and is taken by the Masterharper himself to Harpershall, where she learns that only her own self-doubt stands in her way.",Children's Fiction
9780689861130,0689861133,"Moo, Baa, la la La!",Sandra Boynton,Animal sounds,http://books.google.com/books/content?id=Gz40AAAACAAJ&printsec=frontcover&img=1&zoom=1&source=gbs_api,"Children will love joining in and imitating the animal noises and sounds in this big, bold board book format, illustrated with Sandra Boynton's seriously silly signature animals.",2004.0,4.2,14.0,28261.0,"Moo, Baa, la la La!","9780689861130 Children will love joining in and imitating the animal noises and sounds in this big, bold board book format, illustrated with Sandra Boynton's seriously silly signature animals.",Nonfiction
9780689862465,0689862466,The Octopus,Cynthia Rylant;Preston McDaniels,Juvenile Fiction,http://books.google.com/books/content?id=8B8-CwAAQBAJ&printsec=frontcover&img=1&zoom=1&edge=curl&source=gbs_api,"Whistler and Lila, two of the mice children who live in a lighthouse, meet a young octopus when they visit the beach during low tide.",2005.0,4.16,64.0,117.0,The Octopus,"9780689862465 Whistler and Lila, two of the mice children who live in a lighthouse, meet a young octopus when they visit the beach during low tide.",Children's Fiction
9780689869907,0689869908,Beatrice's Goat,Page McBrier,Juvenile Nonfiction,http://books.google.com/books/content?id=4MNEDAAAQBAJ&printsec=frontcover&img=1&zoom=1&edge=curl&source=gbs_api,"In this story based on a case from Project Heifer, a young girl's dream of attending school in her small Ugandan village is fulfilled after her family is given an income-producing goat.",2004.0,4.24,40.0,523.0,Beatrice's Goat,"9780689869907 In this story based on a case from Project Heifer, a young girl's dream of attending school in her small Ugandan village is fulfilled after her family is given an income-producing goat.",Children's Nonfiction
9780689870408,068987040X,Amelia's 6th-Grade Notebook,Marissa Moss,Juvenile Fiction,http://books.google.com/books/content?id=SpSMovFNmOwC&printsec=frontcover&img=1&zoom=1&edge=curl&source=gbs_api,"Problems arise for Amelia when she starts sixth grade at the same middle school where her older sister Cleo is an eighth-grader, and she gets the school's meanest teacher for three of her classes.",2005.0,4.01,80.0,616.0,Amelia's 6th-Grade Notebook,"9780689870408 Problems arise for Amelia when she starts sixth grade at the same middle school where her older sister Cleo is an eighth-grader, and she gets the school's meanest teacher for three of her classes.",Children's Fiction
9780689876707,068987670X,Star Bright,Cathy Hapka,Juvenile Nonfiction,http://books.google.com/books/content?id=JPuiCfxaS8QC&printsec=frontcover&img=1&zoom=1&edge=curl&source=gbs_api,"PopTV is going to follow Star around for twenty-four hours and her team is very excited, but everything begins to go wrong once the cameras start rolling.",2005.0,3.67,160.0,3.0,Star Bright,"9780689876707 PopTV is going to follow Star around for twenty-four hours and her team is very excited, but everything begins to go wrong once the cameras start rolling.",Children's Nonfiction
9780691017778,0691017778,The Myth of the Eternal Return,Mircea Eliade,Social Science,http://books.google.com/books/content?id=sqI9AAAAIAAJ&printsec=frontcover&img=1&zoom=1&source=gbs_api,This essay on humanity's experience of history and its interpretation begins with a study of the traditional or mythological view and concludes with a comparative estimate of modern historiological approaches.,1971.0,4.23,195.0,1706.0,"The Myth of the Eternal Return: Or, Cosmos and History",9780691017778 This essay on humanity's experience of history and its interpretation begins with a study of the traditional or mythological view and concludes with a comparative estimate of modern historiological approaches.,Nonfiction
9780698112681,0698112687,Sisters,Charles Higham,Biography & Autobiography,,A candid portrait of the lives and careers of actresses Olivia de Havilland and Joan Fontaine traces their lifelong competition and jealousy for each other,1984.0,3.3,257.0,66.0,Sisters: The Story of Olivia de Havilland and Joan Fontaine,9780698112681 A candid portrait of the lives and careers of actresses Olivia de Havilland and Joan Fontaine traces their lifelong competition and jealousy for each other,Nonfiction
9780698115675,0698115678,The Legend of the Poinsettia,,Juvenile Fiction,http://books.google.com/books/content?id=OrhFg2D3o-sC&printsec=frontcover&img=1&zoom=1&source=gbs_api,"When Lucida is unable to finish her gift for the Baby Jesus in time for the Christmas procession, a miracle enables her to offer the beautiful flower we now call the poinsettia.",1997.0,4.19,32.0,2285.0,The Legend of the Poinsettia,"9780698115675 When Lucida is unable to finish her gift for the Baby Jesus in time for the Christmas procession, a miracle enables her to offer the beautiful flower we now call the poinsettia.",Children's Fiction
9780713998788,0713998784,The World is Flat,Thomas L. Friedman,Computer science,http://books.google.com/books/content?id=dT94QgAACAAJ&printsec=frontcover&img=1&zoom=1&source=gbs_api,"The explosion of advanced technologies, knowledge pools and resources that have connected over the planet levelling the playing field as never before, each of us is potentially an equal and competitor of the other.",2005.0,3.68,496.0,97.0,The World is Flat: A Brief History of the Globalized World in the Twenty-first Century,"9780713998788 The explosion of advanced technologies, knowledge pools and resources that have connected over the planet levelling the playing field as never before, each of us is potentially an equal and competitor of the other.",Nonfiction
9780718149291,0718149297,Medicus and the Disappearing Dancing Girls,Ruth Downie,Detective and mystery stories,http://books.google.com/books/content?id=VIWeOAAACAAJ&printsec=frontcover&img=1&zoom=1&source=gbs_api,"A detective novel with a series of characters to relish - Gaius Petreius Ruso and a cast of corrupt officers, cut throat villains, beguiling slaves, wanton women and charming centurions.",2006.0,3.73,464.0,38.0,Medicus and the Disappearing Dancing Girls,"9780718149291 A detective novel with a series of characters to relish - Gaius Petreius Ruso and a cast of corrupt officers, cut throat villains, beguiling slaves, wanton women and charming centurions.",Fiction
9780735611313,0735611319,Code,Charles Petzold,Computers,http://books.google.com/books/content?id=gYlQAAAAMAAJ&printsec=frontcover&img=1&zoom=1&source=gbs_api,A discussion of the history and future of coding theory celebrates the ingenuity of language systems and their uses from Braille and Morse code through binary codes to 32-bit operating systems.,2000.0,4.38,400.0,4423.0,Code: the hidden language of computer hardware and software,9780735611313 A discussion of the history and future of coding theory celebrates the ingenuity of language systems and their uses from Braille and Morse code through binary codes to 32-bit operating systems.,Nonfiction
9780735617223,0735617228,Writing Secure Code,Michael Howard;David LeBlanc,Computers,http://books.google.com/books/content?id=Uafp7m2wPcMC&printsec=frontcover&img=1&zoom=1&source=gbs_api,"Covers topics such as the importance of secure systems, threat modeling, canonical representation issues, solving database input, denial-of-service attacks, and security code reviews and checklists.",2003.0,4.01,768.0,318.0,Writing Secure Code,"9780735617223 Covers topics such as the importance of secure systems, threat modeling, canonical representation issues, solving database input, denial-of-service attacks, and security code reviews and checklists.",Nonfiction
9780736805995,0736805990,"The Girlhood Diary of Louisa May Alcott, 1843-1846",Louisa May Alcott,Juvenile Nonfiction,http://books.google.com/books/content?id=_dP353QNgTkC&printsec=frontcover&img=1&zoom=1&edge=curl&source=gbs_api,"Excerpts from the girlhood diary of Louisa May Alcott, describing her family life, lessons, and experiences on a communal farm in the 1840s. Includes sidebars, activities, and a timeline related to this era.",2001.0,3.87,32.0,26.0,"The Girlhood Diary of Louisa May Alcott, 1843-1846: Writings of a Young Author","9780736805995 Excerpts from the girlhood diary of Louisa May Alcott, describing her family life, lessons, and experiences on a communal farm in the 1840s. Includes sidebars, activities, and a timeline related to this era.",Children's Nonfiction
9780736908160,0736908161,Living with Passion and Purpose,Elizabeth George,Religion,http://books.google.com/books/content?id=Fjl_mAEACAAJ&printsec=frontcover&img=1&zoom=1&source=gbs_api,"With gentle encouragement and solid Bible teaching, this study reveals how readers can become more like Jesus in their daily lives. Excellent for group and individual study.",2005.0,3.96,160.0,19.0,Living with Passion and Purpose,"9780736908160 With gentle encouragement and solid Bible teaching, this study reveals how readers can become more like Jesus in their daily lives. Excellent for group and individual study.",Nonfiction
9780736913829,0736913823,Loving God with All Your Mind,Elizabeth George,Religion,http://books.google.com/books/content?id=ZGHmmAEACAAJ&printsec=frontcover&img=1&zoom=1&source=gbs_api,"Drawing on biblical wisdom as well as personal experience, George helps women handle their emotions and discover inner peace that comes from focusing on what is true.",2005.0,4.43,276.0,1434.0,Loving God with All Your Mind,"9780736913829 Drawing on biblical wisdom as well as personal experience, George helps women handle their emotions and discover inner peace that comes from focusing on what is true.",Nonfiction
9780738206363,0738206369,Perfectly Reasonable Deviations from the Beaten Track,Richard Phillips Feynman,Biography & Autobiography,http://books.google.com/books/content?id=HpgNSVS6fUYC&printsec=frontcover&img=1&zoom=1&source=gbs_api,"A collection of the correspondence of the maverick physicist, Nobel laureate, and author offers an insightful and intimate glimpse into the mind and life of a scientific luminary.",2005.0,4.24,512.0,1786.0,Perfectly Reasonable Deviations from the Beaten Track: The Letters of Richard P. Feynman,"9780738206363 A collection of the correspondence of the maverick physicist, Nobel laureate, and author offers an insightful and intimate glimpse into the mind and life of a scientific luminary.",Nonfiction
9780738706122,0738706124,Book of Nightmares,John Peel,Fiction,http://books.google.com/books/content?id=qTM7fXd9C7MC&printsec=frontcover&img=1&zoom=1&edge=curl&source=gbs_api,"When the evil wizard Destiny kidnaps Pixel, Score and Helaine must rescue him from the planet Zarathan, where nightmares come true and those who fall asleep die.",2005.0,4.11,192.0,326.0,Book of Nightmares,"9780738706122 When the evil wizard Destiny kidnaps Pixel, Score and Helaine must rescue him from the planet Zarathan, where nightmares come true and those who fall asleep die.",Fiction
9780739409558,0739409557,The Lord of the Rings,,"Baggins, Frodo (Fictitious character)",,"An epic detailing the Great War of the Ring, a struggle between good and evil in Middle-Earth, in which the tiny Hobbits play a key role.",2002.0,4.49,1137.0,94.0,The Lord of the Rings,"9780739409558 An epic detailing the Great War of the Ring, a struggle between good and evil in Middle-Earth, in which the tiny Hobbits play a key role.",Fiction
9780739447345,0739447343,The Christmas Thief,Mary Higgins Clark,Christmas stories,http://books.google.com/books/content?id=onvZ9JEL5GEC&printsec=frontcover&img=1&zoom=1&source=gbs_api,Amateur sleuth Alvirah Meehan and private investigator Regan Reilly join together to solve a case involving an eighty-foot blue spruce tree destined for Rockefeller Center and a recently released prisoner.,2004.0,3.61,253.0,11.0,The Christmas Thief,9780739447345 Amateur sleuth Alvirah Meehan and private investigator Regan Reilly join together to solve a case involving an eighty-foot blue spruce tree destined for Rockefeller Center and a recently released prisoner.,Nonfiction
9780739844328,0739844326,Bill Gates,Sara Barton-Wood,Juvenile Nonfiction,http://books.google.com/books/content?id=Fr814OOgLHsC&printsec=frontcover&img=1&zoom=1&source=gbs_api,"Presents the life of Bill Gates, from his childhood, to his education, and to his days as mastermind and head of Microsoft a multi-billion dollar computer software company.",2001.0,5.0,48.0,0.0,Bill Gates: Computer Legend,"9780739844328 Presents the life of Bill Gates, from his childhood, to his education, and to his days as mastermind and head of Microsoft a multi-billion dollar computer software company.",Children's Nonfiction
9780740721946,0740721941,Another Day in Cubicle Paradise,Scott Adams,Humor,http://books.google.com/books/content?id=tHCkvtdDcLoC&printsec=frontcover&img=1&zoom=1&edge=curl&source=gbs_api,"Dilbert and his co-workers--along with Dogbert, Catbert, and the boss--explore the mysteries of corporate America, from unusual personnel decisions and the worst meetings on record to schizoid secretaries and consultants from hell.",2002.0,3.99,128.0,396.0,Another Day in Cubicle Paradise,"9780740721946 Dilbert and his co-workers--along with Dogbert, Catbert, and the boss--explore the mysteries of corporate America, from unusual personnel decisions and the worst meetings on record to schizoid secretaries and consultants from hell.",Nonfiction
9780743202558,0743202554,"New Jewish Wedding, Revised",Anita Diamant,Reference,http://books.google.com/books/content?id=cTD6AAAAQBAJ&printsec=frontcover&img=1&zoom=1&source=gbs_api,"A guide to planning a Jewish wedding includes advice on choosing attire, a rabbi, and vendors, offers examples of readings and invitations, and provides information for converts, non-Jews, and same sex couples.",2001.0,3.96,288.0,678.0,"New Jewish Wedding, Revised","9780743202558 A guide to planning a Jewish wedding includes advice on choosing attire, a rabbi, and vendors, offers examples of readings and invitations, and provides information for converts, non-Jews, and same sex couples.",Nonfiction
9780743203043,0743203046,Bowling Alone,Robert D. Putnam,History,http://books.google.com/books/content?id=rd2ibodep7UC&printsec=frontcover&img=1&zoom=1&edge=curl&source=gbs_api,"Shows how changes in work, family structure, women's roles, and other factors have caused people to become increasingly disconnected from family, friends, neighbors, and democratic structures--and how they may reconnect.",2001.0,3.79,544.0,4418.0,Bowling Alone: The Collapse and Revival of American Community,"9780743203043 Shows how changes in work, family structure, women's roles, and other factors have caused people to become increasingly disconnected from family, friends, neighbors, and democratic structures--and how they may reconnect.",Nonfiction
9780743203586,0743203585,The Most Of P.G. Wodehouse,P.G. Wodehouse,Fiction,http://books.google.com/books/content?id=-4jKL9zk9KIC&printsec=frontcover&img=1&zoom=1&edge=curl&source=gbs_api,"Presents a collection of humorous stories, including ""The Truth about George,"" ""Ukridge's Dog College,"" ""The Coming of Gowf,"" ""The Purity of the Turf,"" and ""A Slice of Life.""",2000.0,4.49,701.0,1845.0,The Most Of P.G. Wodehouse,"9780743203586 Presents a collection of humorous stories, including ""The Truth about George,"" ""Ukridge's Dog College,"" ""The Coming of Gowf,"" ""The Purity of the Turf,"" and ""A Slice of Life.""",Fiction
9780743211994,0743211995,An Hour Before Daylight,Jimmy Carter,Biography & Autobiography,http://books.google.com/books/content?id=ZuPhhI0-KoAC&printsec=frontcover&img=1&zoom=1&edge=curl&source=gbs_api,The former president offers an account of growing up on a Georgia farm during the Depression and provides profiles of the people who shaped his life.,2001.0,3.89,288.0,1831.0,An Hour Before Daylight: Memoirs of a Rural Boyhood,9780743211994 The former president offers an account of growing up on a Georgia farm during the Depression and provides profiles of the people who shaped his life.,Nonfiction
9780743222983,0743222989,Authentic Happiness,Martin E. P. Seligman,Psychology,http://books.google.com/books/content?id=CM9tBAAAQBAJ&printsec=frontcover&img=1&zoom=1&edge=curl&source=gbs_api,"Argues that happiness can be a learned and cultivated behavior, explaining how every person possesses at least five of twenty-four profiled strengths that can be built on in order to improve life.",2004.0,3.95,336.0,8200.0,Authentic Happiness: Using the New Positive Psychology to Realize Your Potential for Lasting Fulfillment,"9780743222983 Argues that happiness can be a learned and cultivated behavior, explaining how every person possesses at least five of twenty-four profiled strengths that can be built on in order to improve life.",Nonfiction
9780743225083,0743225082,Man and Boy,Tony Parsons,Fiction,http://books.google.com/books/content?id=pM0UuyMT0sUC&printsec=frontcover&img=1&zoom=1&edge=curl&source=gbs_api,"Facing his thirtieth birthday with trepidation, Harry Silver watches his perfect life crumble around him when his wife leaves him and he must adjust to raising his son alone.",2001.0,3.56,368.0,12406.0,Man and Boy: A Novel,"9780743225083 Facing his thirtieth birthday with trepidation, Harry Silver watches his perfect life crumble around him when his wife leaves him and he must adjust to raising his son alone.",Fiction
9780743243803,0743243803,The Partly Cloudy Patriot,Sarah Vowell,History,http://books.google.com/books/content?id=eDpc5fbo8vkC&printsec=frontcover&img=1&zoom=1&edge=curl&source=gbs_api,"The author shares her perspective on such topics as the 2000 election, present-day civil rights activists, and the relationship between the United States and Canada.",2003.0,3.88,197.0,25289.0,The Partly Cloudy Patriot,"9780743243803 The author shares her perspective on such topics as the 2000 election, present-day civil rights activists, and the relationship between the United States and Canada.",Nonfiction
9780743249294,0743249291,Wideacre,Philippa Gregory,Fiction,http://books.google.com/books/content?id=RAWLDgAAQBAJ&printsec=frontcover&img=1&zoom=1&edge=curl&source=gbs_api,"As an eighteenth-century Englishwoman without property rights, Beatrice Lacey is destined to lose what she loves most--her family's ancestral estate of Wideacre--unless her ambitious schemes succeed. Reprint. 60,000 first printing.",2003.0,3.3,656.0,18538.0,Wideacre: A Novel,"9780743249294 As an eighteenth-century Englishwoman without property rights, Beatrice Lacey is destined to lose what she loves most--her family's ancestral estate of Wideacre--unless her ambitious schemes succeed. Reprint. 60,000 first printing.",Fiction
9780743250450,0743250451,The Great Shark Hunt,Hunter S. Thompson,Biography & Autobiography,http://books.google.com/books/content?id=tESC9BnR85cC&printsec=frontcover&img=1&zoom=1&edge=curl&source=gbs_api,"Brings together a selection of the legendary American journalist's articles on subjects ranging from the Super Bowl to Watergate, from Hemingway to Brando, and from sharks to drugs.",2003.0,4.08,624.0,10747.0,The Great Shark Hunt: Strange Tales from a Strange Time,"9780743250450 Brings together a selection of the legendary American journalist's articles on subjects ranging from the Super Bowl to Watergate, from Hemingway to Brando, and from sharks to drugs.",Nonfiction
9780743258074,074325807X,Benjamin Franklin,Walter Isaacson,Biography & Autobiography,http://books.google.com/books/content?id=L64OOJGaCKIC&printsec=frontcover&img=1&zoom=1&edge=curl&source=gbs_api,"Presents a portrait of Benjamin Franklin as a scientist, inventor, diplomat, writer, business strategist, and statesman while tracing his life as one of America's Founding Fathers.",2004.0,3.99,586.0,94903.0,Benjamin Franklin: An American Life,"9780743258074 Presents a portrait of Benjamin Franklin as a scientist, inventor, diplomat, writer, business strategist, and statesman while tracing his life as one of America's Founding Fathers.",Nonfiction
9780743272094,0743272099,Love Smart,Dr. Phil McGraw,Family & Relationships,http://books.google.com/books/content?id=v96amVzqanwC&printsec=frontcover&img=1&zoom=1&edge=curl&source=gbs_api,"Presents a guide for singles that explains how to find the right person and how to sustain a loving, committed relationship, offering helpful advice on the world of dating, emotional differences, and online romance.",2005.0,3.55,284.0,66.0,Love Smart: Find the One You Want--Fix the One You Got,"9780743272094 Presents a guide for singles that explains how to find the right person and how to sustain a loving, committed relationship, offering helpful advice on the world of dating, emotional differences, and online romance.",Nonfiction
9780743284288,0743284283,Female Chauvinist Pigs,Ariel Levy,Social Science,http://books.google.com/books/content?id=IubF3WamjDYC&printsec=frontcover&img=1&zoom=1&edge=curl&source=gbs_api,"Examines how some women are promoting chauvinism by behaving in sexually compromising ways, in an account that evaluates how women may be contributing to misogynistic and stereotyped belief systems.",2006.0,3.68,236.0,8373.0,Female Chauvinist Pigs: Women and the Rise of Raunch Culture,"9780743284288 Examines how some women are promoting chauvinism by behaving in sexually compromising ways, in an account that evaluates how women may be contributing to misogynistic and stereotyped belief systems.",Nonfiction
9780743286978,0743286979,Kissinger,Walter Isaacson,Biography & Autobiography,http://books.google.com/books/content?id=1ouw7wxedwQC&printsec=frontcover&img=1&zoom=1&edge=curl&source=gbs_api,"A biography of the political figure, based on more than one hundred and fifty interviews with Kissinger and others, chronicles his childhood in Nazi Germany, his rise in politics, and his political relationships.",2005.0,3.94,896.0,2317.0,Kissinger: A Biography,"9780743286978 A biography of the political figure, based on more than one hundred and fifty interviews with Kissinger and others, chronicles his childhood in Nazi Germany, his rise in politics, and his political relationships.",Nonfiction
9780743418133,0743418131,Deck the Halls,Mary Higgins Clark;Carol Higgins Clark,Fiction,http://books.google.com/books/content?id=hdF6HTBvK30C&printsec=frontcover&img=1&zoom=1&edge=curl&source=gbs_api,"When Regan Reilly's father is kidnapped three days before Christmas, she investigates the disappearance with the help of her parents' neighbors, Willy and Alvirah Meehan.",2001.0,3.61,292.0,6933.0,Deck the Halls,"9780743418133 When Regan Reilly's father is kidnapped three days before Christmas, she investigates the disappearance with the help of her parents' neighbors, Willy and Alvirah Meehan.",Fiction
9780743436502,0743436504,Roughing It,Mark Twain,Fiction,http://books.google.com/books/content?id=E0XFeOLwD18C&printsec=frontcover&img=1&zoom=1&edge=curl&source=gbs_api,"An anthology of autobiographical essays describes the author's action-packed adventures and experiences during the six years he spent drifting through California, Nevada, and other locales in the American West.",2003.0,3.9,560.0,5659.0,Roughing It,"9780743436502 An anthology of autobiographical essays describes the author's action-packed adventures and experiences during the six years he spent drifting through California, Nevada, and other locales in the American West.",Fiction
9780743456814,0743456815,Sex and the City,Amy Sohn;Sarah Jessica Parker,Fiction,http://books.google.com/books/content?id=XusFlQEACAAJ&printsec=frontcover&img=1&zoom=1&source=gbs_api,"A fan's resource for the award-winning cable television program features information about the show's actors, producers, costume designers, and sets, and provides summaries of each season and interviews with the cast.",2002.0,4.0,160.0,87.0,Sex and the City: Kiss and Tell,"9780743456814 A fan's resource for the award-winning cable television program features information about the show's actors, producers, costume designers, and sets, and provides summaries of each season and interviews with the cast.",Fiction
9780743457910,0743457919,The Honourable Schoolboy,John le Carre,Fiction,http://books.google.com/books/content?id=91LDldURV7IC&printsec=frontcover&img=1&zoom=1&edge=curl&source=gbs_api,"Trying to rebuild his espionage organization after a traitor is unmasked, George Smiley sends one of his most trusted agents on a mission to the Far East.",2002.0,3.95,589.0,11083.0,The Honourable Schoolboy,"9780743457910 Trying to rebuild his espionage organization after a traitor is unmasked, George Smiley sends one of his most trusted agents on a mission to the Far East.",Fiction
9780743474764,0743474767,The Best of Ray Bradbury,Ray Bradbury,Comics & Graphic Novels,http://books.google.com/books/content?id=6K-_AAAACAAJ&printsec=frontcover&img=1&zoom=1&source=gbs_api,"Collects top adaptations of the popular science-fiction author's works, in a fan's compendium that includes ""Come Into My Cellar,"" ""The Golden Apples of the Sun,"" and ""A Sound of Thunder."" Original.",2003.0,4.07,162.0,297.0,The Best of Ray Bradbury: The Graphic Novel,"9780743474764 Collects top adaptations of the popular science-fiction author's works, in a fan's compendium that includes ""Come Into My Cellar,"" ""The Golden Apples of the Sun,"" and ""A Sound of Thunder."" Original.",Fiction
9780743477543,0743477545,A Midsummer Night's Dream,William Shakespeare,Drama,http://books.google.com/books/content?id=axN5DAAAQBAJ&printsec=frontcover&img=1&zoom=1&edge=curl&source=gbs_api,"Shakespeare's popular comedy of love and mistaken identity is accompanied by a section on reading Shakespeare's language, information on Shakespeare's life and theater, explanatory notes, annotated reading lists, and an essay",1993.0,3.94,298.0,371813.0,A Midsummer Night's Dream,"9780743477543 Shakespeare's popular comedy of love and mistaken identity is accompanied by a section on reading Shakespeare's language, information on Shakespeare's life and theater, explanatory notes, annotated reading lists, and an essay",Fiction
9780743480697,0743480694,The Sea Hunters,Clive Cussler;Craig Dirgo,Fiction,http://books.google.com/books/content?id=K1Byb0FCifMC&printsec=frontcover&img=1&zoom=1&edge=curl&source=gbs_api,"Collects accounts of the underwater discoveries made by the author and his team of volunteers dedicated to the exploration of historic wrecks, including the Lexington and the Arkansas.",2003.0,3.82,432.0,1963.0,The Sea Hunters: True Adventures with Famous Shipwrecks,"9780743480697 Collects accounts of the underwater discoveries made by the author and his team of volunteers dedicated to the exploration of historic wrecks, including the Lexington and the Arkansas.",Fiction
9780743487146,0743487141,The Languages of Pao,Jack Vance,Fiction,http://books.google.com/books/content?id=bQkHAAAACAAJ&printsec=frontcover&img=1&zoom=1&source=gbs_api,"When the Panarch of Pao is assassinated, Beran Panasper, his son and heir, must flee to the planet Breakness where he finds the truth behind his father's death...and much more. Reprint.",2004.0,3.8,224.0,862.0,The Languages of Pao,"9780743487146 When the Panarch of Pao is assassinated, Beran Panasper, his son and heir, must flee to the planet Breakness where he finds the truth behind his father's death...and much more. Reprint.",Fiction
9780743487696,0743487699,My Antonia,Willa Cather;Alyssa Harad,Fiction,http://books.google.com/books/content?id=P0XNPODZqPAC&printsec=frontcover&img=1&zoom=1&edge=curl&source=gbs_api,"A successful lawyer remembers his boyhood in Nebraska and his friendship with an immigrant Bohemian girl. Includes background information, a chronology of the author's life, explanatory notes, critical analyses, and other reference material.",2004.0,3.78,314.0,5974.0,My Antonia,"9780743487696 A successful lawyer remembers his boyhood in Nebraska and his friendship with an immigrant Bohemian girl. Includes background information, a chronology of the author's life, explanatory notes, critical analyses, and other reference material.",Fiction
9780743488440,074348844X,The Notebooks of Lazarus Long,Robert A. Heinlein,Fiction,http://books.google.com/books/content?id=6DcGAAAACAAJ&printsec=frontcover&img=1&zoom=1&source=gbs_api,"In an illustrated, hand-lettered edition of maxims, Lazarus Long, the oldest living member of the human race, shares his wit and wisdom culled from his twenty-four-century odyssey through space and time. Reprint.",2004.0,4.07,56.0,3192.0,The Notebooks of Lazarus Long,"9780743488440 In an illustrated, hand-lettered edition of maxims, Lazarus Long, the oldest living member of the human race, shares his wit and wisdom culled from his twenty-four-century odyssey through space and time. Reprint.",Fiction
9780743491594,0743491599,Twisted,Jeffery Deaver,Fiction,http://books.google.com/books/content?id=__kSTI5Z_jsC&printsec=frontcover&img=1&zoom=1&edge=curl&source=gbs_api,"An anthology of short fiction includes ""The Christmas Present,"" a holiday tale featuring Lincoln Rhyme, as well as ""Gone Fishing,"" ""Triangle,"" ""The Kneeling Soldier,"" and ""Without Jonathan.""",2004.0,3.92,480.0,3011.0,Twisted: The Collected Stories of Jeffery Deaver,"9780743491594 An anthology of short fiction includes ""The Christmas Present,"" a holiday tale featuring Lincoln Rhyme, as well as ""Gone Fishing,"" ""Triangle,"" ""The Kneeling Soldier,"" and ""Without Jonathan.""",Fiction
9780743499262,0743499263,Irish Girls Are Back in Town,Cecelia Ahern;Patricia Scanlan;Gemma O'Connor;Sarah Webb,Fiction,http://books.google.com/books/content?id=sHU9IqexNqwC&printsec=frontcover&img=1&zoom=1&edge=curl&source=gbs_api,"An anthology of nineteen short stories about family, friendship, and love features contributions from such popular Irish women authors as Cecelia Ahern, Patricia Scanlan, Gemma O'Connor, Suzanne Higgins, and Morag Prunty.",2005.0,3.72,384.0,772.0,Irish Girls Are Back in Town,"9780743499262 An anthology of nineteen short stories about family, friendship, and love features contributions from such popular Irish women authors as Cecelia Ahern, Patricia Scanlan, Gemma O'Connor, Suzanne Higgins, and Morag Prunty.",Fiction
9780744001402,0744001404,Performance Assessments for Adult Education,Dan Birlew,Games & Activities,http://books.google.com/books/content?id=UTugeaivILoC&printsec=frontcover&img=1&zoom=1&source=gbs_api,"With this guide, gamers can augment their game play. Complete walkthroughs and all the maps help players navigate the game. Character descriptions, and complete lists of items, monsters and magic are included.",2002.0,4.27,272.0,367.0,Performance Assessments for Adult Education: Exploring the Measurement Issues : Report of a Workshop,"9780744001402 With this guide, gamers can augment their game play. Complete walkthroughs and all the maps help players navigate the game. Character descriptions, and complete lists of items, monsters and magic are included.",Nonfiction
9780744578263,0744578264,The Sea-thing Child,Russell Hoban,Birds,http://books.google.com/books/content?id=CEt9OQAACAAJ&printsec=frontcover&img=1&zoom=1&source=gbs_api,"Washed up on the beach during a storm, the sea-thing child clings fearfully to the shore until he discovers his true destiny. Suggested level: primary.",2000.0,3.79,48.0,100.0,The Sea-thing Child,"9780744578263 Washed up on the beach during a storm, the sea-thing child clings fearfully to the shore until he discovers his true destiny. Suggested level: primary.",Nonfiction
9780747267621,0747267626,Hard Eight,Janet Evanovich,Bail bond agents,http://books.google.com/books/content?id=D0t0QgAACAAJ&printsec=frontcover&img=1&zoom=1&source=gbs_api,"When Stephanie Plum is hired to find a missing child, she begins to wonder if she is working on the right side of the law when events turn suspicious.",2003.0,4.17,339.0,152.0,Hard Eight,"9780747267621 When Stephanie Plum is hired to find a missing child, she begins to wonder if she is working on the right side of the law when events turn suspicious.",Nonfiction
9780747541608,0747541604,"The Gashlycrumb Tinies, Or, After the Outing",Edward Gorey,"American wit and humor, Pictorial",http://books.google.com/books/content?id=LC4vPQAACAAJ&printsec=frontcover&img=1&zoom=1&source=gbs_api,'A is for Amy who fell down the stairs. B is for Basil assaulted by bears. C is for Clara who wasted away. D is for Desmond thrown out of a sleigh...',1998.0,4.19,32.0,46225.0,"The Gashlycrumb Tinies, Or, After the Outing",9780747541608 'A is for Amy who fell down the stairs. B is for Basil assaulted by bears. C is for Clara who wasted away. D is for Desmond thrown out of a sleigh...',Nonfiction
9780747553861,0747553866,Pastoralia,George Saunders,"Humorous stories, English",http://books.google.com/books/content?id=Y72kAwAAQBAJ&printsec=frontcover&img=1&zoom=1&edge=curl&source=gbs_api,"Pastoralia was published to huge literary acclaim, establishing George Saunders, one of the New Yorker's 'twenty writers for the 21st century', as one of the most hypnotic and original voices of contemporary fiction.",2001.0,4.11,188.0,12763.0,Pastoralia,"9780747553861 Pastoralia was published to huge literary acclaim, establishing George Saunders, one of the New Yorker's 'twenty writers for the 21st century', as one of the most hypnotic and original voices of contemporary fiction.",Fiction
9780747563006,0747563004,The Botany of Desire,Michael Pollan,Social Science,http://books.google.com/books/content?id=7RjzwAEACAAJ&printsec=frontcover&img=1&zoom=1&source=gbs_api,"Pollan tells the story of four domesticated species - the apple, the tulip, marijuana and the potato, and describes how each has thrived by satisfying humankind's most basic desires.",2003.0,4.06,291.0,107.0,The Botany of Desire: A Plant's-eye View of the World,"9780747563006 Pollan tells the story of four domesticated species - the apple, the tulip, marijuana and the potato, and describes how each has thrived by satisfying humankind's most basic desires.",Nonfiction
9780747564171,0747564175,Tuck Everlasting,Natalie Babbitt,Aging,http://books.google.com/books/content?id=bZCaPwAACAAJ&printsec=frontcover&img=1&zoom=1&source=gbs_api,"This is the story of the Tuck family, who are doomed to - or blessed with - eternal life after drinking from a magic spring.",2003.0,3.87,139.0,348.0,Tuck Everlasting,"9780747564171 This is the story of the Tuck family, who are doomed to - or blessed with - eternal life after drinking from a magic spring.",Fiction
9780747575474,0747575479,When Harry Met Sally,Nora Ephron,Man-woman relationships,http://books.google.com/books/content?id=u2e0mgEACAAJ&printsec=frontcover&img=1&zoom=1&source=gbs_api,"This is a romantic comedy about the difficult, frustrating, awful, funny search for happiness in an American city where the primary emotion is unrequited love- is delighting audiences everywhere.",2004.0,4.24,98.0,3089.0,When Harry Met Sally,"9780747575474 This is a romantic comedy about the difficult, frustrating, awful, funny search for happiness in an American city where the primary emotion is unrequited love- is delighting audiences everywhere.",Fiction
9780748702558,0748702555,Romeo and Juliet,William Shakespeare,Drama,http://books.google.com/books/content?id=i8ss1Z35ZU4C&printsec=frontcover&img=1&zoom=1&edge=curl&source=gbs_api,"Presents the original text of Shakespeare's play side by side with a modern version, discusses the author and the theater of his time, and provides quizzes and other study activities.",1985.0,3.74,288.0,180.0,Romeo and Juliet,"9780748702558 Presents the original text of Shakespeare's play side by side with a modern version, discusses the author and the theater of his time, and provides quizzes and other study activities.",Fiction
9780751517200,0751517208,It's a Magical World,Bill Watterson,"American wit and humor, Pictorial",http://books.google.com/books/content?id=qrFqQgAACAAJ&printsec=frontcover&img=1&zoom=1&source=gbs_api,This collection of cartoons features Calvin and Hobbes . It shows Calvin-turned-firefly waking Hobbes with his flashlight glow; Spaceman Spiff rocketing through alien galaxies as he battles Dad-turned-Bug-Being; and Calvin's always inspired snowman art.,1997.0,4.76,176.0,138.0,It's a Magical World: A Calvin and Hobbes Collection,9780751517200 This collection of cartoons features Calvin and Hobbes . It shows Calvin-turned-firefly waking Hobbes with his flashlight glow; Spaceman Spiff rocketing through alien galaxies as he battles Dad-turned-Bug-Being; and Calvin's always inspired snowman art.,Nonfiction
9780752861746,0752861743,The Postman Always Rings Twice,James M. Cain,Adultery,http://books.google.com/books/content?id=jjJCPgAACAAJ&printsec=frontcover&img=1&zoom=1&source=gbs_api,This collection features three classics from the master of the noir novel--each of which was made into a classic Hollywood film--along with five otherwise unavailable short stories. Ribbon marker.,2005.0,3.8,116.0,22279.0,The Postman Always Rings Twice,9780752861746 This collection features three classics from the master of the noir novel--each of which was made into a classic Hollywood film--along with five otherwise unavailable short stories. Ribbon marker.,Fiction
9780756400439,0756400430,In Conquest Born,C. S. Friedman,Fiction,http://books.google.com/books/content?id=UWnCk-wo5OAC&printsec=frontcover&img=1&zoom=1&source=gbs_api,"Zatar and Anzha, the powerful opposing generals of the Braxana and Azeans, are determined to use the war between their peoples to settle a personal feud. Reprint.",2001.0,3.88,530.0,2426.0,In Conquest Born,"9780756400439 Zatar and Anzha, the powerful opposing generals of the Braxana and Azeans, are determined to use the war between their peoples to settle a personal feud. Reprint.",Fiction
9780756402976,0756402972,Stone of Farewell,Tad Williams,Fiction,http://books.google.com/books/content?id=BVZVPgAACAAJ&printsec=frontcover&img=1&zoom=1&source=gbs_api,"Battered remnants of the human army flee the evil forces of Ineluki the Storm King, desperately seeking a mysterious sanctuary called the Stone of Farewell and a solution to their dire peril. Reprint.",2005.0,4.1,608.0,35850.0,Stone of Farewell,"9780756402976 Battered remnants of the human army flee the evil forces of Ineluki the Storm King, desperately seeking a mysterious sanctuary called the Stone of Farewell and a solution to their dire peril. Reprint.",Fiction
9780756403256,0756403251,Crossroads and Other Tales of Valdemar,Mercedes Lackey,Fiction,http://books.google.com/books/content?id=i-r-vQAACAAJ&printsec=frontcover&img=1&zoom=1&source=gbs_api,"Presents a collection of original stories of the land of Valdemar, featuring contributions by Tanya Huff, Mickey Zucker Reichert, Fiona Patton, Judith Tarr, and Rosemary Edghill, as well as a novella by Mercedes Lackey.",2005.0,3.86,338.0,3002.0,Crossroads and Other Tales of Valdemar,"9780756403256 Presents a collection of original stories of the land of Valdemar, featuring contributions by Tanya Huff, Mickey Zucker Reichert, Fiona Patton, Judith Tarr, and Rosemary Edghill, as well as a novella by Mercedes Lackey.",Fiction
9780756403584,0756403588,Shadowplay,Tad Williams,Fiction,http://books.google.com/books/content?id=OQlLAAAACAAJ&printsec=frontcover&img=1&zoom=1&source=gbs_api,"With the fate of humanity hanging in the balance, twins Barrick and Briony must save Southmarch Castle and the surrounding lands from their inhuman enemies.",2007.0,3.89,656.0,5930.0,Shadowplay,"9780756403584 With the fate of humanity hanging in the balance, twins Barrick and Briony must save Southmarch Castle and the surrounding lands from their inhuman enemies.",Fiction
9780756614195,0756614198,Star Wars,Kristin Lund;Simon Beecroft;Kerrie Dougherty,Juvenile Nonfiction,http://books.google.com/books/content?id=PAq2AAAACAAJ&printsec=frontcover&img=1&zoom=1&source=gbs_api,"Glorious full-color illustrations create a seamless overview of the entire Star Wars universe, including material--intricate cross-sections, vivid stills, and detailed 3-D maps--from all six movies in the saga.",2005.0,4.3,175.0,128.0,Star Wars: Complete Locations,"9780756614195 Glorious full-color illustrations create a seamless overview of the entire Star Wars universe, including material--intricate cross-sections, vivid stills, and detailed 3-D maps--from all six movies in the saga.",Children's Nonfiction
9780758210371,075821037X,The Man Who Loved Jane Austen,Sally Smith O'Rourke,Fiction,http://books.google.com/books/content?id=aLc26Y6HjnMC&printsec=frontcover&img=1&zoom=1&source=gbs_api,"After discovering a letter to Jane Austen from Fitzwilliam Darcy--a supposedly fictional character--in the back of her antique vanity's mirror, Eliza Knight searches for the only man who knows the truth behind this mystery.",2006.0,3.37,303.0,1719.0,The Man Who Loved Jane Austen,"9780758210371 After discovering a letter to Jane Austen from Fitzwilliam Darcy--a supposedly fictional character--in the back of her antique vanity's mirror, Eliza Knight searches for the only man who knows the truth behind this mystery.",Fiction
9780760328248,0760328242,Jimmy Stewart,Starr Smith,History,http://books.google.com/books/content?id=CbXUXfJuA9sC&printsec=frontcover&img=1&zoom=1&edge=curl&source=gbs_api,"Of all the celebrities who served their country during World War II--and they were legion--Jimmy Stewart was unique. ""Bomber Pilot"" chronicles his long journey to become a bomber pilot in combat.",2006.0,3.92,288.0,426.0,Jimmy Stewart: Bomber Pilot,"9780760328248 Of all the celebrities who served their country during World War II--and they were legion--Jimmy Stewart was unique. ""Bomber Pilot"" chronicles his long journey to become a bomber pilot in combat.",Nonfiction
9780760728505,076072850X,"20,000 Leagues Under the Sea",Jules Verne,Science fiction,,Retells the adventures of a French professor and his two companions as they sail above and below the world's oceans as prisoners on the fabulous electric submarine of the deranged Captain Nemo.,2002.0,3.88,394.0,135778.0,"20,000 Leagues Under the Sea",9780760728505 Retells the adventures of a French professor and his two companions as they sail above and below the world's oceans as prisoners on the fabulous electric submarine of the deranged Captain Nemo.,Fiction
9780761417132,0761417133,The Liberty Bell,Debra Hess,History,http://books.google.com/books/content?id=HUjM_3XtGmkC&printsec=frontcover&img=1&zoom=1&edge=curl&source=gbs_api,"Traces the history of the Liberty Bell, including its role in the American Revolution, its famous crack, and how it became a symbol of the United States.",2003.0,3.83,40.0,4.0,The Liberty Bell,"9780761417132 Traces the history of the Liberty Bell, including its role in the American Revolution, its famous crack, and how it became a symbol of the United States.",Nonfiction
9780761512196,0761512195,Your First Year in Network Marketing,Mark Yarnell;Rene Reid Yarnell;Rene Yarnell,Business & Economics,http://books.google.com/books/content?id=c9jvr-dJcRIC&printsec=frontcover&img=1&zoom=1&source=gbs_api,"Offers advice on dealing with rejection, recruiting others, managing one's downline, maintaining focus and enthusiasm, conducting home meetings, and easing from a profession to full-time network marketing",1998.0,4.05,304.0,789.0,"Your First Year in Network Marketing: Overcome Your Fears, Experience Success, and Achieve Your Dreams!","9780761512196 Offers advice on dealing with rejection, recruiting others, managing one's downline, maintaining focus and enthusiasm, conducting home meetings, and easing from a profession to full-time network marketing",Nonfiction
9780762404780,0762404787,Irish Blessings,,Literary Criticism,http://books.google.com/books/content?id=3yjfgz8Kcr0C&printsec=frontcover&img=1&zoom=1&source=gbs_api,"Collection of traditional blessings, classic verse, and photographs from throughout Ireland. A timeless tribute to the beauty of the land and the character of its people.",1999.0,4.13,128.0,28.0,Irish Blessings: A Photographic Celebration,"9780762404780 Collection of traditional blessings, classic verse, and photographs from throughout Ireland. A timeless tribute to the beauty of the land and the character of its people.",Nonfiction
9780762419227,0762419229,God Created The Integers,Stephen Hawking,Mathematics,http://books.google.com/books/content?id=3zdFSOS3f4AC&printsec=frontcover&img=1&zoom=1&source=gbs_api,"Looks at landmark mathematical discoveries over the past 2500 years by such mathematicians as Euclid, Isaac Newton, Pierre Simon de Laplace, Gerog Cantor, and Alan Turing.",2005.0,4.06,1160.0,1650.0,God Created The Integers,"9780762419227 Looks at landmark mathematical discoveries over the past 2500 years by such mathematicians as Euclid, Isaac Newton, Pierre Simon de Laplace, Gerog Cantor, and Alan Turing.",Nonfiction
9780762427321,0762427329,The Illustrated on the Shoulders of Giants,Stephen W. Hawking,Science,http://books.google.com/books/content?id=r1y3PQAACAAJ&printsec=frontcover&img=1&zoom=1&source=gbs_api,Hawking's revolutionary look at the scientific discoveries that changed people's perceptions of the world now comes complete with color photographs and illustrations depicting theoretical models of the planets and their orbits.,2005.0,4.2,256.0,4014.0,The Illustrated on the Shoulders of Giants: The Great Works of Physics and Astronomy,9780762427321 Hawking's revolutionary look at the scientific discoveries that changed people's perceptions of the world now comes complete with color photographs and illustrations depicting theoretical models of the planets and their orbits.,Nonfiction
9780763619312,0763619310,Judy Moody Gets Famous!,Megan McDonald;Peter Reynolds,Juvenile Fiction,http://books.google.com/books/content?id=11tddgwOCXQC&printsec=frontcover&img=1&zoom=1&source=gbs_api,"When a third grade classmate gets her picture in the paper for winning a spelling bee, Judy is determined to find a way to become famous herself.",2003.0,4.03,144.0,8080.0,Judy Moody Gets Famous!,"9780763619312 When a third grade classmate gets her picture in the paper for winning a spelling bee, Judy is determined to find a way to become famous herself.",Children's Fiction
9780763620875,0763620874,Judy Moody Saves the World!,Megan McDonald,Juvenile Fiction,http://books.google.com/books/content?id=xDIRB5yF6jEC&printsec=frontcover&img=1&zoom=1&source=gbs_api,"When Judy Moody gets serious about protecting the environment, her little brother Stink thinks she is overdoing it, but she manages to inspire her third grade class to undertake an award-winning, environment-saving project. Reprint.",2004.0,4.03,160.0,5883.0,Judy Moody Saves the World!,"9780763620875 When Judy Moody gets serious about protecting the environment, her little brother Stink thinks she is overdoing it, but she manages to inspire her third grade class to undertake an award-winning, environment-saving project. Reprint.",Children's Fiction
9780763621643,0763621641,Castle Diary,Richard Platt;Chris Riddell,Juvenile Fiction,http://books.google.com/books/content?id=rFUBAAAACAAJ&printsec=frontcover&img=1&zoom=1&source=gbs_api,"As a page in his uncle's castle in thirteenth-century England, eleven-year-old Tobias records in his journal his experiences learning how to hunt, play games of skill, and behave in noble society.",2003.0,3.84,128.0,1072.0,Castle Diary: The Journal of Tobias Burgess,"9780763621643 As a page in his uncle's castle in thirteenth-century England, eleven-year-old Tobias records in his journal his experiences learning how to hunt, play games of skill, and behave in noble society.",Children's Fiction
9780764222375,0764222376,Heathersleigh Homecoming,Michael R. Phillips,Fiction,http://books.google.com/books/content?id=vC3LMAAACAAJ&printsec=frontcover&img=1&zoom=1&source=gbs_api,"With war raging around her, Amanda escapes across Europe and finds refuge at Sisters' Chalet in Switzerland, where she is helped to see her life in a new light",1999.0,4.32,429.0,190.0,Heathersleigh Homecoming,"9780764222375 With war raging around her, Amanda escapes across Europe and finds refuge at Sisters' Chalet in Switzerland, where she is helped to see her life in a new light",Fiction
9780764584657,0764584650,Astronomy For Dummies,Stephen P. Maran,Science,http://books.google.com/books/content?id=iH4FnwEACAAJ&printsec=frontcover&img=1&zoom=1&source=gbs_api,A beginner's guide to astronomy features information about the solar system as well as star maps and a monthly guide on locating the planets in the sky.,2005.0,3.83,318.0,271.0,Astronomy For Dummies,9780764584657 A beginner's guide to astronomy features information about the solar system as well as star maps and a monthly guide on locating the planets in the sky.,Nonfiction
9780765310453,0765310457,Eastern Standard Tribe,Cory Doctorow,Fiction,http://books.google.com/books/content?id=00Bw99ZcauoC&printsec=frontcover&img=1&zoom=1&source=gbs_api,"Art, a member of the Eastern Standard Tribe--a secret society bound together by their sleep schedule and communicating via encrypted instant messaging--is incarcerated thanks to his friends and family, masquerading as consultants.",2005.0,3.49,223.0,3156.0,Eastern Standard Tribe,"9780765310453 Art, a member of the Eastern Standard Tribe--a secret society bound together by their sleep schedule and communicating via encrypted instant messaging--is incarcerated thanks to his friends and family, masquerading as consultants.",Fiction
9780765341297,0765341298,Rachel & Leah,Orson Scott Card,Fiction,http://books.google.com/books/content?id=Wim5oxowi0UC&printsec=frontcover&img=1&zoom=1&source=gbs_api,"Two sisters, hard-working Leah and beautiful Rachel, both fall in love with and vie for the attention of Jacob, the heir to the spiritual legacy of Abraham and Isaac.",2005.0,3.85,368.0,5545.0,Rachel & Leah,"9780765341297 Two sisters, hard-working Leah and beautiful Rachel, both fall in love with and vie for the attention of Jacob, the heir to the spiritual legacy of Abraham and Isaac.",Fiction
9780765344311,0765344319,Chainfire,Terry Goodkind,Fiction,http://books.google.com/books/content?id=doUPJbm8MRkC&printsec=frontcover&img=1&zoom=1&source=gbs_api,Richard struggles to find his missing wife Kahlan in spite of the bizarre fact that no one else seems to believe she actually exists or that he is married to her.,2005.0,3.96,756.0,41750.0,Chainfire,9780765344311 Richard struggles to find his missing wife Kahlan in spite of the bizarre fact that no one else seems to believe she actually exists or that he is married to her.,Fiction
9780765344328,0765344327,Phantom,Terry Goodkind,Fiction,http://books.google.com/books/content?id=IHTFatp9Cz8C&printsec=frontcover&img=1&zoom=1&source=gbs_api,"Richard desperately searches for his long-lost, amnesiac beloved, Kahlan Amnell, racing to find her before she can uncover the secrets of her lost identity, thereby making her vulnerable to evil.",2007.0,3.99,673.0,1235.0,Phantom,"9780765344328 Richard desperately searches for his long-lost, amnesiac beloved, Kahlan Amnell, racing to find her before she can uncover the secrets of her lost identity, thereby making her vulnerable to evil.",Fiction
9780765352392,0765352397,Among the Dolls,William Sleator,Juvenile Fiction,http://books.google.com/books/content?id=TyT9MRYXLQwC&printsec=frontcover&img=1&zoom=1&source=gbs_api,Vicky's disappointment in the antique dollhouse she receives for her birthday gives way to curiosity as she is literally drawn into the lives of its unusual inhabitants.,2006.0,3.66,96.0,527.0,Among the Dolls,9780765352392 Vicky's disappointment in the antique dollhouse she receives for her birthday gives way to curiosity as she is literally drawn into the lives of its unusual inhabitants.,Children's Fiction
9780765356178,0765356171,The Prestige,Christopher Priest,Fiction,http://books.google.com/books/content?id=yQX2sAWAPOEC&printsec=frontcover&img=1&zoom=1&source=gbs_api,"In 1878, two young stage magicians clash in a darkened salon during the course of a fraudulent seance, and from this moment they try to expose and outwit each other at every turn.",2006.0,3.88,368.0,434.0,The Prestige,"9780765356178 In 1878, two young stage magicians clash in a darkened salon during the course of a fraudulent seance, and from this moment they try to expose and outwit each other at every turn.",Fiction
9780767903820,076790382X,I'm a Stranger Here Myself,Bill Bryson,Biography & Autobiography,http://books.google.com/books/content?id=xb4wSmJLnhAC&printsec=frontcover&img=1&zoom=1&source=gbs_api,"The author describes his return to America after two decades of living abroad and his disconcerting reunion with his homeland as he discusses motels, tax-return instructions, and hardware stores.",1999.0,3.9,304.0,47490.0,I'm a Stranger Here Myself: Notes on Returning to America After Twenty Years Away,"9780767903820 The author describes his return to America after two decades of living abroad and his disconcerting reunion with his homeland as he discusses motels, tax-return instructions, and hardware stores.",Nonfiction
9780767905107,0767905105,Q,Quincy Jones,Biography & Autobiography,http://books.google.com/books/content?id=zs1ixtkcJU8C&printsec=frontcover&img=1&zoom=1&source=gbs_api,"The legendary musician, producer, and arranger chronicles his rise to the heights of the entertainment world, detailing his painful youth, his musical and business accomplishments, and his turbulent personal life.",2002.0,4.08,432.0,610.0,Q: The Autobiography of Quincy Jones,"9780767905107 The legendary musician, producer, and arranger chronicles his rise to the heights of the entertainment world, detailing his painful youth, his musical and business accomplishments, and his turbulent personal life.",Nonfiction
9780767914222,0767914228,La Cucina Di Lidia,Lidia Bastianich;Jay Jacobs,Cooking,http://books.google.com/books/content?id=As4AAAAACAAJ&printsec=frontcover&img=1&zoom=1&source=gbs_api,"Percy is incredibly accident-prone, and holds the dubious record of the most accidents. Percy has had a small rivalary with Harold, however, they are always willing to help each other when in trouble.",2003.0,4.1,288.0,45.0,La Cucina Di Lidia: Recipes and Memories from Italy's Adriatic Coast,"9780767914222 Percy is incredibly accident-prone, and holds the dubious record of the most accidents. Percy has had a small rivalary with Harold, however, they are always willing to help each other when in trouble.",Nonfiction
9780767915069,0767915062,Bill Bryson's African Diary,Bill Bryson,Biography & Autobiography,http://books.google.com/books/content?id=3QiTmAEACAAJ&printsec=frontcover&img=1&zoom=1&source=gbs_api,"A travel writer with little background knowledge of Africa recounts his journey to Kenya at the invitation of CARE International, where he visited slums, historic sites, natural wonders, refugee camps, and relief projects.",2002.0,3.43,55.0,6993.0,Bill Bryson's African Diary,"9780767915069 A travel writer with little background knowledge of Africa recounts his journey to Kenya at the invitation of CARE International, where he visited slums, historic sites, natural wonders, refugee camps, and relief projects.",Nonfiction
9780767915304,0767915305,The Sex Lives of Cannibals,J. Maarten Troost,Social Science,http://books.google.com/books/content?id=tfC0AAAAIAAJ&printsec=frontcover&img=1&zoom=1&source=gbs_api,"The author discusses his two-year stay on a remote South Pacific island, a place where he anticipated a romantic paradise but instead experienced humorous misadventures and a host of environmental challenges.",2004.0,3.87,272.0,18795.0,The Sex Lives of Cannibals: Adrift in the Equatorial Pacific,"9780767915304 The author discusses his two-year stay on a remote South Pacific island, a place where he anticipated a romantic paradise but instead experienced humorous misadventures and a host of environmental challenges.",Nonfiction
9780778321583,0778321584,Led Astray,Sandra Brown,Fiction,http://books.google.com/books/content?id=xzOXKcV-m9cC&printsec=frontcover&img=1&zoom=1&source=gbs_api,"When her cause-driven fianc leaves for Central America, Jenny Fletcher must fight her temptation to be led astray by his black-sheep brother--the one man she knows she should not give her heart to.",2005.0,3.75,240.0,2561.0,Led Astray,"9780778321583 When her cause-driven fianc leaves for Central America, Jenny Fletcher must fight her temptation to be led astray by his black-sheep brother--the one man she knows she should not give her heart to.",Fiction
9780778322993,0778322998,Thriller,James Patterson,Fiction,,"A collection of thirty tales of suspense features contributions from Heather Graham, Lincoln Child, Denise Hamilton, Michael Palmer, Douglas Preston, Alex Kava, Michael Palmer, and John Lescroart.",2006.0,3.5,568.0,2363.0,Thriller,"9780778322993 A collection of thirty tales of suspense features contributions from Heather Graham, Lincoln Child, Denise Hamilton, Michael Palmer, Douglas Preston, Alex Kava, Michael Palmer, and John Lescroart.",Fiction
9780783502502,0783502508,Soups,Norman Kolpas,Cooking,http://books.google.com/books/content?id=65dG-7BCymkC&printsec=frontcover&img=1&zoom=1&source=gbs_api,"Offers a variety of recipes for both hot and cold soups featuring vegetables, fruit, poultry, meat, or seafood, and includes tips on kitchen equipment, making basic stocks, and adding flavorful garnishes",1993.0,3.93,108.0,15.0,Soups,"9780783502502 Offers a variety of recipes for both hot and cold soups featuring vegetables, fruit, poultry, meat, or seafood, and includes tips on kitchen equipment, making basic stocks, and adding flavorful garnishes",Nonfiction
9780785115311,0785115315,Astonishing X-Men - Volume 1,Joss Whedon,Comics & Graphic Novels,http://books.google.com/books/content?id=IVdiDwAAQBAJ&printsec=frontcover&img=1&zoom=1&edge=curl&source=gbs_api,"Cyclops and Emma Frost want to reunite the X-Men in order to astonish the world, but as the demand for a ""mutant cure"" escalates, they find some unexpected allies and adversaries.",2004.0,4.17,152.0,23613.0,Astonishing X-Men - Volume 1: Gifted,"9780785115311 Cyclops and Emma Frost want to reunite the X-Men in order to astonish the world, but as the demand for a ""mutant cure"" escalates, they find some unexpected allies and adversaries.",Fiction
9780785116776,078511677X,Astonishing X-Men - Volume 2,,Comics & Graphic Novels,http://books.google.com/books/content?id=fc87QQAACAAJ&printsec=frontcover&img=1&zoom=1&source=gbs_api,"Cyclops and Emma Frost want to reunite the X-Men in order to astonish the world, but as the demand for a ""mutant cure"" escalates, they find some unexpected allies and adversaries.",2007.0,4.19,152.0,10490.0,Astonishing X-Men - Volume 2: Dangerous,"9780785116776 Cyclops and Emma Frost want to reunite the X-Men in order to astonish the world, but as the demand for a ""mutant cure"" escalates, they find some unexpected allies and adversaries.",Fiction
9780785117599,0785117598,Astonishing X-Men - Volume 3,,Comics & Graphic Novels,http://books.google.com/books/content?id=RYoCQQAACAAJ&printsec=frontcover&img=1&zoom=1&source=gbs_api,"Cyclops and Emma Frost want to reunite the X-Men in order to astonish the world, but as the demand for a ""mutant cure"" escalates, they find some unexpected allies and adversaries.",2007.0,4.24,152.0,8622.0,Astonishing X-Men - Volume 3: Torn,"9780785117599 Cyclops and Emma Frost want to reunite the X-Men in order to astonish the world, but as the demand for a ""mutant cure"" escalates, they find some unexpected allies and adversaries.",Fiction
9780785117681,0785117687,Black Widow,,Comics & Graphic Novels,http://books.google.com/books/content?id=ZdvBAAAACAAJ&printsec=frontcover&img=1&zoom=1&source=gbs_api,"""... The survivors of Natasha's last tirade start coming back to haunt her .. and they're beginning to join forces. Also featuring a guest appearance by Daredevil!""--P. [4] of cover.",2006.0,3.52,144.0,278.0,Black Widow: The Things They Say About Her,"9780785117681 ""... The survivors of Natasha's last tirade start coming back to haunt her .. and they're beginning to join forces. Also featuring a guest appearance by Daredevil!""--P. [4] of cover.",Fiction
9780785120193,078512019X,Ultimate X-Men - Volume 14,,Comics & Graphic Novels,,"Follows the adventures of the X-Men, who band together to fight enemies, form tentative alliances with members of Magneto's gang, and protect the carefully controlled world of Charles Xavier's School for Gifted Youngsters.",2006.0,3.7,144.0,1359.0,Ultimate X-Men - Volume 14: Phoenix?,"9780785120193 Follows the adventures of the X-Men, who band together to fight enemies, form tentative alliances with members of Magneto's gang, and protect the carefully controlled world of Charles Xavier's School for Gifted Youngsters.",Fiction
9780785263715,0785263713,Searching for God Knows What,Donald Miller,Religion,http://books.google.com/books/content?id=Hw4gWVAoz8kC&printsec=frontcover&img=1&zoom=1&edge=curl&source=gbs_api,"Miller reveals how the inability to find redemption leads to chaotic relationships, self-hatred, the accumulation of meaningless material possessions, and a lack of inner peace.",2004.0,3.92,246.0,22864.0,Searching for God Knows What,"9780785263715 Miller reveals how the inability to find redemption leads to chaotic relationships, self-hatred, the accumulation of meaningless material possessions, and a lack of inner peace.",Nonfiction
9780786014200,0786014202,Thicker Than Water,P. J. Parrish,Fiction,http://books.google.com/books/content?id=d03__C_qPLoC&printsec=frontcover&img=1&zoom=1&source=gbs_api,"Louis Kincaid races to find the truth surrounding a series of vicious killings that bear resemblance to a twenty-year-old rape and murder case, for which the man responsible was just released from prison.",2003.0,4.09,380.0,406.0,Thicker Than Water,"9780786014200 Louis Kincaid races to find the truth surrounding a series of vicious killings that bear resemblance to a twenty-year-old rape and murder case, for which the man responsible was just released from prison.",Fiction
9780786016068,078601606X,A Killing Rain,P. J. Parrish,Fiction,http://books.google.com/books/content?id=c_276CjPmcUC&printsec=frontcover&img=1&zoom=1&source=gbs_api,"While working on a seemingly routine case, Detective Louis Kincaid is drawn into the twisted world of a serial killer who keeps trophies of his victims deep within the Florida Everglades. Original.",2005.0,4.04,383.0,440.0,A Killing Rain,"9780786016068 While working on a seemingly routine case, Detective Louis Kincaid is drawn into the twisted world of a serial killer who keeps trophies of his victims deep within the Florida Everglades. Original.",Fiction
9780786282821,0786282827,Ready Or Not,Meg Cabot,Large print books,http://books.google.com/books/content?id=28geAAAACAAJ&printsec=frontcover&img=1&zoom=1&source=gbs_api,"Now a high school junior, Samantha tries to decide whether she is ready to have sex with her boyfriend, who happens to be the President's son.",2006.0,3.4,238.0,87.0,Ready Or Not,"9780786282821 Now a high school junior, Samantha tries to decide whether she is ready to have sex with her boyfriend, who happens to be the President's son.",Fiction
9780786811052,0786811056,Sparrow Hawk Red,Ben Mikaelsen,Adventure stories,http://books.google.com/books/content?id=x0g_6zX5q9AC&printsec=frontcover&img=1&zoom=1&source=gbs_api,"Thirteen-year-old Ricky, the Mexican American son of a former Drug Enforcement Agency man, tries to avenge his mother's murder by crossing over into Mexico to steal a high-tech radar plane from drug smugglers.",1995.0,3.77,185.0,1.0,Sparrow Hawk Red,"9780786811052 Thirteen-year-old Ricky, the Mexican American son of a former Drug Enforcement Agency man, tries to avenge his mother's murder by crossing over into Mexico to steal a high-tech radar plane from drug smugglers.",Nonfiction
9780786812912,0786812915,The Big Box,Toni Morrison;Slade Morrison,Juvenile Fiction,http://books.google.com/books/content?id=LyYKAAAACAAJ&printsec=frontcover&img=1&zoom=1&source=gbs_api,"In her first illustrated book for children, the Pulitzer Prize–winning author Toni Morrison introduces three feisty children who show grown-ups what it really means to be a kid.",2002.0,3.95,48.0,375.0,The Big Box,"9780786812912 In her first illustrated book for children, the Pulitzer Prize–winning author Toni Morrison introduces three feisty children who show grown-ups what it really means to be a kid.",Children's Fiction
9780786838943,0786838949,The King in the Window,Adam Gopnik,Juvenile Fiction,http://books.google.com/books/content?id=2FryvaWSDHwC&printsec=frontcover&img=1&zoom=1&source=gbs_api,"Eleven-year-old Oliver, an American boy residing in Paris, discovers, much to his astonishment, that phantoms live within the windowpanes and have selected Oliver to lead a war against the ""soul-stealers"" that inhabit mirrors.",2006.0,3.62,410.0,782.0,The King in the Window,"9780786838943 Eleven-year-old Oliver, an American boy residing in Paris, discovers, much to his astonishment, that phantoms live within the windowpanes and have selected Oliver to lead a war against the ""soul-stealers"" that inhabit mirrors.",Children's Fiction
9780786851157,0786851155,"Baby Einstein: Sweet Dreams, Mimi",Julie Aigner-Clark,Juvenile Fiction,http://books.google.com/books/content?id=9PYFAAAACAAJ&printsec=frontcover&img=1&zoom=1&source=gbs_api,Children will delight in hearing and imagining all the wonderful sleepytime images Mimi's mama recites while tucking Mimi in for a night filled with the sweetest of dreams.,2004.0,3.13,16.0,37.0,"Baby Einstein: Sweet Dreams, Mimi",9780786851157 Children will delight in hearing and imagining all the wonderful sleepytime images Mimi's mama recites while tucking Mimi in for a night filled with the sweetest of dreams.,Children's Fiction
9780786884407,0786884401,Betrayal of Trust,Laurie Garrett,Medical,http://books.google.com/books/content?id=6h234jR6npEC&printsec=frontcover&img=1&zoom=1&source=gbs_api,"Examines the coming crisis in global public health, demonstrating how a series of potentially devastating medical catastrophes could provide a global threat to all human life.",2000.0,4.11,768.0,1097.0,Betrayal of Trust: The Collapse of Global Public Health,"9780786884407 Examines the coming crisis in global public health, demonstrating how a series of potentially devastating medical catastrophes could provide a global threat to all human life.",Nonfiction
9780786927005,0786927003,The Best of Tales,Margaret Weis;Tracy Hickman,Fiction,http://books.google.com/books/content?id=AJSjHAAACAAJ&printsec=frontcover&img=1&zoom=1&source=gbs_api,"Edited by bestselling authors and frequent collaborators Margaret Weis and Tracy Hickman, this collection contains some of the most well-known and popular stories published in Dragonlance anthologies over the past 15 years.",2002.0,3.81,416.0,103.0,The Best of Tales,"9780786927005 Edited by bestselling authors and frequent collaborators Margaret Weis and Tracy Hickman, this collection contains some of the most well-known and popular stories published in Dragonlance anthologies over the past 15 years.",Fiction
9780786931934,0786931930,The Search for Power,Margaret Weis,Fiction,http://books.google.com/books/content?id=zdriHAAACAAJ&printsec=frontcover&img=1&zoom=1&source=gbs_api,"An anthology of short fiction captures the world of the diverse dragons of Krynn, along with the dragon-slayers and magic users who study the powerful creatures.",2004.0,3.97,335.0,287.0,The Search for Power: Dragons of the War of Souls,"9780786931934 An anthology of short fiction captures the world of the diverse dragons of Krynn, along with the dragon-slayers and magic users who study the powerful creatures.",Fiction
9780786931965,0786931965,Night of Blood,Richard A. Knaak,Fiction,http://books.google.com/books/content?id=IS_7HAAACAAJ&printsec=frontcover&img=1&zoom=1&source=gbs_api,"Follows the adventures and exploits of the minotaurs as they become caught up in the chaos, fallout, and changing destinies that resulted from the War of Souls.",2004.0,3.9,372.0,1261.0,Night of Blood,"9780786931965 Follows the adventures and exploits of the minotaurs as they become caught up in the chaos, fallout, and changing destinies that resulted from the War of Souls.",Fiction
9780786937790,0786937793,The Reign of Istar,Margaret Weis;Tracy Hickman,Fiction,http://books.google.com/books/content?id=qrnQHAAACAAJ&printsec=frontcover&img=1&zoom=1&source=gbs_api,A collection of short stories featuring the strange and divergent races of Krynn depicts the rise and fall of life on Krynn during the years before the Cataclysm. Reissue.,2005.0,3.71,352.0,26.0,The Reign of Istar,9780786937790 A collection of short stories featuring the strange and divergent races of Krynn depicts the rise and fall of life on Krynn during the years before the Cataclysm. Reissue.,Fiction
9780786942701,0786942703,Night of the Long Shadows,Paul Crilley,Fiction,http://books.google.com/books/content?id=cITjAAAACAAJ&printsec=frontcover&img=1&zoom=1&source=gbs_api,"When one of the most famed Inquisitives is hired to investigate a murder, his brilliance might be his damnation when he uncovers a trail leading from a seedy neighborhood to the City of Towers.",2007.0,3.64,306.0,143.0,Night of the Long Shadows,"9780786942701 When one of the most famed Inquisitives is hired to investigate a murder, his brilliance might be his damnation when he uncovers a trail leading from a seedy neighborhood to the City of Towers.",Fiction
9780787982379,0787982377,Killing the Imposter God,Donna Freitas;Jason E. King,Literary Criticism,http://books.google.com/books/content?id=C0soRas3gCUC&printsec=frontcover&img=1&zoom=1&edge=curl&source=gbs_api,Argues that the popular trilogy by one of England's most outspoken atheists attains the status of a religious classic as it attempts to put an end to an antiquated and unimaginative understanding of God.,2007.0,3.72,224.0,36.0,Killing the Imposter God: Philip Pullman's Spiritual Imagination in His Dark Materials,9780787982379 Argues that the popular trilogy by one of England's most outspoken atheists attains the status of a religious classic as it attempts to put an end to an antiquated and unimaginative understanding of God.,Nonfiction
9780789313508,0789313502,Moonage Daydream,David Bowie,Music,http://books.google.com/books/content?id=fZwgtAEACAAJ&printsec=frontcover&img=1&zoom=1&source=gbs_api,"David Bowie and Mick Rock collaborate on a vast album of images of onstage performances and backstage antics during the life and times of Bowie's stage persona Ziggy Stardust. 12,500 first printing.",2005.0,4.3,320.0,444.0,Moonage Daydream: The Life and Times of Ziggy Stardust,"9780789313508 David Bowie and Mick Rock collaborate on a vast album of images of onstage performances and backstage antics during the life and times of Bowie's stage persona Ziggy Stardust. 12,500 first printing.",Nonfiction
9780791070482,0791070484,Bram Stoker's Dracula,Harold Bloom,Juvenile Nonfiction,http://books.google.com/books/content?id=vQ6SQgAACAAJ&printsec=frontcover&img=1&zoom=1&source=gbs_api,"Presents a collection of critical essays on Bram Stoker's classic novel ""Dracula,"" and includes a chronology of the author's life and works along with bibliography and notes.",2003.0,3.83,243.0,6.0,Bram Stoker's Dracula,"9780791070482 Presents a collection of critical essays on Bram Stoker's classic novel ""Dracula,"" and includes a chronology of the author's life and works along with bibliography and notes.",Children's Nonfiction
9780791081266,0791081265,Edith Wharton's The Age of Innocence,Harold Bloom,Juvenile Nonfiction,http://books.google.com/books/content?id=MNuFkQEACAAJ&printsec=frontcover&img=1&zoom=1&source=gbs_api,"One of Edith Wharton's most critically acclaimed books, this Pulitzer Prize-winning novel tells the story of love in the high society of 1870s New York.",2005.0,3.71,205.0,11.0,Edith Wharton's The Age of Innocence,"9780791081266 One of Edith Wharton's most critically acclaimed books, this Pulitzer Prize-winning novel tells the story of love in the high society of 1870s New York.",Children's Nonfiction
9780792273639,079227363X,In Focus,National Geographic Society (U.S.),Photography,http://books.google.com/books/content?id=PACcQgAACAAJ&printsec=frontcover&img=1&zoom=1&source=gbs_api,"A collection of nearly three hundred photographs from ""National Geographic,"" representing the work of more than one hundred fifty acclaimed photographers, captures portrait images of people from around the world.",2004.0,4.25,504.0,753.0,In Focus: National Geographic Greatest Portraits,"9780792273639 A collection of nearly three hundred photographs from ""National Geographic,"" representing the work of more than one hundred fifty acclaimed photographers, captures portrait images of people from around the world.",Nonfiction
9780802134103,0802134106,Edie,Jean Stein,Biography & Autobiography,http://books.google.com/books/content?id=nSk4pPeDsukC&printsec=frontcover&img=1&zoom=1&edge=curl&source=gbs_api,"Chronicles the short life of Edie Sedgwick and her rise to become one of the Warhol superstars, as viewed by her family and such personalities as Capote, Vidal, and Warhol.",1994.0,4.13,564.0,4518.0,Edie: American Girl,"9780802134103 Chronicles the short life of Edie Sedgwick and her rise to become one of the Warhol superstars, as viewed by her family and such personalities as Capote, Vidal, and Warhol.",Nonfiction
9780802134905,0802134904,"The Complete Short Prose, 1929-1989",Samuel Beckett,Fiction,http://books.google.com/books/content?id=iUwStqNL3CUC&printsec=frontcover&img=1&zoom=1&edge=curl&source=gbs_api,Gathers the Nobel Prize winning poet and dramatist's short prose into one volume that affords the reader a view of Beckett's development as an artist,1995.0,4.29,336.0,1764.0,"The Complete Short Prose, 1929-1989",9780802134905 Gathers the Nobel Prize winning poet and dramatist's short prose into one volume that affords the reader a view of Beckett's development as an artist,Fiction
9780802136688,0802136680,This boy's life,Tobias Wolff,Biography & Autobiography,http://books.google.com/books/content?id=JCl2p6rnB9IC&printsec=frontcover&img=1&zoom=1&source=gbs_api,"The author chronicles the tumultuous events of his early life, discussing his parents' divorce, the nomadic wanderings with his mother that followed, and the strange and eventful process of growing up.",1999.0,3.98,304.0,22157.0,This boy's life,"9780802136688 The author chronicles the tumultuous events of his early life, discussing his parents' divorce, the nomadic wanderings with his mother that followed, and the strange and eventful process of growing up.",Nonfiction
9780802141248,0802141242,Charlie Wilson's War,George Crile,History,http://books.google.com/books/content?id=BYBFUTUSX-EC&printsec=frontcover&img=1&zoom=1&edge=curl&source=gbs_api,"Describes how, after the 1979 Soviet invasion of Afghanistan, maverick Texas congressman Charlie Wilson persuaded his colleagues to fund the CIA's efforts to arm the mujahideen and recounts the repercussions of that covert operation.",2003.0,4.0,560.0,5803.0,Charlie Wilson's War,"9780802141248 Describes how, after the 1979 Soviet invasion of Afghanistan, maverick Texas congressman Charlie Wilson persuaded his colleagues to fund the CIA's efforts to arm the mujahideen and recounts the repercussions of that covert operation.",Nonfiction
9780802141446,0802141447,Monster,Sanyika Shakur,Biography & Autobiography,http://books.google.com/books/content?id=RXSKvgEACAAJ&printsec=frontcover&img=1&zoom=1&source=gbs_api,"One of L.A.'s most notorious gang leaders takes readers inside the world of gang wars, recounting his ascension through the gang hierarchy, surviving attacks by rival gangs, and life in prison.",1993.0,3.96,400.0,4064.0,Monster: The Autobiography of an L.A. Gang Member,"9780802141446 One of L.A.'s most notorious gang leaders takes readers inside the world of gang wars, recounting his ascension through the gang hierarchy, surviving attacks by rival gangs, and life in prison.",Nonfiction
9780802142849,0802142842,Cold Mountain,Charles Frazier;George Vithoulkas,Fiction,http://books.google.com/books/content?id=yKjwmAEACAAJ&printsec=frontcover&img=1&zoom=1&source=gbs_api,"Inman, an injured and disillusioned Confederate soldier, embarks on a harrowing journey home to his sweetheart, Ada, who herself is struggling to run the farm left her at her father's sudden death.",2006.0,3.85,356.0,201921.0,Cold Mountain: A Novel,"9780802142849 Inman, an injured and disillusioned Confederate soldier, embarks on a harrowing journey home to his sweetheart, Ada, who herself is struggling to run the farm left her at her father's sudden death.",Fiction
9780802150455,0802150454,Every Good Boy Deserves Favor and Professional Foul,Tom Stoppard,Drama,http://books.google.com/books/content?id=kyd5JkJAnn4C&printsec=frontcover&img=1&zoom=1&edge=curl&source=gbs_api,"Stoppard's latest plays deal with the contrasting circumstances of a political prisoner and a mental patient in a Soviet insane asylum, and with assorted moral problems",1978.0,3.9,188.0,186.0,Every Good Boy Deserves Favor and Professional Foul,"9780802150455 Stoppard's latest plays deal with the contrasting circumstances of a political prisoner and a mental patient in a Soviet insane asylum, and with assorted moral problems",Fiction
9780802151803,0802151809,Sexus,Henry Miller,Fiction,http://books.google.com/books/content?id=jzjwvQAACAAJ&printsec=frontcover&img=1&zoom=1&source=gbs_api,"The first novel of Miller's frank, autobiographical trilogy uses dream, fantasy, and burlesque to portray the life of a struggling writer in preWorld War I New York",1987.0,4.04,506.0,7024.0,Sexus: The Rosy Crucifixion I,"9780802151803 The first novel of Miller's frank, autobiographical trilogy uses dream, fantasy, and burlesque to portray the life of a struggling writer in preWorld War I New York",Fiction
9780803266551,0803266553,The Coming of the Fairies,Arthur Conan Doyle,Fiction,http://books.google.com/books/content?id=Hxh824guoDcC&printsec=frontcover&img=1&zoom=1&edge=curl&source=gbs_api,"Based on the Cottingley photographs, which showed two girls playing with a group of tiny, translucent fairies, Doyle argues for the authenticity of fairies and discusses the implications of their existence.",2006.0,3.39,189.0,197.0,The Coming of the Fairies,"9780803266551 Based on the Cottingley photographs, which showed two girls playing with a group of tiny, translucent fairies, Doyle argues for the authenticity of fairies and discusses the implications of their existence.",Fiction
9780804104555,0804104557,The 13th directorate,Barry Chubin,Fiction,http://books.google.com/books/content?id=JlUKN_dbwNsC&printsec=frontcover&img=1&zoom=1&source=gbs_api,"Nick Delan, a U.S. secret agent, is ordered to assassinate the man likely to be elected U.S. president, and a top operative planted by the KGB",1989.0,2.62,0.0,8.0,The 13th directorate,"9780804104555 Nick Delan, a U.S. secret agent, is ordered to assassinate the man likely to be elected U.S. president, and a top operative planted by the KGB",Fiction
9780804114608,0804114609,Patty Jane's House of Curl,Lorna Landvik,Fiction,http://books.google.com/books/content?id=Q6NKKeV9s5YC&printsec=frontcover&img=1&zoom=1&source=gbs_api,"Centering around a Minneapolis beauty parlor that also functions as a women's support group, this novel explores the loves, losses, hopes, and victories experienced by Patty Jane and Harriet, two eccentric sisters.",1999.0,3.86,304.0,8741.0,Patty Jane's House of Curl,"9780804114608 Centering around a Minneapolis beauty parlor that also functions as a women's support group, this novel explores the loves, losses, hopes, and victories experienced by Patty Jane and Harriet, two eccentric sisters.",Fiction
9780805059335,0805059334,Clown,Quentin Blake,Juvenile Fiction,http://books.google.com/books/content?id=8m6mB0S8LmYC&printsec=frontcover&img=1&zoom=1&source=gbs_api,"After being discarded, Clown makes his way through town having a series of adventures as he tries to find a home for himself and his other toy friends.",1998.0,3.97,32.0,369.0,Clown,"9780805059335 After being discarded, Clown makes his way through town having a series of adventures as he tries to find a home for himself and his other toy friends.",Children's Fiction
9780805060164,0805060162,Crime and Punishment in America,Elliott Currie,Social Science,http://books.google.com/books/content?id=RQF0yAEACAAJ&printsec=frontcover&img=1&zoom=1&source=gbs_api,Argues that a policy of mass incarceration is ineffective and that prison expenditures could have greater impact on criminal violence if spent on prevention and rehabilitation programs,1998.0,3.82,240.0,65.0,Crime and Punishment in America,9780805060164 Argues that a policy of mass incarceration is ineffective and that prison expenditures could have greater impact on criminal violence if spent on prevention and rehabilitation programs,Nonfiction
9780805063394,0805063390,The Magic Journey,John Nichols,Fiction,http://books.google.com/books/content?id=1yFJcnH19CgC&printsec=frontcover&img=1&zoom=1&source=gbs_api,"During the forty years in which a rural southwestern backwater is transformed into a boomtown and industrial mecca, the townspeople try to adjust to their loss of land and heritage.",2000.0,3.91,528.0,433.0,The Magic Journey: A Novel,"9780805063394 During the forty years in which a rural southwestern backwater is transformed into a boomtown and industrial mecca, the townspeople try to adjust to their loss of land and heritage.",Fiction
9780805063899,0805063897,Nickel and Dimed,Barbara Ehrenreich,Business & Economics,http://books.google.com/books/content?id=s642sbWvLNgC&printsec=frontcover&img=1&zoom=1&source=gbs_api,"The sharp social critic and author of Blood Rites looks underneath the illusion of American prosperity at poverty and hopelessness in America. Reprint. 100,000 first printing.",2002.0,3.62,240.0,163279.0,Nickel and Dimed: On (Not) Getting By in America,"9780805063899 The sharp social critic and author of Blood Rites looks underneath the illusion of American prosperity at poverty and hopelessness in America. Reprint. 100,000 first printing.",Nonfiction
9780805069853,0805069852,You Come Too,Robert Frost,Juvenile Nonfiction,http://books.google.com/books/content?id=gZWM6m8n9K0C&printsec=frontcover&img=1&zoom=1&source=gbs_api,"An introduction to Robert Frost features an abundance of poems, selected by the poet himself, to be read and enjoyed by readers and poets of all ages. Reprint. 15,000 first printing.",2002.0,4.16,92.0,77.0,You Come Too: Favorite Poems for Readers of All Ages,"9780805069853 An introduction to Robert Frost features an abundance of poems, selected by the poet himself, to be read and enjoyed by readers and poets of all ages. Reprint. 15,000 first printing.",Children's Nonfiction
9780805072839,0805072837,Media Unlimited,Todd Gitlin,Social Science,http://books.google.com/books/content?id=TTXgno7gX-QC&printsec=frontcover&img=1&zoom=1&source=gbs_api,"Examines our media-dominated world through the vast array of manufactured images and sounds that define our civilization, from video games to elevator music, action movies to reality shows, and punditry to Internet exhibitionists.",2003.0,3.55,256.0,112.0,Media Unlimited: How the Torrent of Images and Sounds Overwhelms Our Lives,"9780805072839 Examines our media-dominated world through the vast array of manufactured images and sounds that define our civilization, from video games to elevator music, action movies to reality shows, and punditry to Internet exhibitionists.",Fiction
9780805080513,0805080511,Taran Wanderer,Lloyd Alexander,Juvenile Fiction,http://books.google.com/books/content?id=19a89tylSp8C&printsec=frontcover&img=1&zoom=1&source=gbs_api,The fourth book of the Prydain cycle tells of the adventures that befell Taran when he went in search of his birthright and the truth about himself.,2006.0,4.14,222.0,33286.0,Taran Wanderer,9780805080513 The fourth book of the Prydain cycle tells of the adventures that befell Taran when he went in search of his birthright and the truth about himself.,Children's Fiction
9780805080537,0805080538,The Foundling,Lloyd Alexander,Juvenile Fiction,http://books.google.com/books/content?id=2YaReDdT0csC&printsec=frontcover&img=1&zoom=1&source=gbs_api,"Presents six short stories dealing with events that preceded the birth of Taran, a key figure in the author's five works on the Kingdom of Prydain.",2006.0,3.93,98.0,3563.0,The Foundling: And Other Tales of Prydain,"9780805080537 Presents six short stories dealing with events that preceded the birth of Taran, a key figure in the author's five works on the Kingdom of Prydain.",Children's Fiction
9780805210538,0805210539,"The Trial of God (as it was Held on February 25, 1649, in Shamgorod)",Elie Wiesel,Fiction,http://books.google.com/books/content?id=8bH2Qt4QdaIC&printsec=frontcover&img=1&zoom=1&source=gbs_api,A drama set in a medieval village where three itinerant Jewish actors put God on trial to answer for his silence during a pogrom considers post-Holocaust issues,1995.0,4.13,208.0,915.0,"The Trial of God (as it was Held on February 25, 1649, in Shamgorod): A Play",9780805210538 A drama set in a medieval village where three itinerant Jewish actors put God on trial to answer for his silence during a pogrom considers post-Holocaust issues,Fiction
9780805390476,0805390472,The Feynman Lectures on Physics,Richard Phillips Feynman;Robert B. Leighton;Matthew Linzee Sands,Science,http://books.google.com/books/content?id=AbruAAAAMAAJ&printsec=frontcover&img=1&zoom=1&source=gbs_api,"This revised edition of Feynman’s legendary lectures includes extensive corrections Feynman and his colleagues received and Caltech approved, making this the definitive edition ofThe Feynman Lectures on Physics.For all readers interested in physics.",1963.0,4.61,512.0,17.0,The Feynman Lectures on Physics,"9780805390476 This revised edition of Feynman’s legendary lectures includes extensive corrections Feynman and his colleagues received and Caltech approved, making this the definitive edition ofThe Feynman Lectures on Physics.For all readers interested in physics.",Nonfiction
9780805390490,0805390499,The Feynman Lectures on Physics,Richard Phillips Feynman;Robert B. Leighton;Matthew Linzee Sands,Science,http://books.google.com/books/content?id=_6XvAAAAMAAJ&printsec=frontcover&img=1&zoom=1&source=gbs_api,"This revised edition of Feynman’s legendary lectures includes extensive corrections Feynman and his colleagues received and Caltech approved, making this the definitive edition ofThe Feynman Lectures on Physics. For all readers interested in physics.",1963.0,4.62,384.0,686.0,The Feynman Lectures on Physics,"9780805390490 This revised edition of Feynman’s legendary lectures includes extensive corrections Feynman and his colleagues received and Caltech approved, making this the definitive edition ofThe Feynman Lectures on Physics. For all readers interested in physics.",Nonfiction
9780806520155,0806520159,The Parrot Head Companion,Thomas Ryan,Music,http://books.google.com/books/content?id=O2IGAAAACAAJ&printsec=frontcover&img=1&zoom=1&source=gbs_api,"A complete study of Jimmy Buffett delves into the life of the well-known musician and author, while examining the subculture created by his devoted fans and followers. Original. 30,000 first printing.",1998.0,2.83,176.0,6.0,The Parrot Head Companion: An Insider's Guide to Jimmy Buffett,"9780806520155 A complete study of Jimmy Buffett delves into the life of the well-known musician and author, while examining the subculture created by his devoted fans and followers. Original. 30,000 first printing.",Nonfiction
9780806521688,0806521686,The Minority Report,Philip K. Dick,Fiction,http://books.google.com/books/content?id=qHmIAAAACAAJ&printsec=frontcover&img=1&zoom=1&source=gbs_api,"In a future world, scientists predict criminal behavior before it happens and pre-criminals are arrested before they break any laws. Precedes the 2000 motion picture release directed by Steven Spielberg and starring Tom Cruise.",1999.0,4.19,396.0,20.0,The Minority Report,"9780806521688 In a future world, scientists predict criminal behavior before it happens and pre-criminals are arrested before they break any laws. Precedes the 2000 motion picture release directed by Steven Spielberg and starring Tom Cruise.",Fiction
9780807066812,0807066818,Art and Culture,Clement Greenberg,Art,http://books.google.com/books/content?id=lFMkAQAAMAAJ&printsec=frontcover&img=1&zoom=1&source=gbs_api,"Culture - Art in Paris - Abstract, Representational art - New Sculpture - Modernist Sculpture - Byzantine parallels - Modernist painting - Art in the United States - Literature.",1961.0,3.92,288.0,442.0,Art and Culture: Critical Essays,"9780807066812 Culture - Art in Paris - Abstract, Representational art - New Sculpture - Modernist Sculpture - Byzantine parallels - Modernist painting - Art in the United States - Literature.",Nonfiction
9780807612743,080761274X,A Persian requiem,Sīmīn Dānishvar,Fiction,http://books.google.com/books/content?id=yTYmAQAAMAAJ&printsec=frontcover&img=1&zoom=1&source=gbs_api,"Chronicles the life of Zari, the wife of a feudal landlord, as she attempts to preserve her family amidst the turbulence of the British occupation of southern Persia during World War II",1992.0,3.89,279.0,48.0,A Persian requiem: a novel,"9780807612743 Chronicles the life of Zari, the wife of a feudal landlord, as she attempts to preserve her family amidst the turbulence of the British occupation of southern Persia during World War II",Fiction
9780809015566,0809015560,The Weimar Republic,Detlev J. K. Peukert,History,http://books.google.com/books/content?id=eqg4Egom2jYC&printsec=frontcover&img=1&zoom=1&source=gbs_api,"Offers a political, social, and economic analysis of the Weimar Republic and explores how a politically liberal and culturally progressive advanced society could slide into fascism.",1993.0,3.82,360.0,190.0,The Weimar Republic,"9780809015566 Offers a political, social, and economic analysis of the Weimar Republic and explores how a politically liberal and culturally progressive advanced society could slide into fascism.",Nonfiction
9780809166589,0809166585,Love You Until...,Lisa McCourt,Religion,http://books.google.com/books/content?id=ftwAEH5r7WIC&printsec=frontcover&img=1&zoom=1&source=gbs_api,"Mama and Mike take turns saying that they will love each other until a fish rides a bike, the mountains go flat, and marshmallows grow on a tree.",1999.0,4.67,32.0,3.0,Love You Until...,"9780809166589 Mama and Mike take turns saying that they will love each other until a fish rides a bike, the mountains go flat, and marshmallows grow on a tree.",Nonfiction
9780810935204,0810935201,Lewis Carroll's Jabberwocky,Graeme Base,Juvenile Nonfiction,http://books.google.com/books/content?id=tyMFAAAACAAJ&printsec=frontcover&img=1&zoom=1&source=gbs_api,"Lewis Carroll's classic and inventive verse comes to life in a series of ingenious dioramas, colorful three-dimensional renderings of the rhyme by the best-selling author-illustrator of Animalia and The Eleventh Hour.",1996.0,4.14,14.0,31.0,Lewis Carroll's Jabberwocky: A Book of Brillig Dioramas,"9780810935204 Lewis Carroll's classic and inventive verse comes to life in a series of ingenious dioramas, colorful three-dimensional renderings of the rhyme by the best-selling author-illustrator of Animalia and The Eleventh Hour.",Children's Nonfiction
9780810959118,0810959119,The Beatles,Simon Wells,Performing Arts,http://books.google.com/books/content?id=f_IkwwEACAAJ&printsec=frontcover&img=1&zoom=1&source=gbs_api,"More than four hundred rarely seen black-and-white and color photographs chronicle the career of the Beatles, from their 1963 emergence as part of the British pop music scene to their public breakup in 1970.",2005.0,4.16,744.0,97.0,The Beatles: 365 Days,"9780810959118 More than four hundred rarely seen black-and-white and color photographs chronicle the career of the Beatles, from their 1963 emergence as part of the British pop music scene to their public breakup in 1970.",Nonfiction
9780810987906,0810987902,The Boy Who Couldn't Die,William Sleator,Juvenile Fiction,http://books.google.com/books/content?id=72pRXx4LCb0C&printsec=frontcover&img=1&zoom=1&source=gbs_api,"Ken, the only child of rich, indulgent parents, finds a woman who makes him invulnerable to pain and death, but the curse makes him kill while he is dreaming. Reprint.",2005.0,3.68,161.0,1649.0,The Boy Who Couldn't Die,"9780810987906 Ken, the only child of rich, indulgent parents, finds a woman who makes him invulnerable to pain and death, but the curse makes him kill while he is dreaming. Reprint.",Children's Fiction
9780811201322,0811201325,The Collected Poems of Wilfred Owen,Wilfred Owen,Poetry,http://books.google.com/books/content?id=d80bBFrpZPoC&printsec=frontcover&img=1&zoom=1&edge=curl&source=gbs_api,"Introduced by a discussion of Owen's poetry and early life, this edition includes youthful and minor verses and the war poems based on manuscripts in the British Museum",1965.0,4.33,192.0,2996.0,The Collected Poems of Wilfred Owen,"9780811201322 Introduced by a discussion of Owen's poetry and early life, this edition includes youthful and minor verses and the war poems based on manuscripts in the British Museum",Fiction
9780811209458,0811209458,The Blue Flowers,Raymond Queneau,Poetry,http://books.google.com/books/content?id=34EOzomSYOoC&printsec=frontcover&img=1&zoom=1&edge=curl&source=gbs_api,"Duke d'Auge, a thirteenth century nobleman, and Cidrolin, a modern Frenchman living on a barge in the Seine, appear to exist only in each other's dreams",1985.0,4.04,232.0,974.0,The Blue Flowers,"9780811209458 Duke d'Auge, a thirteenth century nobleman, and Cidrolin, a modern Frenchman living on a barge in the Seine, appear to exist only in each other's dreams",Fiction
9780811213202,081121320X,Deep River,Shūsaku Endō,Fiction,http://books.google.com/books/content?id=c4eg2MhmszAC&printsec=frontcover&img=1&zoom=1&source=gbs_api,Offers a religious vision combining Christian faith with Buddhist acceptance in the story of a group of Japanese tourists who converge at the Ganges River in India,1996.0,3.92,216.0,1478.0,Deep River,9780811213202 Offers a religious vision combining Christian faith with Buddhist acceptance in the story of a group of Japanese tourists who converge at the Ganges River in India,Fiction
9780811213462,0811213463,The Samurai,Shūsaku Endō,Fiction,http://books.google.com/books/content?id=Bb1fXVWzkt8C&printsec=frontcover&img=1&zoom=1&edge=curl&source=gbs_api,"One of the late Shusaku Endo's finest works, The Samurai tells of the journey of some of the first Japanese to set foot on European soil and the resulting clash of cultures and politics.",1997.0,3.95,272.0,1580.0,The Samurai: A Novel,"9780811213462 One of the late Shusaku Endo's finest works, The Samurai tells of the journey of some of the first Japanese to set foot on European soil and the resulting clash of cultures and politics.",Fiction
9780811828031,0811828034,The Star Wars Cookbook II,Frankie Frankeny;Wesley Martin,Cooking,http://books.google.com/books/content?id=xQqg3pbc2O8C&printsec=frontcover&img=1&zoom=1&source=gbs_api,"Provides step-by-step instructions for creating healthy snacks, main courses, and deserts including Darth double dogs, Bubble City Salad, Boss Nass Broccoli, and Opee's sea crunch.",2000.0,3.85,60.0,198.0,The Star Wars Cookbook II: Darth Malt and More Galactic Recipes,"9780811828031 Provides step-by-step instructions for creating healthy snacks, main courses, and deserts including Darth double dogs, Bubble City Salad, Boss Nass Broccoli, and Opee's sea crunch.",Nonfiction
9780812036046,0812036042,"Twelfth Night, Or, What You Will",William Shakespeare,Drama,http://books.google.com/books/content?id=vWsY_MiozFMC&printsec=frontcover&img=1&zoom=1&source=gbs_api,"Presents the original text of Shakespeare's play side by side with a modern version, discusses the author and the theater of his time, and provides quizzes and other study activities.",1985.0,3.98,256.0,147.0,"Twelfth Night, Or, What You Will: Modern English Version Side-by-side with Full Original Text","9780812036046 Presents the original text of Shakespeare's play side by side with a modern version, discusses the author and the theater of his time, and provides quizzes and other study activities.",Fiction
9780812501940,0812501942,The Last Castle,Jack Vance;Robert Silverberg,Fiction,,Features Jack Vance's novel of humanity's final stand and Robert Silverberg's tale of the watcher's journey after invaders from outer space gain control of the Earth,1989.0,3.71,182.0,42.0,The Last Castle,9780812501940 Features Jack Vance's novel of humanity's final stand and Robert Silverberg's tale of the watcher's journey after invaders from outer space gain control of the Earth,Fiction
9780812509663,0812509668,The Medusa in the Shield,David G. Hartwell,Fiction,,"Includes an essay on the fiction of horror and tales of terror by such authors as Clive Barker, William Faulkner, Stephen King, Edgar Allan Poe, Joanna Russ, and Flannery O'Connor",1991.0,3.98,498.0,48.0,The Medusa in the Shield,"9780812509663 Includes an essay on the fiction of horror and tales of terror by such authors as Clive Barker, William Faulkner, Stephen King, Edgar Allan Poe, Joanna Russ, and Flannery O'Connor",Fiction
9780812521351,0812521358,Hart's Hope,Orson Scott Card,Fiction,http://books.google.com/books/content?id=rchTPgAACAAJ&printsec=frontcover&img=1&zoom=1&source=gbs_api,"Palicroval the Fair spares the life of Asineth after killing her father and taking her kingdom from her, but Asineth is determined to seek revenge in spite of Palicroval's show of mercy",1988.0,3.47,261.0,32.0,Hart's Hope,"9780812521351 Palicroval the Fair spares the life of Asineth after killing her father and taking her kingdom from her, but Asineth is determined to seek revenge in spite of Palicroval's show of mercy",Fiction
9780812551471,0812551478,Blood of the Fold,Terry Goodkind,Fiction,http://books.google.com/books/content?id=7n8ssJ0JdXYC&printsec=frontcover&img=1&zoom=1&source=gbs_api,"Richard Rahl and Kahlan Amnell must protect the New World from a savage armageddon of war, monsters, and treachery as they battle ancient forces of evil from the Old World. Reprint.",1997.0,3.99,623.0,65522.0,Blood of the Fold,"9780812551471 Richard Rahl and Kahlan Amnell must protect the New World from a savage armageddon of war, monsters, and treachery as they battle ancient forces of evil from the Old World. Reprint.",Fiction
9780812552843,0812552849,The Fourth Book of Lost Swords,Fred Saberhagen,Fiction,http://books.google.com/books/content?id=B_hiWr4ykIEC&printsec=frontcover&img=1&zoom=1&source=gbs_api,"Black Pearl, a mermaid, Cosmos, her treacherous lover, Prince Zoltan and Prince Mark, the evil macrowizard Wood, and a griffin-riding beauty all compete for possession of the sword, Farslayer",1990.0,3.83,252.0,1736.0,The Fourth Book of Lost Swords: Farslayer's Story,"9780812552843 Black Pearl, a mermaid, Cosmos, her treacherous lover, Prince Zoltan and Prince Mark, the evil macrowizard Wood, and a griffin-riding beauty all compete for possession of the sword, Farslayer",Fiction
9780812555103,0812555104,Yon Ill Wind,Piers Anthony,Fiction,http://books.google.com/books/content?id=GW_lBljFBlgC&printsec=frontcover&img=1&zoom=1&source=gbs_api,"When a tempestuous hurricane blows in Xanth, the Demon X(A/N)th joins forces with a vixen named Chlorine and a human family to save the land frOM the storms winds of mischief and madness. Reprint.",1997.0,3.75,340.0,3743.0,Yon Ill Wind: A Xanth Novel,"9780812555103 When a tempestuous hurricane blows in Xanth, the Demon X(A/N)th joins forces with a vixen named Chlorine and a human family to save the land frOM the storms winds of mischief and madness. Reprint.",Fiction
9780812555240,0812555244,A Quantum Murder,Peter F. Hamilton,Fiction,http://books.google.com/books/content?id=qoWe3SFoeX0C&printsec=frontcover&img=1&zoom=1&source=gbs_api,"Professor Edward Kitchener's savage murder thrusts Psi-boosted veteran Greg Mandel into an urgent investigation that ends in a confrontation with a past that, according to Kitchener's theories, may never actually have happened. Reprint.",1998.0,3.97,375.0,3868.0,A Quantum Murder,"9780812555240 Professor Edward Kitchener's savage murder thrusts Psi-boosted veteran Greg Mandel into an urgent investigation that ends in a confrontation with a past that, according to Kitchener's theories, may never actually have happened. Reprint.",Fiction
9780812574968,0812574966,Vale of the Vole,Piers Anthony,Fiction,http://books.google.com/books/content?id=os1f2xruiK8C&printsec=frontcover&img=1&zoom=1&source=gbs_api,"Young Eskan ogrenymphhumanfinds himself teamed up with a winged centaur and a burrower named Volney on a mission of mercy to save the ""Vale of the Vole"" from destruction. Reprint.",2000.0,3.6,304.0,9074.0,Vale of the Vole,"9780812574968 Young Eskan ogrenymphhumanfinds himself teamed up with a winged centaur and a burrower named Volney on a mission of mercy to save the ""Vale of the Vole"" from destruction. Reprint.",Fiction
9780812575606,0812575601,The Sword of Truth,Terry Goodkind,Fiction,http://books.google.com/books/content?id=helnNwAACAAJ&printsec=frontcover&img=1&zoom=1&source=gbs_api,"As an unearthly adversary descends on an idyllic fantasy world, corrupting magic against good and slaughtering innocents, Richard Rahl stands against the forces that threaten to destroy the world.",1998.0,4.29,2480.0,4110.0,The Sword of Truth: Wizard's First Rule / Stone of Tears / Blood of the Fold,"9780812575606 As an unearthly adversary descends on an idyllic fantasy world, corrupting magic against good and slaughtering innocents, Richard Rahl stands against the forces that threaten to destroy the world.",Fiction
9780812590463,0812590465,Ariadne's Web,Fred Saberhagen,Fiction,http://books.google.com/books/content?id=wqcJDrwgRj0C&printsec=frontcover&img=1&zoom=1&source=gbs_api,"Ariadne, the daughter of King Minos, conspires to rescue the man she loves from the gods' sacrificial altar, but this is only the beginning of their troubles as Dionysus intervenes to cause trouble. Reprint.",2001.0,3.68,432.0,169.0,Ariadne's Web,"9780812590463 Ariadne, the daughter of King Minos, conspires to rescue the man she loves from the gods' sacrificial altar, but this is only the beginning of their troubles as Dionysus intervenes to cause trouble. Reprint.",Fiction
9780812694536,0812694538,Woody Allen and Philosophy,Mark T. Conard;Aeon J. Skoble,Performing Arts,http://books.google.com/books/content?id=BKIW7EeJg6AC&printsec=frontcover&img=1&zoom=1&edge=curl&source=gbs_api,"In fifteen witty essays, fifteen philosophers answer the questions of what writer, director, actor, comedian, musician, and deep thinker Woody Allen is trying to say and why anyone should care. Original.",2004.0,3.77,250.0,282.0,Woody Allen and Philosophy: You Mean My Whole Fallacy is Wrong?,"9780812694536 In fifteen witty essays, fifteen philosophers answer the questions of what writer, director, actor, comedian, musician, and deep thinker Woody Allen is trying to say and why anyone should care. Original.",Nonfiction
9780812695458,0812695453,The Lord of the Rings and Philosophy,Gregory Bassham;Eric Bronson,Literary Criticism,http://books.google.com/books/content?id=4g4BAwAAQBAJ&printsec=frontcover&img=1&zoom=1&edge=curl&source=gbs_api,"Culls dozens of life lessons from the pages of J.R.R. Tolkien's epic tale, examining the author's treatment of such issues as happiness, morality, and the search for ultimate truth.",2003.0,4.28,240.0,4828.0,The Lord of the Rings and Philosophy: One Book to Rule Them All,"9780812695458 Culls dozens of life lessons from the pages of J.R.R. Tolkien's epic tale, examining the author's treatment of such issues as happiness, morality, and the search for ultimate truth.",Nonfiction
9780812927634,081292763X,Random House Crossword Megaomnibus,United Feature Syndication,Games,http://books.google.com/books/content?id=CD8MAAAACAAJ&printsec=frontcover&img=1&zoom=1&source=gbs_api,"his new series contains crosswords slightly less taxing than those in The New York Times. Originally published by United Feature Syndicate, these crosswords have appeared in many of America's highest-circulation newspapers.",1997.0,0.0,336.0,0.0,Random House Crossword Megaomnibus,"9780812927634 his new series contains crosswords slightly less taxing than those in The New York Times. Originally published by United Feature Syndicate, these crosswords have appeared in many of America's highest-circulation newspapers.",Nonfiction
9780812966183,081296618X,Islam,Karen Armstrong,Religion,http://books.google.com/books/content?id=HIJG0bB5yNQC&printsec=frontcover&img=1&zoom=1&source=gbs_api,"Traces the history of Islam, from the flight of Muhammad and the founding of the first mosques to the development of the modern Muslim state, and examines its present beliefs and practices.",2002.0,4.02,230.0,7372.0,Islam: A Short History,"9780812966183 Traces the history of Islam, from the flight of Muhammad and the founding of the first mosques to the development of the modern Muslim state, and examines its present beliefs and practices.",Nonfiction
9780812968378,0812968379,Funny in Farsi,Firoozeh Dumas,Biography & Autobiography,http://books.google.com/books/content?id=PNh9-d69MJ4C&printsec=frontcover&img=1&zoom=1&source=gbs_api,"An autobiography of growing up as an Iranian-American describes the author's family's 1971 move from Iran to Southern California, the members of her diverse family, and their struggle with culture shock.",2004.0,3.79,240.0,12072.0,Funny in Farsi: A Memoir of Growing Up Iranian in America,"9780812968378 An autobiography of growing up as an Iranian-American describes the author's family's 1971 move from Iran to Southern California, the members of her diverse family, and their struggle with culture shock.",Nonfiction
9780812971422,0812971426,Color,Victoria Finlay,Art,http://books.google.com/books/content?id=dnvTmAEACAAJ&printsec=frontcover&img=1&zoom=1&source=gbs_api,"Examining the physical materials that color the world, a freelance journalist explores the social, political, and cultural implications of color throughout history. Reprint. 15,000 first printing.",2004.0,3.78,464.0,59145.0,Color: A Natural History of the Palette,"9780812971422 Examining the physical materials that color the world, a freelance journalist explores the social, political, and cultural implications of color throughout history. Reprint. 15,000 first printing.",Nonfiction
9780812973013,0812973011,Mountains Beyond Mountains,Tracy Kidder,Biography & Autobiography,http://books.google.com/books/content?id=XifdzgU9ilsC&printsec=frontcover&img=1&zoom=1&source=gbs_api,"A portrait of infectious disease expert Dr. Paul Farmer follows the efforts of this unconventional Harvard genius to understand the world's great health, economic, and social problems and to bring healing to humankind.",2004.0,4.22,333.0,59877.0,Mountains Beyond Mountains,"9780812973013 A portrait of infectious disease expert Dr. Paul Farmer follows the efforts of this unconventional Harvard genius to understand the world's great health, economic, and social problems and to bring healing to humankind.",Nonfiction
9780813025933,0813025931,Holding on to the Air,Suzanne Farrell;Toni Bentley,Biography & Autobiography,http://books.google.com/books/content?id=fGKlQgAACAAJ&printsec=frontcover&img=1&zoom=1&source=gbs_api,"The life and accomplishments of one of America's most famous ballerinas is highlighted in this monumental portrait of Suzanne Farrell, the celebrated muse to George Balanchine. (Performing Arts)",2002.0,4.07,352.0,511.0,Holding on to the Air: An Autobiography,"9780813025933 The life and accomplishments of one of America's most famous ballerinas is highlighted in this monumental portrait of Suzanne Farrell, the celebrated muse to George Balanchine. (Performing Arts)",Nonfiction
9780813027050,0813027055,Winter Season,Toni Bentley,Biography & Autobiography,http://books.google.com/books/content?id=0Vk5HAAACAAJ&printsec=frontcover&img=1&zoom=1&source=gbs_api,"Presents the journal of Toni Bentley's life as a dancer for the New York City Ballet, her day-to-day activities, and the emotional struggles that members of George Balanchine's troupe faced.",2003.0,3.91,168.0,406.0,Winter Season: A Dancer's Journal,"9780813027050 Presents the journal of Toni Bentley's life as a dancer for the New York City Ballet, her day-to-day activities, and the emotional struggles that members of George Balanchine's troupe faced.",Nonfiction
9780815411215,0815411219,George Eliot,Kathryn Hughes,Biography & Autobiography,http://books.google.com/books/content?id=6s8CR_lzCfUC&printsec=frontcover&img=1&zoom=1&edge=curl&source=gbs_api,"This intensely engaging biography examines the extraordinary life of George Eliot from her childhood, through her scandalous liaison and social exile, to her hard-won status as one of Victorian England's literary elite.",2001.0,4.03,416.0,159.0,George Eliot: The Last Victorian,"9780815411215 This intensely engaging biography examines the extraordinary life of George Eliot from her childhood, through her scandalous liaison and social exile, to her hard-won status as one of Victorian England's literary elite.",Nonfiction
9780815411833,0815411839,Marilyn Monroe,Donald Spoto,Biography & Autobiography,http://books.google.com/books/content?id=r2W9SGUyRmgC&printsec=frontcover&img=1&zoom=1&edge=curl&source=gbs_api,"A biography of the screen legend employs thirty-five thousand formerly sealed documents--letters, diaries, and other papers--to examine virtually every aspect of Monroe's life and death.",1993.0,4.03,752.0,1347.0,Marilyn Monroe: The Biography,"9780815411833 A biography of the screen legend employs thirty-five thousand formerly sealed documents--letters, diaries, and other papers--to examine virtually every aspect of Monroe's life and death.",Nonfiction
9780816736911,081673691X,You Can Never Go Home Again,Dyan Sheldon,Divorce,http://books.google.com/books/content?id=b9fDUyzHRtoC&printsec=frontcover&img=1&zoom=1&source=gbs_api,"When Angel and her mother move into a cottage on a cliff on Long Island, they find a ghost named BJ, who died during the '50s, already lives there. Part one of two.",1995.0,4.26,166.0,21.0,You Can Never Go Home Again,"9780816736911 When Angel and her mother move into a cottage on a cliff on Long Island, they find a ghost named BJ, who died during the '50s, already lives there. Part one of two.",Fiction
9780822331131,0822331136,Photography's Other Histories,Christopher Pinney;Nicolas Peterson;Nicholas Thomas,Photography,http://books.google.com/books/content?id=ZYPdHJaE6yMC&printsec=frontcover&img=1&zoom=1&edge=curl&source=gbs_api,"Richly illustrated with over 100 images, this volume explores the role of photography in raising historical consciousness from a variety of geographic, cultural, and historical perspectives. 128 photos.",2003.0,3.73,296.0,22.0,Photography's Other Histories,"9780822331131 Richly illustrated with over 100 images, this volume explores the role of photography in raising historical consciousness from a variety of geographic, cultural, and historical perspectives. 128 photos.",Nonfiction
9780823006571,0823006573,The Classical Drawing Atelier,Juliette Aristides,Art,http://books.google.com/books/content?id=dDRQAAAAMAAJ&printsec=frontcover&img=1&zoom=1&source=gbs_api,The works of Old Masters and today's most respected realist artists are used to demonstrate and teach the principles of realist drawing and painting in this comprehensive art course for serious art students.,2006.0,4.11,160.0,3553.0,The Classical Drawing Atelier: A Contemporary Guide to Traditional Studio Practice,9780823006571 The works of Old Masters and today's most respected realist artists are used to demonstrate and teach the principles of realist drawing and painting in this comprehensive art course for serious art students.,Nonfiction
9780823410781,0823410781,A Picture Book of Anne Frank,,Juvenile Nonfiction,http://books.google.com/books/content?id=CSNxWmR9xR8C&printsec=frontcover&img=1&zoom=1&source=gbs_api,Traces the life of the young Jewish girl whose diary chronicles the years she and her family hid from the Nazis in an Amsterdam attic.,1993.0,4.17,32.0,208.0,A Picture Book of Anne Frank,9780823410781 Traces the life of the young Jewish girl whose diary chronicles the years she and her family hid from the Nazis in an Amsterdam attic.,Children's Nonfiction
9780824512590,0824512596,In the Name of Jesus,Henri J. M. Nouwen,Religion,http://books.google.com/books/content?id=T9ZZOAAACAAJ&printsec=frontcover&img=1&zoom=1&source=gbs_api,"Ruminates on the problems, and possible solutions, in today's Christian leadership, offering a rethinking of how to lead, one based more firmly on divine guidance",1992.0,4.35,120.0,7501.0,In the Name of Jesus: Reflections on Christian Leadership,"9780824512590 Ruminates on the problems, and possible solutions, in today's Christian leadership, offering a rethinking of how to lead, one based more firmly on divine guidance",Nonfiction
9780824521233,0824521234,Save the Date,Jason King;Donna Freitas,Religion,http://books.google.com/books/content?id=QUMPAAAACAAJ&printsec=frontcover&img=1&zoom=1&source=gbs_api,"In this funny and lighthearted book by twentysomethings Freitas and King, the authors present a positive view of dating, showing young people how dating can be a spiritual path that promotes maturity and growth.",2003.0,3.75,191.0,4.0,"Save the Date: A Spirituality of Dating, Love, Dinner, and the Divine","9780824521233 In this funny and lighthearted book by twentysomethings Freitas and King, the authors present a positive view of dating, showing young people how dating can be a spiritual path that promotes maturity and growth.",Nonfiction
9780824522520,0824522524,Huxley and God,Aldous Huxley,Religion,http://books.google.com/books/content?id=jv2PAAAAMAAJ&printsec=frontcover&img=1&zoom=1&source=gbs_api,"This volume of essays, written with the authors trademark elegance and wit, tackles subjects such as Action and Contemplation, Religion and Time, Reflections on the Lord's Prayer, and Notes on Zen.",2003.0,4.31,320.0,96.0,Huxley and God: Essays on Religious Experience,"9780824522520 This volume of essays, written with the authors trademark elegance and wit, tackles subjects such as Action and Contemplation, Religion and Time, Reflections on the Lord's Prayer, and Notes on Zen.",Nonfiction
9780826406736,0826406734,Art of Being,Erich Fromm,Philosophy,http://books.google.com/books/content?id=pvQHAAAACAAJ&printsec=frontcover&img=1&zoom=1&source=gbs_api,"Fromm examines the true paths--as opposed to false directions--that will lead us to self-knowledge and enlightenment and offers another way to self-awareness and well-being, one based on psychoanalysis and self-awareness through meditation.",1994.0,4.1,144.0,2320.0,Art of Being,"9780826406736 Fromm examines the true paths--as opposed to false directions--that will lead us to self-knowledge and enlightenment and offers another way to self-awareness and well-being, one based on psychoanalysis and self-awareness through meditation.",Nonfiction
9780830832941,0830832947,Courageous Faith Through the Year,Bill Hybels,Religion,http://books.google.com/books/content?id=T-lM23fB5m8C&printsec=frontcover&img=1&zoom=1&source=gbs_api,"Focusing on the key aspects of Christian life--prayer, character, and wisdom--this one-year devotional shows believers how to know God more deeply and discover how he works in them.",2004.0,3.5,327.0,0.0,Courageous Faith Through the Year,"9780830832941 Focusing on the key aspects of Christian life--prayer, character, and wisdom--this one-year devotional shows believers how to know God more deeply and discover how he works in them.",Nonfiction
9780836204384,0836204387,The Calvin and Hobbes Tenth Anniversary Book,Bill Watterson,Humor,http://books.google.com/books/content?id=xtiMQXCLdJEC&printsec=frontcover&img=1&zoom=1&edge=curl&source=gbs_api,"The creator of ""Calvin and Hobbes"" discusses the art of cartooning, explains how he creates his popular comic strip, and presents his favorite moments from the series' ten years",1995.0,4.63,208.0,48868.0,The Calvin and Hobbes Tenth Anniversary Book,"9780836204384 The creator of ""Calvin and Hobbes"" discusses the art of cartooning, explains how he creates his popular comic strip, and presents his favorite moments from the series' ten years",Nonfiction
9780842332293,0842332294,Desecration,Tim F. LaHaye;Jerry B. Jenkins,Fiction,http://books.google.com/books/content?id=j-9j_26aJOYC&printsec=frontcover&img=1&zoom=1&source=gbs_api,The Tribulation Force gathers its courage as the newly-resurrected Carpathia demonstrates a fondness for gruesome killings against those who remain disloyal to him and commits the ultimate act of desecration against the Judeo-Christian community.,2002.0,4.01,432.0,21074.0,Desecration: Antichrist Takes the Throne,9780842332293 The Tribulation Force gathers its courage as the newly-resurrected Carpathia demonstrates a fondness for gruesome killings against those who remain disloyal to him and commits the ultimate act of desecration against the Judeo-Christian community.,Fiction
9780842342704,0842342702,Left behind,Tim Lahaye;Tim F. LaHaye;Jerry B. Jenkins,Fiction,http://books.google.com/books/content?id=xsfMpULeNOgC&printsec=frontcover&img=1&zoom=1&source=gbs_api,"The first book in the author's successful ""last days"" series follows a 747 pilot as he tries to recover from the effects of ""The Rapture."" Reprint.",1998.0,3.83,342.0,181922.0,Left behind: a novel of the earth's last days,"9780842342704 The first book in the author's successful ""last days"" series follows a 747 pilot as he tries to recover from the effects of ""The Rapture."" Reprint.",Fiction
9780842356299,0842356290,Remember,Karen Kingsbury;Gary Smalley,Fiction,http://books.google.com/books/content?id=OCW3xQEACAAJ&printsec=frontcover&img=1&zoom=1&source=gbs_api,"Ashley Baxter keeps her family and God at a distance trying to prove she can survive on her own, until the tragedy of September 11 changes her life forever.",2003.0,4.42,432.0,17714.0,Remember,"9780842356299 Ashley Baxter keeps her family and God at a distance trying to prove she can survive on her own, until the tragedy of September 11 changes her life forever.",Fiction
9780842361934,0842361936,The Rising,Tim LaHaye;Tim F. LaHaye;Jerry B. Jenkins,Fiction,http://books.google.com/books/content?id=cZAlP8bJVI0C&printsec=frontcover&img=1&zoom=1&source=gbs_api,"The countdown to Rapture begins as Marilena Carpathia unknowingly gives birth to the Antichrist, and half a world away, God's plans begin to take form in young Ray Steele.",2005.0,4.19,400.0,14261.0,The Rising: Antichrist is Born Before They Were Left Behind,"9780842361934 The countdown to Rapture begins as Marilena Carpathia unknowingly gives birth to the Antichrist, and half a world away, God's plans begin to take form in young Ray Steele.",Fiction
9780842387446,0842387447,Forgiven,Karen Kingsbury,Fiction,http://books.google.com/books/content?id=pkvZ8GmuKCYC&printsec=frontcover&img=1&zoom=1&source=gbs_api,Famed Hollywood actor Dayne Matthews struggles to deal with the shocking discoveries he has made about his past and to find the strength to forgive.,2005.0,4.41,358.0,9530.0,Forgiven,9780842387446 Famed Hollywood actor Dayne Matthews struggles to deal with the shocking discoveries he has made about his past and to find the strength to forgive.,Fiction
9780843121315,0843121319,Little Miss Birthday,Roger Hargreaves,Juvenile Fiction,http://books.google.com/books/content?id=FdcN0Drotd0C&printsec=frontcover&img=1&zoom=1&source=gbs_api,"Although Little Miss Birthday has a perfect record for giving people the best birthday presents, she is stumped when she must find a gift for Mr. Wrong.",2007.0,4.0,32.0,188.0,Little Miss Birthday,"9780843121315 Although Little Miss Birthday has a perfect record for giving people the best birthday presents, she is stumped when she must find a gift for Mr. Wrong.",Children's Fiction
9780843946802,0843946806,Sweet Revenge,Lynsay Sands,Fiction,http://books.google.com/books/content?id=vDK9pJQZ054C&printsec=frontcover&img=1&zoom=1&source=gbs_api,"On the way to her wedding, Kyla is kidnapped and forced to marry Galen, leader of the MacDonald clan. But what begins as an act of revenge ends in true love.",2000.0,3.98,400.0,1699.0,Sweet Revenge,"9780843946802 On the way to her wedding, Kyla is kidnapped and forced to marry Galen, leader of the MacDonald clan. But what begins as an act of revenge ends in true love.",Fiction
9780843947663,0843947667,Mischief,Douglas Clegg,Fiction,http://books.google.com/books/content?id=FiTnPAAACAAJ&printsec=frontcover&img=1&zoom=1&source=gbs_api,"Jim Hook confronts an ancient evil power when he arrives at a prestigious prep school built on the grounds of a once-prosperous, old estate in the Hudson Valley of New York. Original.",2000.0,3.49,359.0,368.0,Mischief,"9780843947663 Jim Hook confronts an ancient evil power when he arrives at a prestigious prep school built on the grounds of a once-prosperous, old estate in the Hudson Valley of New York. Original.",Fiction
9780843948103,0843948108,The Deed,Lynsay Sands,Fiction,http://books.google.com/books/content?id=MVyzor_UGHYC&printsec=frontcover&img=1&zoom=1&source=gbs_api,"A naïve new bride learns that there is more to a wedding night than just a sound sleep, and more to true love than she’s ever imagined.",2004.0,3.93,313.0,2937.0,The Deed,"9780843948103 A naïve new bride learns that there is more to a wedding night than just a sound sleep, and more to true love than she’s ever imagined.",Fiction
9780843949094,0843949090,Bliss,Lynsay Sands,Fiction,http://books.google.com/books/content?id=iFoKAAAACAAJ&printsec=frontcover&img=1&zoom=1&source=gbs_api,"Determined to stop their bickering, King Henry decides to force bitter enemies Lady Tiernay and Lord Holden into marriage, an unlikely union that has unexpected results and leads to newfound passion and love. Original.",2001.0,3.97,394.0,1643.0,Bliss,"9780843949094 Determined to stop their bickering, King Henry decides to force bitter enemies Lady Tiernay and Lord Holden into marriage, an unlikely union that has unexpected results and leads to newfound passion and love. Original.",Fiction
9780843951424,0843951427,The Hour Before Dark,Douglas Clegg,Fiction,http://books.google.com/books/content?id=H44iYRp13AEC&printsec=frontcover&img=1&zoom=1&source=gbs_api,"The brutal slaughter of his father brings a young man back to the family home he thought he’d left forever, to confront an unspeakable evil from his past.",2003.0,3.75,370.0,1003.0,The Hour Before Dark,"9780843951424 The brutal slaughter of his father brings a young man back to the family home he thought he’d left forever, to confront an unspeakable evil from his past.",Fiction
9780843951776,084395177X,Nightmare House,Douglas Clegg,Fiction,http://books.google.com/books/content?id=nhxHPAAACAAJ&printsec=frontcover&img=1&zoom=1&source=gbs_api,"After the tales of horror that took place in Harrow House in The Infinite and Mischief, this book takes a look back to tell the story of how the sinister house was built.",2004.0,3.36,340.0,931.0,Nightmare House,"9780843951776 After the tales of horror that took place in Harrow House in The Infinite and Mischief, this book takes a look back to tell the story of how the sinister house was built.",Fiction
9780843953244,0843953241,The Chase,Lynsay Sands,Fiction,http://books.google.com/books/content?id=xHwJAAAACAAJ&printsec=frontcover&img=1&zoom=1&source=gbs_api,"A handsome British knight travels to Scotland eager to fulfill a marriage contract, but finds the feisty temper of his stinning bride to be more than he bargained for.",2004.0,4.05,374.0,2011.0,The Chase,"9780843953244 A handsome British knight travels to Scotland eager to fulfill a marriage contract, but finds the feisty temper of his stinning bride to be more than he bargained for.",Fiction
9780843954111,0843954116,The Attraction,Douglas Clegg,Fiction,http://books.google.com/books/content?id=n6PFAAAACAAJ&printsec=frontcover&img=1&zoom=1&source=gbs_api,The shriveled mummy in a desert roadside display looks harmless enough to the teenagers who have stopped to see it--until it comes to life. Original.,2006.0,3.63,324.0,376.0,The Attraction,9780843954111 The shriveled mummy in a desert roadside display looks harmless enough to the teenagers who have stopped to see it--until it comes to life. Original.,Fiction
9780843954524,0843954523,Blood Moon Over Bengal,Morag McKendrick Pippin,Fiction,http://books.google.com/books/content?id=bIMdDLnNSxsC&printsec=frontcover&img=1&zoom=1&source=gbs_api,"When headstrong Elizabeth Mainwaring flies to Bengal, India, to reunite with her estranged father, a British colonel, she finds one of his soldiers irresistible—and also a suspect in a series of brutal murders!",2004.0,3.45,337.0,20.0,Blood Moon Over Bengal,"9780843954524 When headstrong Elizabeth Mainwaring flies to Bengal, India, to reunite with her estranged father, a British colonel, she finds one of his soldiers irresistible—and also a suspect in a series of brutal murders!",Fiction
9780843955002,0843955007,Love Is Blind,Lynsay Sands,Fiction,http://books.google.com/books/content?id=7s_DAAAACAAJ&printsec=frontcover&img=1&zoom=1&source=gbs_api,"Clumsy Clarissa Crambray has a problem--she can't see without her glasses. But when she stumbles onto a scarred yet honorable nobleman, it may be a match made in heaven. Original.",2006.0,4.0,342.0,3333.0,Love Is Blind,"9780843955002 Clumsy Clarissa Crambray has a problem--she can't see without her glasses. But when she stumbles onto a scarred yet honorable nobleman, it may be a match made in heaven. Original.",Fiction
9780843955828,0843955821,Blood Moon Over Britain,Morag McKendrick Pippin,Fiction,http://books.google.com/books/content?id=EswzeFhvF9UC&printsec=frontcover&img=1&zoom=1&source=gbs_api,"When Cicely Winterborne's best friend is murdered, she is caught up in a web of intrigue and espionage with only one man she CA trust: the dashing Inspector Fielding of Scotland Yard.",2005.0,3.44,323.0,17.0,Blood Moon Over Britain,"9780843955828 When Cicely Winterborne's best friend is murdered, she is caught up in a web of intrigue and espionage with only one man she CA trust: the dashing Inspector Fielding of Scotland Yard.",Fiction
9780851115191,0851115195,Salvation to the Ends of the Earth,Andreas J. Köstenberger;Peter Thomas O'Brien,Religion,http://books.google.com/books/content?id=R3fEQgAACAAJ&printsec=frontcover&img=1&zoom=1&source=gbs_api,"(NSBT) Andreas Kstenberger and Peter O'Brien offer a comprehensive biblical theology of missions, covering the Old Testament, Second Temple Period and the New Testament. Part of the New Studies in Biblical Theology series.",2001.0,3.92,351.0,92.0,Salvation to the Ends of the Earth: A Biblical Theology of Mission,"9780851115191 (NSBT) Andreas Kstenberger and Peter O'Brien offer a comprehensive biblical theology of missions, covering the Old Testament, Second Temple Period and the New Testament. Part of the New Studies in Biblical Theology series.",Nonfiction
9780851513348,0851513344,Discovering God's Will,Sinclair B. Ferguson,Religion,http://books.google.com/books/content?id=m0MPAAAACAAJ&printsec=frontcover&img=1&zoom=1&source=gbs_api,"Discovering God's Will draws out fundamental principles by which God guides us. It shows that the guidance God gives comes primarily through knowing, loving and obeying him.",1981.0,4.24,126.0,91.0,Discovering God's Will,"9780851513348 Discovering God's Will draws out fundamental principles by which God guides us. It shows that the guidance God gives comes primarily through knowing, loving and obeying him.",Nonfiction
9780851708706,0851708706,Trainspotting,Murray Smith,Performing Arts,http://books.google.com/books/content?id=na1ZAAAAMAAJ&printsec=frontcover&img=1&zoom=1&source=gbs_api,"In this book, Murray Smith unpicks the processes that led to the enormous success of Trainspotting. He isolates the various factors that make Trainspotting such a vivid document of its time.",2002.0,4.0,96.0,68.0,Trainspotting,"9780851708706 In this book, Murray Smith unpicks the processes that led to the enormous success of Trainspotting. He isolates the various factors that make Trainspotting such a vivid document of its time.",Nonfiction
9780861366583,0861366581,"20,000 Leagues Under the Sea",Jules Verne,Sea stories,,"A nineteenth-century science fiction tale of an electric submarine, its eccentric captain, and undersea world, which anticipated many of the scientific achievements of the twentieth century.",1987.0,3.88,288.0,18.0,"20,000 Leagues Under the Sea","9780861366583 A nineteenth-century science fiction tale of an electric submarine, its eccentric captain, and undersea world, which anticipated many of the scientific achievements of the twentieth century.",Fiction
9780861711765,0861711769,Eight Mindful Steps to Happiness,Henepola Gunaratana,"Body, Mind & Spirit",http://books.google.com/books/content?id=O7zazYDh02wC&printsec=frontcover&img=1&zoom=1&edge=curl&source=gbs_api,"The author plumbs the ""Eightfold Path"" of Buddhism for advice on how to live life with the proper attention to understanding, thinking, speech, action, livelihood, effort, mindfulness, and concentration.",2001.0,4.3,288.0,1051.0,Eight Mindful Steps to Happiness: Walking the Buddha's Path,"9780861711765 The author plumbs the ""Eightfold Path"" of Buddhism for advice on how to live life with the proper attention to understanding, thinking, speech, action, livelihood, effort, mindfulness, and concentration.",Nonfiction
9780865344921,0865344922,Corroborating Evidence,William T. Rasmussen,True Crime,http://books.google.com/books/content?id=0LReHAAACAAJ&printsec=frontcover&img=1&zoom=1&source=gbs_api,"Rasmussen presents evidence to show, with reasonable certainty, that someone else committed the murders that have kept William Heirens--the longest-serving living inmate in the Illinois penal system--in prison for 58 years .",2005.0,3.3,234.0,10.0,Corroborating Evidence: The Black Dahlia Murder,"9780865344921 Rasmussen presents evidence to show, with reasonable certainty, that someone else committed the murders that have kept William Heirens--the longest-serving living inmate in the Illinois penal system--in prison for 58 years .",Nonfiction
9780865471184,0865471185,West with the Night,Beryl Markham,Biography & Autobiography,http://books.google.com/books/content?id=k5aXb2_Hn1EC&printsec=frontcover&img=1&zoom=1&source=gbs_api,"Describes growing up in an Africa that no longer exists, training and breeding race horses, flying mail to Sudan, and being the first woman to fly the Atlantic, east to west",1942.0,4.19,294.0,23110.0,West with the Night,"9780865471184 Describes growing up in an Africa that no longer exists, training and breeding race horses, flying mail to Sudan, and being the first woman to fly the Atlantic, east to west",Nonfiction
9780871136794,0871136791,Cold Mountain,Charles Frazier,Fiction,http://books.google.com/books/content?id=6hkExFYAvMEC&printsec=frontcover&img=1&zoom=1&edge=curl&source=gbs_api,"Inman, a wounded soldier, walks away from the front during the Civil War to return to his prewar sweetheart, Ada, who desperately works to revive a struggling farm",1997.0,3.85,356.0,1048.0,Cold Mountain,"9780871136794 Inman, a wounded soldier, walks away from the front during the Civil War to return to his prewar sweetheart, Ada, who desperately works to revive a struggling farm",Fiction
9780871139474,0871139472,Sherlock Holmes,Nick Rennison,Fiction,http://books.google.com/books/content?id=_yxb9u0lVMoC&printsec=frontcover&img=1&zoom=1&source=gbs_api,"Describes the character's influence on the political events of late-nineteenth-century England, his connections to the British criminal underworld, and his investigations into some of his era's most infamous crimes.",2006.0,4.26,304.0,27.0,Sherlock Holmes: The Unauthorized Biography,"9780871139474 Describes the character's influence on the political events of late-nineteenth-century England, his connections to the British criminal underworld, and his investigations into some of his era's most infamous crimes.",Fiction
9780871401656,0871401657,Tulips and Chimneys,E. E. Cummings,Poetry,http://books.google.com/books/content?id=hbzwAAAAQBAJ&printsec=frontcover&img=1&zoom=1&edge=curl&source=gbs_api,"Fresh and candid, by turns earthy, tender, defiant, and romantic, Cummings's poems celebrate the uniqueness of each individual, the need to protest the dehumanizing force of organizations, and the exuberant power of love.",1996.0,4.38,208.0,1184.0,Tulips and Chimneys,"9780871401656 Fresh and candid, by turns earthy, tender, defiant, and romantic, Cummings's poems celebrate the uniqueness of each individual, the need to protest the dehumanizing force of organizations, and the exuberant power of love.",Fiction
9780872200470,0872200477,Basic Political Writings,Jean-Jacques Rousseau,Philosophy,http://books.google.com/books/content?id=l6WQhs1BJMcC&printsec=frontcover&img=1&zoom=1&source=gbs_api,"'The publication of these excellent translations is a happy occasion for teachers of courses in political philosophy and the history of political theory...' - Raymon M Lemos, ""Teaching Philosophy"".",1987.0,3.87,227.0,4653.0,Basic Political Writings,"9780872200470 'The publication of these excellent translations is a happy occasion for teachers of courses in political philosophy and the history of political theory...' - Raymon M Lemos, ""Teaching Philosophy"".",Nonfiction
9780872206786,0872206785,Complete Poems and Major Prose,John Milton;Merritt Yerkes Hughes,Poetry,http://books.google.com/books/content?id=Kc28ocJWCSMC&printsec=frontcover&img=1&zoom=1&edge=curl&source=gbs_api,"First published by Odyssey Press in 1957, this classic edition provides Milton's poetry and major prose works, richly annotated, in a sturdy and affordable clothbound volume.",1957.0,4.18,1088.0,898.0,Complete Poems and Major Prose,"9780872206786 First published by Odyssey Press in 1957, this classic edition provides Milton's poetry and major prose works, richly annotated, in a sturdy and affordable clothbound volume.",Fiction
9780872207882,0872207889,Plato on Love,Plato;C. D. C. Reeve,Philosophy,http://books.google.com/books/content?id=ToP5nQEACAAJ&printsec=frontcover&img=1&zoom=1&source=gbs_api,"Plato's works on love—Symposium, Phaedrus, Lysis, and Alciabiades in their entirety, with relevant selections from Republic and Laws—with an introductory essay by C. D. C. Reeve.",2006.0,4.05,272.0,146.0,"Plato on Love: Lysis, Symposium, Phaedrus, Alcibiades, with Selections from Republic, Laws","9780872207882 Plato's works on love—Symposium, Phaedrus, Lysis, and Alciabiades in their entirety, with relevant selections from Republic and Laws—with an introductory essay by C. D. C. Reeve.",Nonfiction
9780872864757,0872864758,A Power Governments Cannot Suppress,Howard Zinn,History,http://books.google.com/books/content?id=FiGX0LEy4jMC&printsec=frontcover&img=1&zoom=1&edge=curl&source=gbs_api,"A Power Governments Cannot Suppress is Howard Zinn’s major new collection of essays on American history, class, immigration, justice, and ordinary citizens who have made a difference.",2007.0,4.27,293.0,854.0,A Power Governments Cannot Suppress,"9780872864757 A Power Governments Cannot Suppress is Howard Zinn’s major new collection of essays on American history, class, immigration, justice, and ordinary citizens who have made a difference.",Nonfiction
9780873515122,0873515129,The St. Paul Stories of F. Scott Fitzgerald,Francis Scott Fitzgerald;Patricia Hampl,Fiction,http://books.google.com/books/content?id=ZATywAEACAAJ&printsec=frontcover&img=1&zoom=1&source=gbs_api,Fitzgerald's sensitivity about wealth and position--later made evident in such classics as The Great Gatsby and Tender is the Night--was bred of his St. Paul family and associations.,2004.0,3.97,328.0,93.0,The St. Paul Stories of F. Scott Fitzgerald,9780873515122 Fitzgerald's sensitivity about wealth and position--later made evident in such classics as The Great Gatsby and Tender is the Night--was bred of his St. Paul family and associations.,Fiction
9780876856833,0876856830,You Get So Alone at Times,Charles Bukowski,Fiction,http://books.google.com/books/content?id=6t3SlgEACAAJ&printsec=frontcover&img=1&zoom=1&source=gbs_api,"Charles Bukowski examines cats and his childhood in You Get So Alone at Times, a book of poetry that reveals his tender side. He delves into his youth to analyze its repercussions.",2002.0,4.25,320.0,11737.0,You Get So Alone at Times,"9780876856833 Charles Bukowski examines cats and his childhood in You Get So Alone at Times, a book of poetry that reveals his tender side. He delves into his youth to analyze its repercussions.",Fiction
9780879237516,0879237511,"Life, a User's Manual",Georges Perec,Fiction,http://books.google.com/books/content?id=mOu_ZfwIRJkC&printsec=frontcover&img=1&zoom=1&source=gbs_api,"Represents an exploration of the relationship between imagination and reality as seen through the eyes of the dying Serge Valene, an inhabitant of a large Parisian apartment block.",1987.0,4.22,581.0,4221.0,"Life, a User's Manual","9780879237516 Represents an exploration of the relationship between imagination and reality as seen through the eyes of the dying Serge Valene, an inhabitant of a large Parisian apartment block.",Fiction
9780886773489,0886773482,Phantoms,Martin Harry Greenberg;Rosalind M. Greenberg,Fiction,,"A collection of tales featuring the Phantom of the Opera, from backstage appearances at the Paris Opera to a rock tour arranged from beyond the grave",1989.0,3.38,270.0,13.0,Phantoms,"9780886773489 A collection of tales featuring the Phantom of the Opera, from backstage appearances at the Paris Opera to a rock tour arranged from beyond the grave",Fiction
9780886774004,0886774004,Arrow's Fall,Mercedes Lackey,Fiction,http://books.google.com/books/content?id=-AWnjwEACAAJ&printsec=frontcover&img=1&zoom=1&source=gbs_api,"Talia, Herald to the Queen of Valdemar, travels to a neighboring realm to investigate a prince's proposal to marry the Queen's heir, but discovers an evil plot to destroy Valdemar",1988.0,4.19,319.0,18945.0,Arrow's Fall,"9780886774004 Talia, Herald to the Queen of Valdemar, travels to a neighboring realm to investigate a prince's proposal to marry the Queen's heir, but discovers an evil plot to destroy Valdemar",Fiction
9780886774264,0886774268,Magic's Price,Mercedes Lackey,Fiction,http://books.google.com/books/content?id=NUMkN-aEShEC&printsec=frontcover&img=1&zoom=1&source=gbs_api,"Vanyel, the powerful Herald-Mage, stands alone in the battle against the evil forces threatening the once-peaceful kingdom of Valdemar, accompanied only by his companion, Yfandes",1990.0,4.27,351.0,18397.0,Magic's Price,"9780886774264 Vanyel, the powerful Herald-Mage, stands alone in the battle against the evil forces threatening the once-peaceful kingdom of Valdemar, accompanied only by his companion, Yfandes",Fiction
9780886774448,0886774446,The Madness Season,C. S. Friedman,Fiction,http://books.google.com/books/content?id=eFajDAEACAAJ&printsec=frontcover&img=1&zoom=1&source=gbs_api,"Daetrin finds he must resist the Tyr, an alien race with a unified gestalt mind that has subjugated humankind, and fight the alien force within himself",1990.0,4.05,495.0,2428.0,The Madness Season,"9780886774448 Daetrin finds he must resist the Tyr, an alien race with a unified gestalt mind that has subjugated humankind, and fight the alien force within himself",Fiction
9780886776503,0886776503,Fire in the Sky,Jo Clayton,Fiction,http://books.google.com/books/content?id=UV_5R7K4fewC&printsec=frontcover&img=1&zoom=1&source=gbs_api,"Emerging from her centuries-long imprisonment inside an alien artifact, Shadith learns that she has developed an empathic musical skill, and is called upon to delegate a mission with a musically communicating alien race. Original.",1995.0,3.87,352.0,61.0,Fire in the Sky,"9780886776503 Emerging from her centuries-long imprisonment inside an alien artifact, Shadith learns that she has developed an empathic musical skill, and is called upon to delegate a mission with a musically communicating alien race. Original.",Fiction
9780886777203,0886777208,Sword of Ice and Other Tales of Valdemar,Mercedes Lackey,Fiction,http://books.google.com/books/content?id=IfzPAQAACAAJ&printsec=frontcover&img=1&zoom=1&source=gbs_api,"Mickey Zucker Reichert, Tanya Huff, Michelle Sagara, and others present seventeen original tales set in the popular fantasy universe of Valdemar, home of the Heralds and their mysterious horse-like Companions. Original.",1997.0,3.84,350.0,3740.0,Sword of Ice and Other Tales of Valdemar,"9780886777203 Mickey Zucker Reichert, Tanya Huff, Michelle Sagara, and others present seventeen original tales set in the popular fantasy universe of Valdemar, home of the Heralds and their mysterious horse-like Companions. Original.",Fiction
9780886777739,0886777739,Oathblood,Mercedes Lackey,Fiction,http://books.google.com/books/content?id=xPG6jwEACAAJ&printsec=frontcover&img=1&zoom=1&source=gbs_api,"A collection of ten short stories and a novella which looks at the relationship of Tarma and Kethry, two ex-mercenary swordsisters who run the schools in Haven",1998.0,4.05,394.0,9575.0,Oathblood,"9780886777739 A collection of ten short stories and a novella which looks at the relationship of Tarma and Kethry, two ex-mercenary swordsisters who run the schools in Haven",Fiction
9780886778873,0886778875,New Amazons,Margaret Weis,Fiction,http://books.google.com/books/content?id=0WDqnB8ZuasC&printsec=frontcover&img=1&zoom=1&source=gbs_api,"Offers a collection of fantastical and suspenseful tales about heroic women by such notable authors as Jo Clayton, Nancy Springer, Gary Braunbeck, Jane Lindskold, and Kevin T. Stein. Original.",2000.0,3.55,336.0,47.0,New Amazons,"9780886778873 Offers a collection of fantastical and suspenseful tales about heroic women by such notable authors as Jo Clayton, Nancy Springer, Gary Braunbeck, Jane Lindskold, and Kevin T. Stein. Original.",Fiction
9780887847448,0887847447,Feeding the Future,Andrew Heintzman;Evan Solomon,Social Science,http://books.google.com/books/content?id=sJsI8-wxDf0C&printsec=frontcover&img=1&zoom=1&edge=curl&source=gbs_api,"Outlines practical solutions to global food supply problems in the twenty-first century, suggesting relevant ways to address key issues related to food safety, conservation, global trade, and more. Original.",2006.0,3.5,336.0,2.0,"Feeding the Future: From Fat to Famine, How to Solve the World's Food Crises","9780887847448 Outlines practical solutions to global food supply problems in the twenty-first century, suggesting relevant ways to address key issues related to food safety, conservation, global trade, and more. Original.",Nonfiction
9780891906797,0891906797,The Great Gatsby,F. Scott Fitzgerald,Fiction,http://books.google.com/books/content?id=MXuJwwEACAAJ&printsec=frontcover&img=1&zoom=1&source=gbs_api,"Tells the story of a young man, newly rich, who tries to recapture the past and win back his former love, despite the fact that she has married",1925.0,3.91,182.0,151.0,The Great Gatsby,"9780891906797 Tells the story of a young man, newly rich, who tries to recapture the past and win back his former love, despite the fact that she has married",Fiction
9780895260475,0895260476,The Politically Incorrect Guide To American History,"Thomas E. Woods, Jr.",History,http://books.google.com/books/content?id=ltSIOnW6XLsC&printsec=frontcover&img=1&zoom=1&source=gbs_api,"Looks at American history with an irreverant and hard-hitting look at the nation's important people and events, concluding that the American Revolution was fought by conservatives and the First Amendment accepted state-sponsored churches.",2004.0,4.02,270.0,1547.0,The Politically Incorrect Guide To American History,"9780895260475 Looks at American history with an irreverant and hard-hitting look at the nation's important people and events, concluding that the American Revolution was fought by conservatives and the First Amendment accepted state-sponsored churches.",Nonfiction
9780896214408,0896214400,Rita Hayworth and Shawshank Redemption,Stephen King,Fiction,,"Andy Dufresne was no ordinary ""lifer."" He was in Shankshaw State Prison for two murders he didn't commit. His posters kept him sane by giving him hope.",1982.0,4.52,181.0,15409.0,Rita Hayworth and Shawshank Redemption: A Story from Different Seasons,"9780896214408 Andy Dufresne was no ordinary ""lifer."" He was in Shankshaw State Prison for two murders he didn't commit. His posters kept him sane by giving him hope.",Fiction
9780896892026,0896892026,200 Quilt Blocks to Mix & Match,Davina Thomas,Crafts & Hobbies,http://books.google.com/books/content?id=jnRQuQEACAAJ&printsec=frontcover&img=1&zoom=1&source=gbs_api,Discover the beauty and ease of mixing and matching in this easy-to-follow guide that contains 200 simple quilt blocks that open the door to a variety of contemporary and traditional designs. 200 photos.,2005.0,4.09,128.0,5.0,200 Quilt Blocks to Mix & Match,9780896892026 Discover the beauty and ease of mixing and matching in this easy-to-follow guide that contains 200 simple quilt blocks that open the door to a variety of contemporary and traditional designs. 200 photos.,Nonfiction
9780915811236,0915811235,Secret of the Peaceful Warrior,Dan Millman,Juvenile Fiction,http://books.google.com/books/content?id=QulFqHcTmBsC&printsec=frontcover&img=1&zoom=1&edge=curl&source=gbs_api,"An old man named Socrates shows Danny that the best way of dealing with a bully is the way of the peaceful warrior, through courage and love.",1991.0,4.18,32.0,152.0,Secret of the Peaceful Warrior,"9780915811236 An old man named Socrates shows Danny that the best way of dealing with a bully is the way of the peaceful warrior, through courage and love.",Children's Fiction
9780918273826,091827382X,Through the Arc of the Rain Forest,Karen Tei Yamashita,Fiction,http://books.google.com/books/content?id=Pf92tcixPqMC&printsec=frontcover&img=1&zoom=1&source=gbs_api,"A wealthy Japanese man, a Brazilian healer, a couple who raise homing pigeons, a pilgrim, and an American businessman find their lives altered by their encounter with the rain forest",1990.0,3.91,212.0,119.0,Through the Arc of the Rain Forest: A Novel,"9780918273826 A wealthy Japanese man, a Brazilian healer, a couple who raise homing pigeons, a pilgrim, and an American businessman find their lives altered by their encounter with the rain forest",Fiction
9780933121263,0933121261,Black Man of the Nile and His Family,Yosef Ben-Jochannan,History,http://books.google.com/books/content?id=6EK3Bs1h1FUC&printsec=frontcover&img=1&zoom=1&edge=curl&source=gbs_api,"In a masterful and unique manner, Dr. Ben uses Black Man of the Nile to challenge and expose ""Europeanized"" African history. Order Black Man of the Nile here.",1989.0,4.56,442.0,175.0,Black Man of the Nile and His Family,"9780933121263 In a masterful and unique manner, Dr. Ben uses Black Man of the Nile to challenge and expose ""Europeanized"" African history. Order Black Man of the Nile here.",Nonfiction
9780936197449,0936197447,"Yes, Your Teen Is Crazy!",Michael J. Bradley,Family & Relationships,http://books.google.com/books/content?id=51wMAAAACAAJ&printsec=frontcover&img=1&zoom=1&source=gbs_api,"A survival guide for parents helps beleagured adults navigate their childrens' teen years, with advice on how to turn adolescents into strong, confident, productive adults.",2002.0,4.3,332.0,759.0,"Yes, Your Teen Is Crazy!: Loving Your Kid Without Losing Your Mind","9780936197449 A survival guide for parents helps beleagured adults navigate their childrens' teen years, with advice on how to turn adolescents into strong, confident, productive adults.",Nonfiction
9780939666508,0939666502,Yosemite,Margaret Sanborn,History,http://books.google.com/books/content?id=8zwJAAAACAAJ&printsec=frontcover&img=1&zoom=1&source=gbs_api,"Recounts the history of Yosemite, covering the Awahneeches, its first inhabitants, the explorers who introduced it to the outside world, and the naturalists who struggled to protect it",1989.0,3.96,289.0,23.0,"Yosemite: Its Discovery, Its Wonders and Its People","9780939666508 Recounts the history of Yosemite, covering the Awahneeches, its first inhabitants, the explorers who introduced it to the outside world, and the naturalists who struggled to protect it",Nonfiction
9780940450738,0940450739,"Collected tales, sketches, speeches, and essays 1891-1910",Mark Twain,"Humorous stories, American",http://books.google.com/books/content?id=hhzGwQEACAAJ&printsec=frontcover&img=1&zoom=1&source=gbs_api,"This with its companion volume is the most comprehensive collection ever published of Mark Twain's short writings: the incomparable stories, sketches and maxims of American's greatest humorist.",1992.0,4.39,1050.0,199.0,"Collected tales, sketches, speeches, and essays 1891-1910: 1891-1910","9780940450738 This with its companion volume is the most comprehensive collection ever published of Mark Twain's short writings: the incomparable stories, sketches and maxims of American's greatest humorist.",Fiction
9780946487509,0946487502,On the Trail of Mary Queen of Scots,J. Keith Cheetham,Biography & Autobiography,http://books.google.com/books/content?id=w6ogOYZvE2wC&printsec=frontcover&img=1&zoom=1&edge=curl&source=gbs_api,"Traces the tumultuous life of Mary Stuart, who became queen at the age of one week and was eventually beheaded for plotting against her cousin, Queen Elizabeth I",1999.0,3.27,192.0,11.0,On the Trail of Mary Queen of Scots,"9780946487509 Traces the tumultuous life of Mary Stuart, who became queen at the age of one week and was eventually beheaded for plotting against her cousin, Queen Elizabeth I",Nonfiction
9780960989867,0960989862,The Twelve Steps and Twelve Traditions of Overeaters Anonymous,"Overeaters Anonymous, Inc. (U.S.)",Self-Help,http://books.google.com/books/content?id=pGeWAAAACAAJ&printsec=frontcover&img=1&zoom=1&source=gbs_api,"Explains the twelve steps of Overeaters Anonymous, its program of recovery for food addiction, and the twelve traditions, the principles that guide its groups and services.",1993.0,4.37,221.0,200.0,The Twelve Steps and Twelve Traditions of Overeaters Anonymous,"9780960989867 Explains the twelve steps of Overeaters Anonymous, its program of recovery for food addiction, and the twelve traditions, the principles that guide its groups and services.",Nonfiction
9780964326194,0964326191,The Eye of the I,David R. Hawkins,"Body, Mind & Spirit",http://books.google.com/books/content?id=uKgXAAAACAAJ&printsec=frontcover&img=1&zoom=1&source=gbs_api,"""This is the second volume of a trilogy which began with ""Power vs. force"" and will be completed by the publications of the third volume simply entitled ""I""--P. [4] of cover.",2001.0,4.38,432.0,707.0,The Eye of the I,"9780964326194 ""This is the second volume of a trilogy which began with ""Power vs. force"" and will be completed by the publications of the third volume simply entitled ""I""--P. [4] of cover.",Fiction
9780965020596,0965020592,Fahrenheit 451,Ray Bradbury,Book burning,,"A bookburner official in a future fascist state finds out books are a vital part of a culture he never knew. He clandestinely pursues reading, until he is betrayed.",2001.0,3.98,190.0,185.0,Fahrenheit 451,"9780965020596 A bookburner official in a future fascist state finds out books are a vital part of a culture he never knew. He clandestinely pursues reading, until he is betrayed.",Fiction
9780965604925,0965604926,The Rape of Nanking,Iris Chang,"Nanjing (Jiangsu Sheng, China)",,"The Japanese army swept into the ancient city of Anaking and within weeks looted and burned the defenseless city but raped, tortured, and murdered more than 300,000 Chinese.",1997.0,4.12,290.0,59.0,The Rape of Nanking,"9780965604925 The Japanese army swept into the ancient city of Anaking and within weeks looted and burned the defenseless city but raped, tortured, and murdered more than 300,000 Chinese.",Nonfiction
9780972016414,0972016414,The Player's Handbook,Heidi Fleiss;Libby Keatinge,Family & Relationships,http://books.google.com/books/content?id=a6NbAAAACAAJ&printsec=frontcover&img=1&zoom=1&source=gbs_api,"Well-versed in the intricacies of the male psyche, the infamous Hollywood Madam offers time-tested strategies and hard-won wisdom on how to survive the love-go-round and come out on top.",2003.0,3.82,123.0,34.0,The Player's Handbook: The Ultimate Guide on Dating and Relationships,"9780972016414 Well-versed in the intricacies of the male psyche, the infamous Hollywood Madam offers time-tested strategies and hard-won wisdom on how to survive the love-go-round and come out on top.",Nonfiction
9780972018418,0972018417,Eating for Life,Bill Phillips,Health & Fitness,http://books.google.com/books/content?id=rzqENbD0IUgC&printsec=frontcover&img=1&zoom=1&source=gbs_api,"The popular fitness author explains how to achieve a healthy lifestyle and avoid dieting by planning balanced, nutritious meals and offers 150 nourishing recipes for breakfasts, lunches, dinners, and desserts.",2003.0,3.95,405.0,788.0,Eating for Life,"9780972018418 The popular fitness author explains how to achieve a healthy lifestyle and avoid dieting by planning balanced, nutritious meals and offers 150 nourishing recipes for breakfasts, lunches, dinners, and desserts.",Nonfiction
9780972393614,0972393617,Ultimate Unofficial Guide to the Mysteries of Harry Potter,Galadriel Waters;Astre Mithrandir,Literary Criticism,http://books.google.com/books/content?id=73QFJ7cN-yoC&printsec=frontcover&img=1&zoom=1&source=gbs_api,"A guide to J.K. Rowling's first four Harry Potter novels analyzes mysterious elements, themes, and puzzles hidden throughout the works and speculates about the plots and endings of future volumes.",2003.0,4.05,412.0,2725.0,Ultimate Unofficial Guide to the Mysteries of Harry Potter,"9780972393614 A guide to J.K. Rowling's first four Harry Potter novels analyzes mysterious elements, themes, and puzzles hidden throughout the works and speculates about the plots and endings of future volumes.",Nonfiction
9780974514055,0974514055,Programming Ruby,David Thomas,Computers,http://books.google.com/books/content?id=wX9jQgAACAAJ&printsec=frontcover&img=1&zoom=1&source=gbs_api,"A tutorial and reference to the object-oriented programming language for beginning to experienced programmers, updated for version 1.8, describes the language's structure, syntax, and operation, and explains how to build applications. Original. (Intermediate)",2004.0,4.04,828.0,1525.0,Programming Ruby: The Pragmatic Programmers' Guide,"9780974514055 A tutorial and reference to the object-oriented programming language for beginning to experienced programmers, updated for version 1.8, describes the language's structure, syntax, and operation, and explains how to build applications. Original. (Intermediate)",Nonfiction
9780976882305,0976882302,The Giraffe who was Afraid of Heights,David A. Ufer,Juvenile Fiction,http://books.google.com/books/content?id=j2IzKQUJB4IC&printsec=frontcover&img=1&zoom=1&source=gbs_api,"This is a facinating tale about a young giraffe who suffers from a fear of heights. Along his journey, he meets new animal friends with ironic fears of their own.",2006.0,3.81,32.0,34.0,The Giraffe who was Afraid of Heights,"9780976882305 This is a facinating tale about a young giraffe who suffers from a fear of heights. Along his journey, he meets new animal friends with ironic fears of their own.",Children's Fiction
9781400031368,1400031362,Morality for Beautiful Girls,Alexander McCall Smith,Fiction,http://books.google.com/books/content?id=JTV3COlWawMC&printsec=frontcover&img=1&zoom=1&source=gbs_api,"Precious Ramotswe investigates two very different cases--the alleged poisoning of the brother of an important government official, and the moral character of the finalists of the Miss Beauty and Integrity Contest.",2002.0,3.98,227.0,32047.0,Morality for Beautiful Girls,"9781400031368 Precious Ramotswe investigates two very different cases--the alleged poisoning of the brother of an important government official, and the moral character of the finalists of the Miss Beauty and Integrity Contest.",Fiction
9781400032051,1400032059,1491,Charles C. Mann,History,http://books.google.com/books/content?id=XhAqcIq_pGcC&printsec=frontcover&img=1&zoom=1&source=gbs_api,"Describes how recent archaeological research has transformed long-held myths about the Americas, revealing far older and more advanced cultures with a greater population than were previously thought to have existed.",2006.0,4.02,541.0,51593.0,1491: New Revelations of the Americas Before Columbus,"9781400032051 Describes how recent archaeological research has transformed long-held myths about the Americas, revealing far older and more advanced cultures with a greater population than were previously thought to have existed.",Nonfiction
9781400032532,1400032539,His Excellency,Joseph J. Ellis,Biography & Autobiography,http://books.google.com/books/content?id=2Y9Rko9sT3kC&printsec=frontcover&img=1&zoom=1&source=gbs_api,"Draws on the Washington papers from archives at the University of Virginia to chronicle George Washington's military career and presidential years, discussing his struggle to keep an emerging America united and other accomplishments.",2005.0,3.92,320.0,31485.0,His Excellency: George Washington,"9781400032532 Draws on the Washington papers from archives at the University of Virginia to chronicle George Washington's military career and presidential years, discussing his struggle to keep an emerging America united and other accomplishments.",Nonfiction
9781400032716,1400032717,The curious incident of the dog in the night-time,Mark Haddon,Fiction,,"Despite his overwhelming fear of interacting with people, Christopher, a mathematically-gifted, autistic fifteen-year-old boy, decides to investigate the murder of a neighbor's dog and uncovers secret information about his mother.",2003.0,3.87,226.0,991627.0,The curious incident of the dog in the night-time: a novel,"9781400032716 Despite his overwhelming fear of interacting with people, Christopher, a mathematically-gifted, autistic fifteen-year-old boy, decides to investigate the murder of a neighbor's dog and uncovers secret information about his mother.",Fiction
9781400032921,140003292X,The Complete Short Novels,Anton Pavlovich Chekhov,Fiction,http://books.google.com/books/content?id=8PYXDDec5vQC&printsec=frontcover&img=1&zoom=1&source=gbs_api,"A new translation of the nineteenth-century Russian master's short classics includes The Steppe, The Duel, The Story of an Unknown Man, Three Years, and My Life. Reprint. 12,500 first printing.",2005.0,4.47,548.0,10275.0,The Complete Short Novels,"9781400032921 A new translation of the nineteenth-century Russian master's short classics includes The Steppe, The Duel, The Story of an Unknown Man, Three Years, and My Life. Reprint. 12,500 first printing.",Fiction
9781400032952,1400032954,Isaac Newton,James Gleick,Biography & Autobiography,http://books.google.com/books/content?id=aJNnuToKNOwC&printsec=frontcover&img=1&zoom=1&source=gbs_api,"In this original, sweeping, and intimate biography, Gleick moves between a comprehensive historical portrait and a dramatic focus on Newton's significant letters and unpublished notebooks to illuminate the real importance of his work.",2004.0,3.83,288.0,5132.0,Isaac Newton,"9781400032952 In this original, sweeping, and intimate biography, Gleick moves between a comprehensive historical portrait and a dramatic focus on Newton's significant letters and unpublished notebooks to illuminate the real importance of his work.",Nonfiction
9781400033881,1400033888,Istanbul,Orhan Pamuk,Biography & Autobiography,http://books.google.com/books/content?id=m-qJDQAAQBAJ&printsec=frontcover&img=1&zoom=1&source=gbs_api,"A portrait of one of the world's most complex and diverse cities interweaves the history of Istanbul with observations and reflections on the city's landmarks, art, people, institutions, and great spaces.",2006.0,3.78,356.0,11391.0,Istanbul,"9781400033881 A portrait of one of the world's most complex and diverse cities interweaves the history of Istanbul with observations and reflections on the city's landmarks, art, people, institutions, and great spaces.",Nonfiction
9781400034710,140003471X,Chronicle of a Death Foretold,Gabriel Garcia Marquez,Fiction,http://books.google.com/books/content?id=c7g6i1DvUUgC&printsec=frontcover&img=1&zoom=1&source=gbs_api,"The Nobel laureate weaves a story of a fantastic wedding, the return of the bride to her parents, her brothers' resolve to murder her corruptor, and the townspeoples' refusal to depart from routine.",2003.0,3.96,120.0,65713.0,Chronicle of a Death Foretold: A Novel,"9781400034710 The Nobel laureate weaves a story of a fantastic wedding, the return of the bride to her parents, her brothers' resolve to murder her corruptor, and the townspeoples' refusal to depart from routine.",Fiction
9781400034772,1400034779,The No. 1 Ladies' Detective Agency,Alexander McCall Smith,Fiction,http://books.google.com/books/content?id=BVPY5Q4hXF8C&printsec=frontcover&img=1&zoom=1&source=gbs_api,"Working in Gaborone, Botswana, Precious Ramotswe investigates several local mysteries, including a search for a missing boy and the case of the clinic doctor with different personalities for different days of the week.",2002.0,3.77,235.0,200338.0,The No. 1 Ladies' Detective Agency,"9781400034772 Working in Gaborone, Botswana, Precious Ramotswe investigates several local mysteries, including a search for a missing boy and the case of the clinic doctor with different personalities for different days of the week.",Fiction
9781400043194,1400043190,Dead Souls,Nikolaĭ Vasilʹevich Gogolʹ,Fiction,http://books.google.com/books/content?id=TQrXV-kwBuMC&printsec=frontcover&img=1&zoom=1&source=gbs_api,"In this comic classic of Russian literature, Chichikov, an amusing and often confused schemer, buys deceased serfs' names from landlords' poll tax lists hoping to mortgage them for profit.",2004.0,3.99,445.0,365.0,Dead Souls,"9781400043194 In this comic classic of Russian literature, Chichikov, an amusing and often confused schemer, buys deceased serfs' names from landlords' poll tax lists hoping to mortgage them for profit.",Fiction
9781400043330,1400043336,The General in His Labyrinth,Gabriel García Márquez,Fiction,http://books.google.com/books/content?id=CFUJpkcwN70C&printsec=frontcover&img=1&zoom=1&source=gbs_api,"Old and ill, General Simon Bolivar reexamines his life--reliving his campaigns, recalling his romances, and revealing himself as a lover, libertine, and fighter--during a seven-month voyage down the Magdalena River.",2004.0,3.68,248.0,11460.0,The General in His Labyrinth: A Novel,"9781400043330 Old and ill, General Simon Bolivar reexamines his life--reliving his campaigns, recalling his romances, and revealing himself as a lover, libertine, and fighter--during a seven-month voyage down the Magdalena River.",Fiction
9781400044160,1400044162,Half of a Yellow Sun,Chimamanda Ngozi Adichie,Fiction,http://books.google.com/books/content?id=ubfggYDjbiEC&printsec=frontcover&img=1&zoom=1&source=gbs_api,"Re-creates the 1960s struggle of Biafra to establish an independent republic in Nigeria, following the intertwined lives of the characters through a military coup, the Biafran secession, and the resulting civil war.",2006.0,4.31,433.0,63910.0,Half of a Yellow Sun,"9781400044160 Re-creates the 1960s struggle of Biafra to establish an independent republic in Nigeria, following the intertwined lives of the characters through a military coup, the Biafran secession, and the resulting civil war.",Fiction
9781400044740,140004474X,Confessions of a French Baker,Peter Mayle;Gerard Auzet,Cooking,http://books.google.com/books/content?id=rp4wfvuZ3QoC&printsec=frontcover&img=1&zoom=1&source=gbs_api,"A behind-the-scenes look at the art of French breadmaking includes sixteen recipes from the award-winning Provencal baker, Gerard Auzet, and includes tips for adapting recipes to the American kitchen.",2005.0,3.64,91.0,389.0,"Confessions of a French Baker: Breadmaking Secrets, Tips, and Recipes","9781400044740 A behind-the-scenes look at the art of French breadmaking includes sixteen recipes from the award-winning Provencal baker, Gerard Auzet, and includes tips for adapting recipes to the American kitchen.",Nonfiction
9781400044870,1400044871,Imperial Life in the Emerald City,Rajiv Chandrasekaran,History,http://books.google.com/books/content?id=z270UDYkfeQC&printsec=frontcover&img=1&zoom=1&source=gbs_api,"Presents a revealing look at life in Baghdad's Green Zone, the headquarters for the American occupation in Iraq, criticizing the follies and foibles of L. Paul Bremer in the invasion and reconstruction of Iraq.",2006.0,4.02,320.0,4455.0,Imperial Life in the Emerald City: Inside Iraq's Green Zone,"9781400044870 Presents a revealing look at life in Baghdad's Green Zone, the headquarters for the American occupation in Iraq, criticizing the follies and foibles of L. Paul Bremer in the invasion and reconstruction of Iraq.",Nonfiction
9781400052370,1400052378,Eat This Book,Tyler Florence,Cooking,http://books.google.com/books/content?id=nF2PcyCJb0UC&printsec=frontcover&img=1&zoom=1&source=gbs_api,"Collects more than 150 recipes, ranging from appetizers to desserts, that emphasize bold, flavorful, and colorful foods that do not require a lot of time or effort to create.",2005.0,3.92,287.0,270.0,Eat This Book: Cooking with Global Fresh Flavors,"9781400052370 Collects more than 150 recipes, ranging from appetizers to desserts, that emphasize bold, flavorful, and colorful foods that do not require a lot of time or effort to create.",Nonfiction
9781400052936,1400052939,The Hitchhiker's Guide to the Galaxy,Douglas Adams,Fiction,http://books.google.com/books/content?id=D7REPwAACAAJ&printsec=frontcover&img=1&zoom=1&source=gbs_api,"Chronicles the journeys, notions, and acquaintances of reluctant galactic traveler Arthur Dent, accompanied by never-before-published material from the late author's archives as well as commentary by famous fans.",1979.0,4.22,271.0,210.0,The Hitchhiker's Guide to the Galaxy,"9781400052936 Chronicles the journeys, notions, and acquaintances of reluctant galactic traveler Arthur Dent, accompanied by never-before-published material from the late author's archives as well as commentary by famous fans.",Fiction
9781400054206,1400054206,Godless,Ann H. Coulter,Political Science,http://books.google.com/books/content?id=wP_dwAEACAAJ&printsec=frontcover&img=1&zoom=1&source=gbs_api,"Argues that in spite of declarations from liberals that they are not religious, liberalism has its own set of beliefs that display many attributes commonly found in religion.",2006.0,3.31,310.0,2681.0,Godless: The Church of Liberalism,"9781400054206 Argues that in spite of declarations from liberals that they are not religious, liberalism has its own set of beliefs that display many attributes commonly found in religion.",Nonfiction
9781400062645,1400062640,The Secret Society of Demolition Writers,Aimee Bender;Marc Parent,Fiction,http://books.google.com/books/content?id=yK1lAAAAMAAJ&printsec=frontcover&img=1&zoom=1&source=gbs_api,"Short stories capture the lives of such offbeat characters as a delusional schizophrenic, an egg donor with second thoughts, and a young girl who discovers a portal to another, ghostly world.",2005.0,3.12,244.0,126.0,The Secret Society of Demolition Writers: Stories,"9781400062645 Short stories capture the lives of such offbeat characters as a delusional schizophrenic, an egg donor with second thoughts, and a young girl who discovers a portal to another, ghostly world.",Fiction
9781400065011,1400065011,There's a (slight) Chance I Might be Going to Hell,Laurie Notaro,Cities and towns,http://books.google.com/books/content?id=Or9pkgEACAAJ&printsec=frontcover&img=1&zoom=1&source=gbs_api,"The first novel from the ""New York Times"" bestselling author of ""The Idiot Girls' Action-Adventure Club,"" this is a rollicking tale of small-town peculiarity, dark secrets, and one extraordinary beauty pageant.",2007.0,3.55,320.0,36.0,"There's a (slight) Chance I Might be Going to Hell: A Novel of Sewer Pipes, Pageant Queens, and Big Trouble","9781400065011 The first novel from the ""New York Times"" bestselling author of ""The Idiot Girls' Action-Adventure Club,"" this is a rollicking tale of small-town peculiarity, dark secrets, and one extraordinary beauty pageant.",Fiction
9781400075713,1400075718,Blue Shoes and Happiness,Alexander McCall Smith,Fiction,http://books.google.com/books/content?id=j3WkjIRphXEC&printsec=frontcover&img=1&zoom=1&source=gbs_api,"Precious Ramotswe and her assistant, Grace Makutsi, investigate local advice columnist Aunty Emang, who may be linked to trouble at a local medical clinic and the cobra that somehow ended up in Precious's office.",2007.0,4.06,256.0,21814.0,Blue Shoes and Happiness,"9781400075713 Precious Ramotswe and her assistant, Grace Makutsi, investigate local advice columnist Aunty Emang, who may be linked to trouble at a local medical clinic and the cobra that somehow ended up in Precious's office.",Fiction
9781400077809,140007780X,Einstein's Dreams,Alan P. Lightman,Fiction,http://books.google.com/books/content?id=1oSGmAEACAAJ&printsec=frontcover&img=1&zoom=1&source=gbs_api,Young Albert Einstein's dreams are imagined in a book that joins science and art to ponder such questions as the viscosity and flexibility of time. Reissue.,1993.0,4.07,144.0,24345.0,Einstein's Dreams,9781400077809 Young Albert Einstein's dreams are imagined in a book that joins science and art to ponder such questions as the viscosity and flexibility of time. Reissue.,Fiction
9781400078745,1400078741,McSweeney's Enchanted Chamber of Astonishing Stories,Michael Chabon;Michael Mignola,Fiction,http://books.google.com/books/content?id=F61lAAAAMAAJ&printsec=frontcover&img=1&zoom=1&source=gbs_api,"Presents an anthology of short fiction from the pages of ""McSweeney's,"" with contributions by Roddy Doyle, Stephen King, Jonathan Lethem, Joyce Carol Oates, Peter Straub, Amy Tan, and other distinguished authors.",2004.0,3.53,328.0,939.0,McSweeney's Enchanted Chamber of Astonishing Stories,"9781400078745 Presents an anthology of short fiction from the pages of ""McSweeney's,"" with contributions by Roddy Doyle, Stephen King, Jonathan Lethem, Joyce Carol Oates, Peter Straub, Amy Tan, and other distinguished authors.",Fiction
9781400079490,1400079497,The Plot Against America,Philip Roth,Fiction,http://books.google.com/books/content?id=P-Cd6B0BG8IC&printsec=frontcover&img=1&zoom=1&source=gbs_api,"In a novel of alternative history, aviation hero Charles A. Lindbergh defeats Franklin Roosevelt in the 1940 presidential election, negotiating an accord with Adolf Hitler and accepting his conquest of Europe and anti-Semitic policies.",2005.0,3.75,391.0,31270.0,The Plot Against America,"9781400079490 In a novel of alternative history, aviation hero Charles A. Lindbergh defeats Franklin Roosevelt in the 1940 presidential election, negotiating an accord with Adolf Hitler and accepting his conquest of Europe and anti-Semitic policies.",Fiction
9781400083114,1400083117,Blood Done Sign My Name,Timothy B. Tyson,Biography & Autobiography,http://books.google.com/books/content?id=V3SKDQAAQBAJ&printsec=frontcover&img=1&zoom=1&source=gbs_api,"The author returns to his hometown of Oxford, North Carolina, to make sense of the thirty-year-old murder of a black man by a Klansman, and the Klansman's subsequent acquittal by an all-white jury.",2004.0,4.15,368.0,2470.0,Blood Done Sign My Name: A True Story,"9781400083114 The author returns to his hometown of Oxford, North Carolina, to make sense of the thirty-year-old murder of a black man by a Klansman, and the Klansman's subsequent acquittal by an all-white jury.",Nonfiction
9781400095469,1400095468,The Greenlanders,Jane Smiley,Fiction,http://books.google.com/books/content?id=fzgDt_cQ7lMC&printsec=frontcover&img=1&zoom=1&source=gbs_api,"In fourteenth-century Greenland, a small Norse settlement struggles for survival through increasingly harsh winters, famine, witchcraft, and a tragic feud between the family of Asgeir Gunnarsson and one of his neighbors. Reprint.",2005.0,3.89,608.0,1921.0,The Greenlanders,"9781400095469 In fourteenth-century Greenland, a small Norse settlement struggles for survival through increasingly harsh winters, famine, witchcraft, and a tragic feud between the family of Asgeir Gunnarsson and one of his neighbors. Reprint.",Fiction
9781400097029,1400097029,The Sea,John Banville,Fiction,http://books.google.com/books/content?id=1ohQ3OkWiWMC&printsec=frontcover&img=1&zoom=1&source=gbs_api,"Following the death of his wife, Max Morden retreats to the seaside town of his childhood summers, where his own life becomes inextricably entwined with the members of the vacationing Grace family.",2006.0,3.51,195.0,18513.0,The Sea,"9781400097029 Following the death of his wife, Max Morden retreats to the seaside town of his childhood summers, where his own life becomes inextricably entwined with the members of the vacationing Grace family.",Fiction
9781400097036,1400097037,Arthur and George,Julian Barnes,Fiction,http://books.google.com/books/content?id=X5HRox1lZCAC&printsec=frontcover&img=1&zoom=1&source=gbs_api,Chronicles the lives of two boys--the son of a Midlands vicar and the creator of the world's most famous detective--as they pursue separate destinies until meeting and forming a remarkable alliance.,2007.0,3.7,445.0,11227.0,Arthur and George,9781400097036 Chronicles the lives of two boys--the son of a Midlands vicar and the creator of the world's most famous detective--as they pursue separate destinies until meeting and forming a remarkable alliance.,Fiction
9781400307845,1400307848,Writings to Young Women from Laura Ingalls Wilder on Wisdom and Virtues,Laura Ingalls Wilder;Stephen W. Hines,Juvenile Nonfiction,http://books.google.com/books/content?id=e5gSDAEACAAJ&printsec=frontcover&img=1&zoom=1&source=gbs_api,"Using selections from her works and memoirs of people who knew her, presents the thoughts of Laura Ingalls Wilder on the proper conduct of young women.",2006.0,3.95,113.0,100.0,Writings to Young Women from Laura Ingalls Wilder on Wisdom and Virtues,"9781400307845 Using selections from her works and memoirs of people who knew her, presents the thoughts of Laura Ingalls Wilder on the proper conduct of young women.",Children's Nonfiction
9781401202521,1401202527,Superman,Mark Waid;Leinil Francis Yu,Comics & Graphic Novels,http://books.google.com/books/content?id=L8Z6QgAACAAJ&printsec=frontcover&img=1&zoom=1&source=gbs_api,"Reweaves the Superman legend incorporating his established history, from escape as an infant from the doomed planet Krypton to arrival as reporter Clark Kent at the Daily Planet.",2004.0,4.13,287.0,9912.0,Superman: Birthright,"9781401202521 Reweaves the Superman legend incorporating his established history, from escape as an infant from the doomed planet Krypton to arrival as reporter Clark Kent at the Daily Planet.",Fiction
9781401210618,1401210619,A Kin of Homecoming,Brian Azzarello;Marcelo Frusin,Fiction,http://books.google.com/books/content?id=bRvgAAAACAAJ&printsec=frontcover&img=1&zoom=1&source=gbs_api,"Wes Cutter, a former Confederate soldier, is appointed sheriff of Blackwater, his hometown, by Union soldiers and must find the killer behind a series of brutal murders that may reveal the town's dark past.",2006.0,3.32,128.0,501.0,A Kin of Homecoming,"9781401210618 Wes Cutter, a former Confederate soldier, is appointed sheriff of Blackwater, his hometown, by Union soldiers and must find the killer behind a series of brutal murders that may reveal the town's dark past.",Fiction
9781401210823,1401210821,The Absolute Sandman,Neil Gaiman;Sam Kieth,Comics & Graphic Novels,http://books.google.com/books/content?id=K_AitQEACAAJ&printsec=frontcover&img=1&zoom=1&source=gbs_api,"Collects every volume of the ""Sandman"" comic book along with miscellaneous information about the creation and production of individual titles and the contributing artists and previously unpublished graphic stories by Neil Gaiman.",2006.0,4.65,612.0,14849.0,The Absolute Sandman,"9781401210823 Collects every volume of the ""Sandman"" comic book along with miscellaneous information about the creation and production of individual titles and the contributing artists and previously unpublished graphic stories by Neil Gaiman.",Fiction
9781401211349,1401211348,How to Talk So Teens Will Listen & Listen So Teens Will Talk,Adele Faber,Communication in families,,"Presents a practical guide that addresses many of the tough issues teens and parents face, and offers advice to maintaining a positive dialogue that fostered mutual respect.",2006.0,4.11,187.0,1522.0,How to Talk So Teens Will Listen & Listen So Teens Will Talk,"9781401211349 Presents a practical guide that addresses many of the tough issues teens and parents face, and offers advice to maintaining a positive dialogue that fostered mutual respect.",Nonfiction
9781401212483,1401212484,Sgt. Rock,Joe Kubert,Comics & Graphic Novels,http://books.google.com/books/content?id=g7_mPAAACAAJ&printsec=frontcover&img=1&zoom=1&source=gbs_api,Rock and Easy Company parachute into Nazi-occupied Lithuania to rescue a young rabbi so they can bring him to America and make the horrors of the Holocaust known to the world.,2007.0,3.48,144.0,75.0,Sgt. Rock: The Prophecy,9781401212483 Rock and Easy Company parachute into Nazi-occupied Lithuania to rescue a young rabbi so they can bring him to America and make the horrors of the Holocaust known to the world.,Fiction
9781401903091,1401903096,Mother God,Sylvia Browne,"Body, Mind & Spirit",http://books.google.com/books/content?id=0ZFDmQEACAAJ&printsec=frontcover&img=1&zoom=1&source=gbs_api,"The author discusses the history of the Mother God in religions and cultures from around the world, stories to reveal her power, and how to petition her for help.",2004.0,4.04,128.0,458.0,Mother God: The Feminine Principle to Our Creator,"9781401903091 The author discusses the history of the Mother God in religions and cultures from around the world, stories to reveal her power, and how to petition her for help.",Nonfiction
9781402200458,1402200455,60 Million Frenchmen Can't be Wrong,Jean-Benoît Nadeau;Julie Barlow,Social Science,http://books.google.com/books/content?id=7h8HkOpytiwC&printsec=frontcover&img=1&zoom=1&source=gbs_api,"""Sixty Million Frenchmen does its job marvelously well. After reading it, you may still think the French are arrogant, aloof, and high-handed, but you will know why."" --Wall Street Journal",2003.0,3.74,351.0,2107.0,60 Million Frenchmen Can't be Wrong,"9781402200458 ""Sixty Million Frenchmen does its job marvelously well. After reading it, you may still think the French are arrogant, aloof, and high-handed, but you will know why."" --Wall Street Journal",Nonfiction
9781402580352,1402580355,The Wizard's Apprentice,Jackie French Koller,Audiobooks,http://books.google.com/books/content?id=6NeoAQAACAAJ&printsec=frontcover&img=1&zoom=1&source=gbs_api,"Princess Arnelle ""Nell"" wants to be the next Imperial Wizard of Eldearth. This is going to be tough because no girl has ever been a wizard.",2003.0,3.78,4.0,1.0,The Wizard's Apprentice,"9781402580352 Princess Arnelle ""Nell"" wants to be the next Imperial Wizard of Eldearth. This is going to be tough because no girl has ever been a wizard.",Nonfiction
9781402714542,1402714548,A Little Princess,Frances Hodgson Burnett,Juvenile Fiction,http://books.google.com/books/content?id=uQJRYS6oN7YC&printsec=frontcover&img=1&zoom=1&source=gbs_api,"Sara Crewe, a pupil at Miss Minchin's London school, is left in poverty when her father dies but is later rescued by a mysterious benefactor.",2004.0,4.19,208.0,491.0,A Little Princess,"9781402714542 Sara Crewe, a pupil at Miss Minchin's London school, is left in poverty when her father dies but is later rescued by a mysterious benefactor.",Children's Fiction
9781402714573,1402714572,Treasure Island,Robert Louis Stevenson,Juvenile Fiction,http://books.google.com/books/content?id=UUl7Zyj841QC&printsec=frontcover&img=1&zoom=1&edge=curl&source=gbs_api,"While going through the possessions of a deceased guest who owed them money, the mistress of the inn and her son find a treasure map that leads them to a pirate's fortune.",2004.0,3.83,213.0,393.0,Treasure Island,"9781402714573 While going through the possessions of a deceased guest who owed them money, the mistress of the inn and her son find a treasure map that leads them to a pirate's fortune.",Children's Fiction
9781402714597,1402714599,The Secret Garden,Frances Hodgson Burnett,Juvenile Fiction,http://books.google.com/books/content?id=f_9CD4Ox2AEC&printsec=frontcover&img=1&zoom=1&edge=curl&source=gbs_api,A ten-year-old orphan comes to live in a lonely house on the Yorkshire moors where she discovers an invalid cousin and the mysteries of a locked garden.,2004.0,4.13,248.0,553.0,The Secret Garden,9781402714597 A ten-year-old orphan comes to live in a lonely house on the Yorkshire moors where she discovers an invalid cousin and the mysteries of a locked garden.,Children's Fiction
9781402718618,1402718616,The Easy Way to Stop Smoking,Allen Carr,Self-Help,http://books.google.com/books/content?id=cN_xAuodABgC&printsec=frontcover&img=1&zoom=1&source=gbs_api,"Presents the Easyway method for quitting smoking, based on a factual understanding of the harm of cigarette addiction and practical advice on how to successfully break the habit.",2004.0,4.29,224.0,3067.0,The Easy Way to Stop Smoking,"9781402718618 Presents the Easyway method for quitting smoking, based on a factual understanding of the harm of cigarette addiction and practical advice on how to successfully break the habit.",Nonfiction
9781402726620,1402726627,Gulliver's Travels,Martin Woodside;Jonathan Swift;Jamel Akib,Juvenile Fiction,http://books.google.com/books/content?id=qk8ps8dtZgIC&printsec=frontcover&img=1&zoom=1&source=gbs_api,"An abridged version of the voyages of an eighteenth-century Englishman that carry him to such strange places as Lilliput, where people are six inches tall, and Brobdingnag, a land peopled by giants.",2006.0,3.93,160.0,724.0,Gulliver's Travels,"9781402726620 An abridged version of the voyages of an eighteenth-century Englishman that carry him to such strange places as Lilliput, where people are six inches tall, and Brobdingnag, a land peopled by giants.",Children's Fiction
9781405228183,1405228180,Den of Thieves,Julia Golding,Adventure stories,http://books.google.com/books/content?id=-Sd0AAAACAAJ&printsec=frontcover&img=1&zoom=1&source=gbs_api,"The third volume from the heroine Cat Royal, in which the French Royal family flee as Cat takes her first steps as a dancing spy and witnesses the power of the people.",2007.0,4.21,416.0,1404.0,Den of Thieves,"9781405228183 The third volume from the heroine Cat Royal, in which the French Royal family flee as Cat takes her first steps as a dancing spy and witnesses the power of the people.",Fiction
9781411401006,141140100X,The Taming of the Shrew,William Shakespeare,,,"Presents the original text of Shakespeare's play side by side with a modern version, with marginal notes and explanations and full descriptions of each character.",2003.0,3.8,248.0,454.0,The Taming of the Shrew,"9781411401006 Presents the original text of Shakespeare's play side by side with a modern version, with marginal notes and explanations and full descriptions of each character.",Fiction
9781411404366,141140436X,Sparknotes Henry IV,John Crowther,Study Aids,,"Presents the original text of Shakespeare's play side by side with a modern version, with marginal notes and explanations and full descriptions of each character.",2005.0,3.88,552.0,233.0,Sparknotes Henry IV,"9781411404366 Presents the original text of Shakespeare's play side by side with a modern version, with marginal notes and explanations and full descriptions of each character.",Fiction
9781413901474,1413901476,Pretear,Kaori Naruse;Junichi Satou,Comics & Graphic Novels,http://books.google.com/books/content?id=RuR4lHrRzjwC&printsec=frontcover&img=1&zoom=1&source=gbs_api,"Himeno's troublesome life changes dramatically when she meets a young boy who transports her to a fantasy world desperately in need of help from a girl called ""Pretear.""",2005.0,3.96,180.0,286.0,Pretear,"9781413901474 Himeno's troublesome life changes dramatically when she meets a young boy who transports her to a fantasy world desperately in need of help from a girl called ""Pretear.""",Fiction
9781414305776,141430577X,The Regime,Tim F. LaHaye;Jerry B. Jenkins,Fiction,http://books.google.com/books/content?id=mIW6HAbUDLMC&printsec=frontcover&img=1&zoom=1&source=gbs_api,"The second prequel traces the rise of the Antichrist and the journey of the main characters--including Rayford, Chloe, and Buck--toward the Rapture where the seven-year Tribulation awaits them.",2005.0,4.11,391.0,3546.0,The Regime: Evil Advances : Before They Were Left Behind,"9781414305776 The second prequel traces the rise of the Antichrist and the journey of the main characters--including Rayford, Chloe, and Buck--toward the Rapture where the seven-year Tribulation awaits them.",Fiction
9781414306346,1414306342,Looking for God in Harry Potter,John Granger,Literary Criticism,http://books.google.com/books/content?id=2GZlm91NNEgC&printsec=frontcover&img=1&zoom=1&source=gbs_api,"Provides a Christian interpretation of the first six books, arguing that the series supports biblical teaching as opposed to the practice of the occult, and offers insights into character names, imagery, and themes.",2006.0,4.13,234.0,1321.0,Looking for God in Harry Potter,"9781414306346 Provides a Christian interpretation of the first six books, arguing that the series supports biblical teaching as opposed to the practice of the occult, and offers insights into character names, imagery, and themes.",Nonfiction
9781416505525,1416505520,Citizen of the Galaxy,Robert A. Heinlein,Fiction,http://books.google.com/books/content?id=wksN1qnkooAC&printsec=frontcover&img=1&zoom=1&edge=curl&source=gbs_api,A youth who has known only the primitive life of a galaxy slave is purchased by a beggar who turns out to be a man with many extracurricular activities.,2005.0,3.98,288.0,11269.0,Citizen of the Galaxy,9781416505525 A youth who has known only the primitive life of a galaxy slave is purchased by a beggar who turns out to be a man with many extracurricular activities.,Fiction
9781416524809,1416524800,Deception Point,Dan Brown,Fiction,http://books.google.com/books/content?id=BjFZ0UQOUCgC&printsec=frontcover&img=1&zoom=1&edge=curl&source=gbs_api,"On the eve of a presidential race in which NASA's budget is a pivotal issue, the space agency announces the discovery of an ancient meteorite filled with fossils deep in the Arctic ice.",2006.0,3.7,736.0,4864.0,Deception Point,"9781416524809 On the eve of a presidential race in which NASA's budget is a pivotal issue, the space agency announces the discovery of an ancient meteorite filled with fossils deep in the Arctic ice.",Fiction
9781416908166,1416908161,Godless,Pete Hautman,Juvenile Fiction,http://books.google.com/books/content?id=gYypDgAAQBAJ&printsec=frontcover&img=1&zoom=1&edge=curl&source=gbs_api,"When sixteen-year-old Jason Bock and his friends create their own religion to worship the town's water tower, what started out as a joke begins to take on a power of its own.",2005.0,3.6,208.0,4097.0,Godless,"9781416908166 When sixteen-year-old Jason Bock and his friends create their own religion to worship the town's water tower, what started out as a joke begins to take on a power of its own.",Children's Fiction
9781416939214,1416939210,Z for Zachariah,Robert C. O'Brien,Juvenile Fiction,http://books.google.com/books/content?id=w5Gse7Me1c0C&printsec=frontcover&img=1&zoom=1&edge=curl&source=gbs_api,"Believing herself to be the only survivor of a nuclear war, Ann Burden greets a wandering stranger with excitement and suspicion. An ALA Notable Book & ALA Best Book for Young Adults. Reprint.",2007.0,3.65,250.0,1005.0,Z for Zachariah,"9781416939214 Believing herself to be the only survivor of a nuclear war, Ann Burden greets a wandering stranger with excitement and suspicion. An ALA Notable Book & ALA Best Book for Young Adults. Reprint.",Children's Fiction
9781416939610,141693961X,Crazy Hot,Melissa de la Cruz,Juvenile Fiction,http://books.google.com/books/content?id=4oLf1WnMxGMC&printsec=frontcover&img=1&zoom=1&edge=curl&source=gbs_api,"Eliza, Jacqui, and Mara are just beginning their new careers, but find themselves all together in the Hamptons once again since Eliza's new stepmother needs a nanny.",2007.0,3.94,271.0,2478.0,Crazy Hot,"9781416939610 Eliza, Jacqui, and Mara are just beginning their new careers, but find themselves all together in the Hamptons once again since Eliza's new stepmother needs a nanny.",Children's Fiction
9781419317262,1419317261,The Curious Incident of the Dog in the Night-time,Mark Haddon,Autism,,"Despite his overwhelming fear of interacting with people, Christopher, a mathematically-gifted, autistic fifteen-year-old boy, decides to investigate the murder of a neighbor's dog and uncovers secret information about his mother.",2003.0,3.87,6.0,589.0,The Curious Incident of the Dog in the Night-time: A Novel,"9781419317262 Despite his overwhelming fear of interacting with people, Christopher, a mathematically-gifted, autistic fifteen-year-old boy, decides to investigate the murder of a neighbor's dog and uncovers secret information about his mother.",Nonfiction
9781421500904,1421500906,Howls Moving Castle Picture Book,Hayao Miyazaki,Comics & Graphic Novels,http://books.google.com/books/content?id=5FauPQAACAAJ&printsec=frontcover&img=1&zoom=1&source=gbs_api,Sophie is resigned to her fate as a hat shop apprentice until a witch turns her into an old woman and she finds herself in the castle of the greatly feared wizard Howl.,2005.0,4.4,184.0,1614.0,Howls Moving Castle Picture Book,9781421500904 Sophie is resigned to her fate as a hat shop apprentice until a witch turns her into an old woman and she finds herself in the castle of the greatly feared wizard Howl.,Fiction
9781551665719,1551665719,Shadows at Sunset,Anne Stuart,Fiction,http://books.google.com/books/content?id=nkRCvWAooAcC&printsec=frontcover&img=1&zoom=1&source=gbs_api,"The house on Sunset Blvd. has witnessed everything from the infamous murder-sucide of a 50s starlet and her lover, to the drug-fueled commune in the 60s, to the anguish of its present owner.",2000.0,3.63,384.0,755.0,Shadows at Sunset,"9781551665719 The house on Sunset Blvd. has witnessed everything from the infamous murder-sucide of a 50s starlet and her lover, to the drug-fueled commune in the 60s, to the anguish of its present owner.",Fiction
9781556434952,1556434952,Empire 2.0,Régis Debray,Political Science,http://books.google.com/books/content?id=9Lzerx2k-G4C&printsec=frontcover&img=1&zoom=1&edge=curl&source=gbs_api,"As citizens of newly-admitted states in the larger US of W, hitherto politically impotent Europeans will be able to vote in the only elections that really matter.""--Jacket.",2004.0,4.75,144.0,4.0,Empire 2.0: A Modest Proposal for a United States of the West,"9781556434952 As citizens of newly-admitted states in the larger US of W, hitherto politically impotent Europeans will be able to vote in the only elections that really matter.""--Jacket.",Fiction
9781557046765,155704676X,The Hitchhiker's Guide to the Galaxy,Robbie Stamp;Paul Simpson,Performing Arts,http://books.google.com/books/content?id=gPlab4GsdLAC&printsec=frontcover&img=1&zoom=1&source=gbs_api,"Discusses the movie made from the cult science fiction novel and provides still photographs, production design sketches, costume designs, and commentaries by the cast and crew.",2005.0,3.9,184.0,147.0,The Hitchhiker's Guide to the Galaxy: The Filming of the Douglas Adams Classic,"9781557046765 Discusses the movie made from the cult science fiction novel and provides still photographs, production design sketches, costume designs, and commentaries by the cast and crew.",Fiction
9781557831576,1557831572,The Reduced Shakespeare Company's the Complete Works of William Shakespeare (abridged),Jess Borgeson;Adam Long;Daniel Singer,Drama,http://books.google.com/books/content?id=j9yF5S7lkzMC&printsec=frontcover&img=1&zoom=1&source=gbs_api,"(Applause Books). The complete script to the critically acclaimed play. ""Shakespeare as written by Reader's Digest , acted by Monty Python, and performed at the speed of the minute waltz."" L.A. Herald",1994.0,4.46,137.0,7970.0,The Reduced Shakespeare Company's the Complete Works of William Shakespeare (abridged),"9781557831576 (Applause Books). The complete script to the critically acclaimed play. ""Shakespeare as written by Reader's Digest , acted by Monty Python, and performed at the speed of the minute waltz."" L.A. Herald",Fiction
9781560067849,1560067845,Flowers for Algernon,Patrice Cassedy,Juvenile Nonfiction,http://books.google.com/books/content?id=x_CUfWcfrzoC&printsec=frontcover&img=1&zoom=1&source=gbs_api,"Discusses the young adult book ""Flowers for Algernon"" by Daniel Keyes, including the author's life, the science fiction genre, and the book's plot, characters, and themes.",2000.0,3.0,96.0,1.0,Flowers for Algernon,"9781560067849 Discusses the young adult book ""Flowers for Algernon"" by Daniel Keyes, including the author's life, the science fiction genre, and the book's plot, characters, and themes.",Children's Nonfiction
9781561633425,1561633429,"Remembrance of Things Past, Part 2",Stéphane Heuet;Marcel Proust;Stanislas Brézet,Comics & Graphic Novels,http://books.google.com/books/content?id=h2gTD6fbL9cC&printsec=frontcover&img=1&zoom=1&edge=curl&source=gbs_api,"An adaptation of the seven books of Proust's masterpiece in graphic novel format, which explores themes of love, art, sexuality, memory, and time in late nineteenth-century France.",2002.0,4.03,48.0,13.0,"Remembrance of Things Past, Part 2: Within a Budding Grove","9781561633425 An adaptation of the seven books of Proust's masterpiece in graphic novel format, which explores themes of love, art, sexuality, memory, and time in late nineteenth-century France.",Fiction
9781561706600,1561706604,Wokini,Billy Mills;Nicholas Sparks,Self-Help,http://books.google.com/books/content?id=NikOAAAACAAJ&printsec=frontcover&img=1&zoom=1&source=gbs_api,"""Wokini, "" translated from Lakota, means ""seeking a new beginning."" On that theme, the famous athlete joins the bestselling author to blend modern therapeutic principles and Native American tradition.",1990.0,3.56,175.0,245.0,Wokini: A Lakota Journey to Happiness and Self-understanding,"9781561706600 ""Wokini, "" translated from Lakota, means ""seeking a new beginning."" On that theme, the famous athlete joins the bestselling author to blend modern therapeutic principles and Native American tradition.",Nonfiction
9781561709335,1561709336,Power Vs. Force,David R. Hawkins,"Body, Mind & Spirit",http://books.google.com/books/content?id=mBjdVXnduRMC&printsec=frontcover&img=1&zoom=1&source=gbs_api,"In this groundbreaking book you will learn how to get demonstrably true answers to your questions, and know what true success is and how to create it.",2002.0,4.22,341.0,6696.0,Power Vs. Force: The Hidden Determinants of Human Behavior,"9781561709335 In this groundbreaking book you will learn how to get demonstrably true answers to your questions, and know what true success is and how to create it.",Nonfiction
9781562549428,1562549421,The Three Musketeers,Alexandre Dumas,Comics & Graphic Novels,http://books.google.com/books/content?id=WNBQsrljxwkC&printsec=frontcover&img=1&zoom=1&source=gbs_api,"In seventeenth-century France, young D'Artagnan initially quarrels with, then befriends, three musketeers and joins them in trying to outwit the enemies of the king and queen.",2010.0,3.56,61.0,9.0,The Three Musketeers,"9781562549428 In seventeenth-century France, young D'Artagnan initially quarrels with, then befriends, three musketeers and joins them in trying to outwit the enemies of the king and queen.",Fiction
9781562926168,1562926160,The Quiet Little Woman,Louisa May Alcott,Fiction,http://books.google.com/books/content?id=dO0DAAAACAAJ&printsec=frontcover&img=1&zoom=1&source=gbs_api,"Three Christmas stories tell of an orphan who finds a new home, a little girl who rescues a bird, and a horse who shares her life story at midnight on Christmas Eve",1999.0,3.66,122.0,1064.0,The Quiet Little Woman: Tilly's Christmas ; Rosa's Tale : Three Enchanting Christmas Stories,"9781562926168 Three Christmas stories tell of an orphan who finds a new home, a little girl who rescues a bird, and a horse who shares her life story at midnight on Christmas Eve",Fiction
9781563050756,1563050757,The Boomer Bible,R. F. Laird;Robert F. Laird,Humor,http://books.google.com/books/content?id=E-IT-INLWzkC&printsec=frontcover&img=1&zoom=1&source=gbs_api,"A satirical interpretation of the bible features an interpretation of world history from Creation to the modern era, as well as commentary on religion, art, film, literature, television, and other cultural matters",1991.0,4.25,880.0,202.0,The Boomer Bible,"9781563050756 A satirical interpretation of the bible features an interpretation of world history from Creation to the modern era, as well as commentary on religion, art, film, literature, television, and other cultural matters",Fiction
9781563893698,156389369X,JLA,Grant Morrison,Juvenile Fiction,http://books.google.com/books/content?id=FGKUSSKgO4QC&printsec=frontcover&img=1&zoom=1&source=gbs_api,"When the Justice League of America sets up headquarters on the moon to protect the Earth, they are surprised to discover the first threat is from another planet.",1997.0,3.97,93.0,3601.0,JLA: New World Order,"9781563893698 When the Justice League of America sets up headquarters on the moon to protect the Earth, they are surprised to discover the first threat is from another planet.",Children's Fiction
9781565840393,1565840399,Japan at War,Haruko Taya Cook;Theodore F. Cook,History,http://books.google.com/books/content?id=rbqEQgAACAAJ&printsec=frontcover&img=1&zoom=1&source=gbs_api,"Recounts the conflict and documents the huge range of experiences by Japanese soldiers, laborers, journalists, artists, musicians, and women who lived through World War II",1992.0,4.32,493.0,677.0,Japan at War: An Oral History,"9781565840393 Recounts the conflict and documents the huge range of experiences by Japanese soldiers, laborers, journalists, artists, musicians, and women who lived through World War II",Nonfiction
9781569319499,1569319499,"X/1999, Vol. 1",CLAMP,Comics & Graphic Novels,http://books.google.com/books/content?id=LVUFcAAACAAJ&printsec=frontcover&img=1&zoom=1&source=gbs_api,"Holding the Earth's destiny in his hands, Kamui Shiro dances between light and dark--friends and enemies--as he finds himself sought by opposing sets of occult forces.",2003.0,3.95,200.0,3083.0,"X/1999, Vol. 1: Prelude","9781569319499 Holding the Earth's destiny in his hands, Kamui Shiro dances between light and dark--friends and enemies--as he finds himself sought by opposing sets of occult forces.",Fiction
9781569471036,1569471037,The Rattle-Rat,Janwillem Van de Wetering,Fiction,http://books.google.com/books/content?id=wP63YMug7TEC&printsec=frontcover&img=1&zoom=1&source=gbs_api,"Investigating a murder in his parents' remote homeland of Friesland, Detective Adjutant Grijpstra gets nowhere working within established police guidelines--yet his assistant de Gier uncovers vital clues while learning about Friesian culture",1997.0,3.97,293.0,168.0,The Rattle-Rat,"9781569471036 Investigating a murder in his parents' remote homeland of Friesland, Detective Adjutant Grijpstra gets nowhere working within established police guidelines--yet his assistant de Gier uncovers vital clues while learning about Friesian culture",Fiction
9781569709078,1569709076,Little Butterfly,Hinako Takanaga;Sachiko Sato,Comics & Graphic Novels,http://books.google.com/books/content?id=SzzyPAAACAAJ&printsec=frontcover&img=1&zoom=1&source=gbs_api,"Despite being as different as boys can be, outgoing Yuki Kojima and mature misfit Atsushi Nakahara find themselves attracted to each other and begin a journey of sexual exploration together.",2006.0,4.07,184.0,1522.0,Little Butterfly,"9781569709078 Despite being as different as boys can be, outgoing Yuki Kojima and mature misfit Atsushi Nakahara find themselves attracted to each other and begin a journey of sexual exploration together.",Fiction
9781570625190,1570625190,The Tao of Physics,Fritjof Capra,Science,http://books.google.com/books/content?id=tLpTAzc9GtQC&printsec=frontcover&img=1&zoom=1&source=gbs_api,Studies similarities between the concept of a harmonious universe that emerges from the theories of modern physics and the vision of a continuously interactive world conceived by Eastern mystics,2000.0,3.97,366.0,13688.0,The Tao of Physics: An Exploration of the Parallels Between Modern Physics and Eastern Mysticism,9781570625190 Studies similarities between the concept of a harmonious universe that emerges from the theories of modern physics and the vision of a continuously interactive world conceived by Eastern mystics,Nonfiction
9781573223560,1573223565,Songbook,Nick Hornby,Music,http://books.google.com/books/content?id=2oVzXVatzBcC&printsec=frontcover&img=1&zoom=1&source=gbs_api,"Celebrates thirty-one of the author's favorite songs in a collection of essays about such musical renditions as Bruce Springsteen's ""Thunder Road,"" Led Zeppelin's ""Heartbreaker,"" and Van Morrison's ""Caravan.""",2003.0,3.56,207.0,9836.0,Songbook,"9781573223560 Celebrates thirty-one of the author's favorite songs in a collection of essays about such musical renditions as Bruce Springsteen's ""Thunder Road,"" Led Zeppelin's ""Heartbreaker,"" and Van Morrison's ""Caravan.""",Nonfiction
9781573225786,1573225789,The Color of Water,James McBride,Biography & Autobiography,http://books.google.com/books/content?id=YmCnDSbMVdUC&printsec=frontcover&img=1&zoom=1&source=gbs_api,"An African American man describes life as the son of a white mother and Black father, reflecting on his mother's contributions to his life and his confusion over his own identity",1997.0,4.08,291.0,89841.0,The Color of Water: A Black Man's Tribute to His White Mother,"9781573225786 An African American man describes life as the son of a white mother and Black father, reflecting on his mother's contributions to his life and his confusion over his own identity",Nonfiction
9781573226882,1573226882,Fever Pitch,Nick Hornby,Biography & Autobiography,http://books.google.com/books/content?id=v5TO8486rSIC&printsec=frontcover&img=1&zoom=1&source=gbs_api,An autobiographical memoir by a humorous British author and obsessed soccer fan captures the intensity of a sports fan who measures his life in seasons rather than years,1998.0,3.73,247.0,27781.0,Fever Pitch,9781573226882 An autobiographical memoir by a humorous British author and obsessed soccer fan captures the intensity of a sports fan who measures his life in seasons rather than years,Nonfiction
9781573227162,1573227161,Caucasia,Danzy Senna,Fiction,http://books.google.com/books/content?id=QxVzAvWnd8IC&printsec=frontcover&img=1&zoom=1&source=gbs_api,"A debut novel explores the complications of race through the story of two daughters--one light-skinned and the other dark-skinned--of a black father and a white mother, who become torn apart by racial allegiances. Reprint.",1998.0,4.02,413.0,5991.0,Caucasia,"9781573227162 A debut novel explores the complications of race through the story of two daughters--one light-skinned and the other dark-skinned--of a black father and a white mother, who become torn apart by racial allegiances. Reprint.",Fiction
9781574889239,1574889230,Shattered Sword,Jonathan B. Parshall;Anthony P. Tully,History,http://books.google.com/books/content?id=krvlaQ5PQOQC&printsec=frontcover&img=1&zoom=1&edge=curl&source=gbs_api,"Told from the Japanese perspective, using largely Japanese sources, this volume represents the first substantive contribution to the West's understanding of Midway in more than a generation.",2005.0,4.4,612.0,1696.0,Shattered Sword: The Untold Story of the Battle of Midway,"9781574889239 Told from the Japanese perspective, using largely Japanese sources, this volume represents the first substantive contribution to the West's understanding of Midway in more than a generation.",Nonfiction
9781576753514,1576753514,Managers Not MBAs,Henry Mintzberg,Business & Economics,http://books.google.com/books/content?id=VAzkSUmzGswC&printsec=frontcover&img=1&zoom=1&edge=curl&source=gbs_api,"A professor of management studies at McGill University discusses the role of MBA programs in shaping, or failing to shape, good managers, offering advice on how to improve academic business education.",2005.0,3.85,464.0,144.0,Managers Not MBAs: A Hard Look at the Soft Practice of Managing and Management Development,"9781576753514 A professor of management studies at McGill University discusses the role of MBA programs in shaping, or failing to shape, good managers, offering advice on how to improve academic business education.",Nonfiction
9781577660095,1577660099,Myth and Reality,Mircea Eliade,Religion,http://books.google.com/books/content?id=8eEGAAAACAAJ&printsec=frontcover&img=1&zoom=1&source=gbs_api,"This classic study deals primarily with societies around the world in which myth supplies models for human behavior, & by that very fact, gives meaning & value to life.",1998.0,4.07,204.0,501.0,Myth and Reality,"9781577660095 This classic study deals primarily with societies around the world in which myth supplies models for human behavior, & by that very fact, gives meaning & value to life.",Nonfiction
9781577780724,1577780728,Jesus Freaks,DC Talk (Musical group),Religion,http://books.google.com/books/content?id=qfwJvdqZ02gC&printsec=frontcover&img=1&zoom=1&source=gbs_api,Remember the Lord's people who are in jail and be concerned for them. Don't forget those who are suffering but imagine that you are there with them.,1999.0,4.2,383.0,18779.0,Jesus Freaks: Stories of Those who Stood for Jesus : the Ultimate Jesus Freaks,9781577780724 Remember the Lord's people who are in jail and be concerned for them. Don't forget those who are suffering but imagine that you are there with them.,Nonfiction
9781578569540,1578569540,Dark Water,Linda Hall,Fiction,http://books.google.com/books/content?id=klKyQna8YYQC&printsec=frontcover&img=1&zoom=1&source=gbs_api,"When a jewelry designer hires private investigator Jake Rikker to find her stalker, Jake becomes entangled in a mystery that threatens to destroy them both.",2006.0,3.66,354.0,182.0,Dark Water,"9781578569540 When a jewelry designer hires private investigator Jake Rikker to find her stalker, Jake becomes entangled in a mystery that threatens to destroy them both.",Fiction
9781579126896,1579126898,Death on the Nile,Agatha Christie,Fiction,http://books.google.com/books/content?id=OHdsuQEACAAJ&printsec=frontcover&img=1&zoom=1&source=gbs_api,"Three classic Hercule Poirot mysteries by the grand dame of the genre are reissued, repackaged, and revitalized. ""What more can a mystery addict desire?""--""New York Times.""",2007.0,4.09,351.0,629.0,Death on the Nile,"9781579126896 Three classic Hercule Poirot mysteries by the grand dame of the genre are reissued, repackaged, and revitalized. ""What more can a mystery addict desire?""--""New York Times.""",Fiction
9781579126957,1579126952,The Mystery of the Blue Train,Agatha Christie,Fiction,http://books.google.com/books/content?id=SY0puQEACAAJ&printsec=frontcover&img=1&zoom=1&source=gbs_api,"Now in a digest edition, this classic mystery finds American heiress Ruth Kettering on the luxurious Blue Train, where she's mysteriously murdered. Sleuth Hercule Poirot must now peek into Ruth's secret life.",1928.0,3.8,317.0,21431.0,The Mystery of the Blue Train: A Hercule Poirot Mystery,"9781579126957 Now in a digest edition, this classic mystery finds American heiress Ruth Kettering on the luxurious Blue Train, where she's mysteriously murdered. Sleuth Hercule Poirot must now peek into Ruth's secret life.",Fiction
9781579546465,1579546463,The South Beach Diet,Arthur Agatston,Health & Fitness,http://books.google.com/books/content?id=9Wk8AQAAQBAJ&printsec=frontcover&img=1&zoom=1&source=gbs_api,A renowned cardiologist discusses the importance of understanding the glycemic index values of foods and presents a weight-loss program that includes meal plans and recipes.,2003.0,3.44,310.0,530.0,"The South Beach Diet: The Delicious, Doctor-Designed, Foolproof Plan for Fast and Healthy Weight Loss",9781579546465 A renowned cardiologist discusses the importance of understanding the glycemic index values of foods and presents a weight-loss program that includes meal plans and recipes.,Nonfiction
9781579652524,1579652522,Mangoes & Curry Leaves,,Cooking,http://books.google.com/books/content?id=eSQxAAAAQBAJ&printsec=frontcover&img=1&zoom=1&source=gbs_api,"Explores the food of India, Pakistan, Bangladesh, Nepal, and Sri Lanka to provide readers with a taste of the Subcontinent through recipes that include cashew-coconut meatballs, spicy chickpea fritters, and cumin-coriander beef patties.",2005.0,4.18,416.0,615.0,Mangoes & Curry Leaves: Culinary Travels Through the Great Subcontinent,"9781579652524 Explores the food of India, Pakistan, Bangladesh, Nepal, and Sri Lanka to provide readers with a taste of the Subcontinent through recipes that include cashew-coconut meatballs, spicy chickpea fritters, and cumin-coriander beef patties.",Nonfiction
9781579905088,1579905080,1000 Rings,Marthe Le Van,Crafts & Hobbies,http://books.google.com/books/content?id=NtXwT05_RU4C&printsec=frontcover&img=1&zoom=1&source=gbs_api,An extensive and diverse collection of one thousand magnificent rings from world-renowned artisans and jewelers is presented in a book of inspiring and detailed photographs. Original.,2004.0,4.22,416.0,80.0,1000 Rings: Inspiring Adornments for the Hand,9781579905088 An extensive and diverse collection of one thousand magnificent rings from world-renowned artisans and jewelers is presented in a book of inspiring and detailed photographs. Original.,Nonfiction
9781580012591,1580012590,International Plumbing Code 2006,International Code Council,Technology & Engineering,http://books.google.com/books/content?id=PWGbQAAACAAJ&printsec=frontcover&img=1&zoom=1&source=gbs_api,"Provides comprehensive minimum regulations for plumbing facilities in terms of both performance and prescriptive objectives, and provides for the acceptance of new and innovative products, materials and systems""--Publisher description.",2006.0,3.5,148.0,4.0,International Plumbing Code 2006,"9781580012591 Provides comprehensive minimum regulations for plumbing facilities in terms of both performance and prescriptive objectives, and provides for the acceptance of new and innovative products, materials and systems""--Publisher description.",Nonfiction
9781580086813,1580086810,Hungry Planet,Peter Menzel;Faith D'Aluisio,Cooking,http://books.google.com/books/content?id=-fFqQgAACAAJ&printsec=frontcover&img=1&zoom=1&source=gbs_api,"""A photographic collection exploring what the world eats featuring portraits of thirty families from twenty-four countries surrounded by a week's worth of food""--Provided by publisher.",2005.0,4.44,288.0,1420.0,Hungry Planet: What the World Eats,"9781580086813 ""A photographic collection exploring what the world eats featuring portraits of thirty families from twenty-four countries surrounded by a week's worth of food""--Provided by publisher.",Nonfiction
9781581345261,1581345267,Prophet,Frank E. Peretti,Fiction,http://books.google.com/books/content?id=A0tppfpAvl4C&printsec=frontcover&img=1&zoom=1&source=gbs_api,"Anchorman John Barrett knows something is wrong. The story doesn't add up. Prompted by extraordinary spiritual experiences, he begins to uncover a story about abortion that no one wants to hear.",2004.0,3.94,416.0,12479.0,Prophet,"9781581345261 Anchorman John Barrett knows something is wrong. The story doesn't add up. Prompted by extraordinary spiritual experiences, he begins to uncover a story about abortion that no one wants to hear.",Fiction
9781581345278,1581345275,Piercing the Darkness,Frank E. Peretti,Fiction,http://books.google.com/books/content?id=4wTFWMPhNn0C&printsec=frontcover&img=1&zoom=1&source=gbs_api,"In the tiny farming community of Bacon's Corner, an attempted murder, a case of mistaken identity, and a lawsuit against a struggling Christian school all lead Sally Beth Roe to flee for her life",2003.0,4.31,448.0,48725.0,Piercing the Darkness,"9781581345278 In the tiny farming community of Bacon's Corner, an attempted murder, a case of mistaken identity, and a lawsuit against a struggling Christian school all lead Sally Beth Roe to flee for her life",Fiction
9781581348095,1581348096,Suffering and the Sovereignty of God,John Piper;Justin Taylor,Religion,http://books.google.com/books/content?id=cd3IwAEACAAJ&printsec=frontcover&img=1&zoom=1&source=gbs_api,"John Piper and other contributors explore the many categories of God's sovereignty as evidenced in his Word, helping readers form a biblical view of suffering.",2006.0,4.31,254.0,621.0,Suffering and the Sovereignty of God,"9781581348095 John Piper and other contributors explore the many categories of God's sovereignty as evidenced in his Word, helping readers form a biblical view of suffering.",Nonfiction
9781583224717,1583224718,Lithium for Medea,Kate Braverman,Fiction,http://books.google.com/books/content?id=aKsC0lkkeXYC&printsec=frontcover&img=1&zoom=1&edge=curl&source=gbs_api,"Probes the strained relationships between a woman and her abrasive mother, her cancer-stricken father, an ex-husband who is permanently tuned into Star Trek, and Jason, her erotic but higly manipulative lover. Reprint.",2002.0,3.94,362.0,331.0,Lithium for Medea: A Novel,"9781583224717 Probes the strained relationships between a woman and her abrasive mother, her cancer-stricken father, an ex-husband who is permanently tuned into Star Trek, and Jason, her erotic but higly manipulative lover. Reprint.",Fiction
9781584850458,1584850450,Homeless,Laurie Halse Anderson,Juvenile Fiction,http://books.google.com/books/content?id=S8jrAAAAMAAJ&printsec=frontcover&img=1&zoom=1&source=gbs_api,Sunita and her fellow volunteers at the Wild at Heart veterinary clinic become involved in efforts to save a bunch of feral and abandoned cats with the help of Dr. Mac.,2000.0,4.07,126.0,401.0,Homeless,9781584850458 Sunita and her fellow volunteers at the Wild at Heart veterinary clinic become involved in efforts to save a bunch of feral and abandoned cats with the help of Dr. Mac.,Children's Fiction
9781584850557,1584850558,Teacher's Pet,Laurie Halse Anderson,Juvenile Fiction,http://books.google.com/books/content?id=2sjrAAAAMAAJ&printsec=frontcover&img=1&zoom=1&source=gbs_api,"Adjusting to middle school becomes easier for twelve-year-old Maggie when she finds that her biology teacher, who is blind, can learn a few things from her about working with his guide dog.",2001.0,4.07,128.0,170.0,Teacher's Pet,"9781584850557 Adjusting to middle school becomes easier for twelve-year-old Maggie when she finds that her biology teacher, who is blind, can learn a few things from her about working with his guide dog.",Children's Fiction
9781585100378,1585100374,Sophocles: the Theban Plays,Sophocles,Drama,http://books.google.com/books/content?id=qCJgAAAAMAAJ&printsec=frontcover&img=1&zoom=1&source=gbs_api,"English translations of three of Sophocles' Oidipous Cycle: King Oidipous, Oidipous at Colonus, and Antigone. Focus Classical Library provides close translations with notes and essays to provide access to understanding Greek culture.",2002.0,3.97,248.0,54.0,Sophocles: the Theban Plays,"9781585100378 English translations of three of Sophocles' Oidipous Cycle: King Oidipous, Oidipous at Colonus, and Antigone. Focus Classical Library provides close translations with notes and essays to provide access to understanding Greek culture.",Fiction
9781585421770,1585421774,In Search of Captain Zero,Alan C. Weisbecker,Biography & Autobiography,http://books.google.com/books/content?id=K7gS-QmvaGYC&printsec=frontcover&img=1&zoom=1&source=gbs_api,"A surfer, photojournalist, and author describes his two-year odyssey from Mexico to Central America to search for his missing long-time friend and surfing companion, Christopher Conner, and his bizarre adventures along the way.",2002.0,4.15,352.0,1625.0,In Search of Captain Zero,"9781585421770 A surfer, photojournalist, and author describes his two-year odyssey from Mexico to Central America to search for his missing long-time friend and surfing companion, Christopher Conner, and his bizarre adventures along the way.",Nonfiction
9781585425242,1585425249,Fear of Fifty,Erica Jong,Biography & Autobiography,http://books.google.com/books/content?id=s81ihAlWXPgC&printsec=frontcover&img=1&zoom=1&source=gbs_api,"The well-known author of Fear of Flying comments on some of the immense changes that her generation has faced, in such areas as dating, marriage, monogamy, lust, love, and sexual relations. Reprint.",2006.0,3.56,329.0,445.0,Fear of Fifty: A Midlife Memoir,"9781585425242 The well-known author of Fear of Flying comments on some of the immense changes that her generation has faced, in such areas as dating, marriage, monogamy, lust, love, and sexual relations. Reprint.",Nonfiction
9781585672172,1585672173,The Arabian Nightmare,Robert Irwin,Fiction,http://books.google.com/books/content?id=N45RPgAACAAJ&printsec=frontcover&img=1&zoom=1&source=gbs_api,The English pilgrim Balian of Norwich comes to medieval Cairo on a spy mission and becomes caught up in a series of bizarre intrigues and erotic adventures. Reprint.,2002.0,3.85,282.0,391.0,The Arabian Nightmare,9781585672172 The English pilgrim Balian of Norwich comes to medieval Cairo on a spy mission and becomes caught up in a series of bizarre intrigues and erotic adventures. Reprint.,Fiction
9781585677283,1585677280,The Warrior Prophet,R. Scott Bakker,Fiction,http://books.google.com/books/content?id=TvSaOAAACAAJ&printsec=frontcover&img=1&zoom=1&source=gbs_api,A sequel to The Darkness That Comes Before continues the story of powerful logician-monk Anasûrimbor Kellhus and his witness to the apocalyptic Holy War that threatens his world. Reprint.,2005.0,3.95,624.0,10236.0,The Warrior Prophet: The Prince of Nothing,9781585677283 A sequel to The Darkness That Comes Before continues the story of powerful logician-monk Anasûrimbor Kellhus and his witness to the apocalyptic Holy War that threatens his world. Reprint.,Fiction
9781586170264,1586170260,The Unmasking of Oscar Wilde,Joseph Pearce,Religion,http://books.google.com/books/content?id=v53UPwpmLhQC&printsec=frontcover&img=1&zoom=1&edge=curl&source=gbs_api,"Details the life of Oscar Wilde, including his work as an author, his fascination with Catholicism, and his time in prison for a homosexual affair.",2000.0,4.25,412.0,105.0,The Unmasking of Oscar Wilde,"9781586170264 Details the life of Oscar Wilde, including his work as an author, his fascination with Catholicism, and his time in prison for a homosexual affair.",Nonfiction
9781586631987,1586631985,The American Heritage New History of the Civil War,Bruce Catton,History,http://books.google.com/books/content?id=7SddAAAACAAJ&printsec=frontcover&img=1&zoom=1&source=gbs_api,"A history of the Civil War that features over 800 contemporary photographs, sketches, paintings, and maps, narrative by author Bruce Catton, and first-person accounts by men and women who witnessed the events.",2001.0,4.1,630.0,100.0,The American Heritage New History of the Civil War,"9781586631987 A history of the Civil War that features over 800 contemporary photographs, sketches, paintings, and maps, narrative by author Bruce Catton, and first-person accounts by men and women who witnessed the events.",Nonfiction
9781586633578,1586633570,Frankenstein,Mary Shelley,LITERARY CRITICISM,http://books.google.com/books/content?id=1ToTgls77wUC&printsec=frontcover&img=1&zoom=1&source=gbs_api,"A guide to studying British author Mary Shelley's 1818 novel, Frankenstein, featuring a complete plot summary and analysis, character analyses, explanations of key themes, motifs & symbols, and a review quiz.",2002.0,3.47,72.0,16.0,Frankenstein: Mary Shelley,"9781586633578 A guide to studying British author Mary Shelley's 1818 novel, Frankenstein, featuring a complete plot summary and analysis, character analyses, explanations of key themes, motifs & symbols, and a review quiz.",Fiction
9781586638221,158663822X,The Aristotle's Ethics,Aristotle,Study Aids,http://books.google.com/books/content?id=NBPbiXwwsGQC&printsec=frontcover&img=1&zoom=1&source=gbs_api,"Enduringly profound treatise, whose lasting effect on Western philosophy continues to resonate. Aristotle identifies the goal of life as happiness and discusses its attainment through the contemplation of philosophic truth.",2003.0,3.0,80.0,2.0,The Aristotle's Ethics: Nicomachean Ethics,"9781586638221 Enduringly profound treatise, whose lasting effect on Western philosophy continues to resonate. Aristotle identifies the goal of life as happiness and discusses its attainment through the contemplation of philosophic truth.",Nonfiction
9781586638498,1586638491,The Tempest,William Shakespeare,Drama,http://books.google.com/books/content?id=ua7mxgEACAAJ&printsec=frontcover&img=1&zoom=1&source=gbs_api,"Presents the original text of Shakespeare's play side by side with a modern version, with marginal notes and explanations and full descriptions of each character.",2003.0,3.81,224.0,438.0,The Tempest,"9781586638498 Presents the original text of Shakespeare's play side by side with a modern version, with marginal notes and explanations and full descriptions of each character.",Fiction
9781586638535,158663853X,King Lear,William Shakespeare,Literary Criticism,http://books.google.com/books/content?id=UDTWyAEACAAJ&printsec=frontcover&img=1&zoom=1&source=gbs_api,"Presents the original text of Shakespeare's play side by side with a modern version, with marginal notes and explanations and full descriptions of each character.",2003.0,3.9,320.0,423.0,King Lear,"9781586638535 Presents the original text of Shakespeare's play side by side with a modern version, with marginal notes and explanations and full descriptions of each character.",Nonfiction
9781587420245,1587420244,On the Lines of Morris' Romances,William Morris;Michale W. Perry,Fiction,http://books.google.com/books/content?id=LusAAAAACAAJ&printsec=frontcover&img=1&zoom=1&source=gbs_api,"J. R. R. Tolkien said that his writing was inspired by William Morris. This book includes two of William Morris' most popular tales in one inexpensive, wide-format, two-column edition.",2003.0,4.09,288.0,11.0,"On the Lines of Morris' Romances: Two Books that Inspired J.R.R. Tolkien : The Wood Beyond the World, And, The Well at the World's End","9781587420245 J. R. R. Tolkien said that his writing was inspired by William Morris. This book includes two of William Morris' most popular tales in one inexpensive, wide-format, two-column edition.",Fiction
9781589802544,1589802543,This Side of Paradise,Steven L. Layne,Juvenile Fiction,http://books.google.com/books/content?id=qCVAngEACAAJ&printsec=frontcover&img=1&zoom=1&source=gbs_api,"When his father relocates the family to Paradise to work for the mysterious Eden Corporation, Jack Barrett uncovers a sinister plot that threatens everyone he loves.",2004.0,3.74,224.0,536.0,This Side of Paradise,"9781589802544 When his father relocates the family to Paradise to work for the mysterious Eden Corporation, Jack Barrett uncovers a sinister plot that threatens everyone he loves.",Children's Fiction
9781589971288,1589971280,Creative Correction,Lisa Whelchel,Family & Relationships,http://books.google.com/books/content?id=haewmAEACAAJ&printsec=frontcover&img=1&zoom=1&source=gbs_api,"In addition to advice on topics such as sibling conflict and lying, Whelchel offers this handy reference guide that provides a biblical perspective and down to-earth encouragement to parents who are feeling overwhelmed.",2005.0,3.93,367.0,1071.0,Creative Correction: Extraordinary Ideas for Everyday Discipline,"9781589971288 In addition to advice on topics such as sibling conflict and lying, Whelchel offers this handy reference guide that provides a biblical perspective and down to-earth encouragement to parents who are feeling overwhelmed.",Nonfiction
9781590171240,1590171241,An Episode of Sparrows,Rumer Godden,Juvenile Fiction,http://books.google.com/books/content?id=wLgdpV170wgC&printsec=frontcover&img=1&zoom=1&source=gbs_api,"In post-World War II London, two street-tough children attempt to build a hidden garden, an act that awakens hidden courage in the children and profoundly disrupts the neighborhood.",2004.0,4.2,247.0,851.0,An Episode of Sparrows: A Novel,"9781590171240 In post-World War II London, two street-tough children attempt to build a hidden garden, an act that awakens hidden courage in the children and profoundly disrupts the neighborhood.",Children's Fiction
9781590171622,1590171624,The New York Stories of Henry James,Henry James;Colm Tóibín,Fiction,http://books.google.com/books/content?id=LlpBNR7_vpQC&printsec=frontcover&img=1&zoom=1&source=gbs_api,"Brings together for the first time all the stories that Henry James set in New York City, including ""The Jolly Corner,"" ""An International Episode,"" and ""The Impressions of a Cousin.""",2006.0,4.04,563.0,137.0,The New York Stories of Henry James,"9781590171622 Brings together for the first time all the stories that Henry James set in New York City, including ""The Jolly Corner,"" ""An International Episode,"" and ""The Impressions of a Cousin.""",Fiction
9781590300107,1590300106,Healing Emotions,Daniel Goleman,Health & Fitness,http://books.google.com/books/content?id=w7xvDwAAQBAJ&printsec=frontcover&img=1&zoom=1&edge=curl&source=gbs_api,"A new edition documents encounters between the Dalai Lama and prominent western psychologists, physicians, and meditation teachers to offer insight into the mind's ability to heal the body. Original.",2003.0,4.05,288.0,291.0,"Healing Emotions: Conversations with the Dalai Lama on Mindfulness, Emotions, and Health","9781590300107 A new edition documents encounters between the Dalai Lama and prominent western psychologists, physicians, and meditation teachers to offer insight into the mind's ability to heal the body. Original.",Nonfiction
9781590303160,1590303164,Writing Down the Bones,Natalie Goldberg,Self-Help,http://books.google.com/books/content?id=c2iJPgAACAAJ&printsec=frontcover&img=1&zoom=1&source=gbs_api,"With insight, humor, and practicality, Goldberg inspires writers and would-be writers alike to take the leap into writing creatively in this revised edition of the guide.",2006.0,4.18,312.0,20991.0,Writing Down the Bones: Freeing the Writer Within : Expanded with a New Preface and Interview with the Author,"9781590303160 With insight, humor, and practicality, Goldberg inspires writers and would-be writers alike to take the leap into writing creatively in this revised edition of the guide.",Fiction
9781590385814,1590385810,Fablehaven,Brandon Mull,Juvenile Fiction,http://books.google.com/books/content?id=tbVIPgAACAAJ&printsec=frontcover&img=1&zoom=1&source=gbs_api,"When Kendra and Seth go to stay at their grandparents' estate, they discover that it is a sanctuary for magical creatures and that a battle between good and evil is looming.",2006.0,4.09,351.0,111896.0,Fablehaven,"9781590385814 When Kendra and Seth go to stay at their grandparents' estate, they discover that it is a sanctuary for magical creatures and that a battle between good and evil is looming.",Children's Fiction
9781590525081,1590525086,The Treasure Principle,Randy Alcorn,Religion,http://books.google.com/books/content?id=_PFyysVnTaQC&printsec=frontcover&img=1&zoom=1&source=gbs_api,"Bestselling author Randy Alcorn uncovers the revolutionary key to spiritual transformation: joyful giving! Jesus' life-changing formula guarantees not only kingdom impact, but immediate pleasure and eternal rewards.",2005.0,4.13,120.0,3892.0,The Treasure Principle,"9781590525081 Bestselling author Randy Alcorn uncovers the revolutionary key to spiritual transformation: joyful giving! Jesus' life-changing formula guarantees not only kingdom impact, but immediate pleasure and eternal rewards.",Nonfiction
9781590525937,1590525930,Dominion,Randy Alcorn,Fiction,http://books.google.com/books/content?id=IwdwDwAAQBAJ&printsec=frontcover&img=1&zoom=1&source=gbs_api,"When a university professor is found murdered, a brilliant and quick-witted homicide detective, Ollie Chandler, suspects the murderer could be a fellow homicide detective, but as Ollie probes deeper, another detective is murdered.",2006.0,4.22,603.0,4075.0,Dominion,"9781590525937 When a university professor is found murdered, a brilliant and quick-witted homicide detective, Ollie Chandler, suspects the murderer could be a fellow homicide detective, but as Ollie probes deeper, another detective is murdered.",Fiction
9781590526859,1590526856,The Blazing Center Study Guide,John Piper;Desiring God,Religion,http://books.google.com/books/content?id=LjZ2K0qxNIkC&printsec=frontcover&img=1&zoom=1&source=gbs_api,God is the center of reality. And He lovingly calls you to worship Him because you will find the one thing that will bring you the most pleasure: Himself.,2006.0,4.28,112.0,18.0,The Blazing Center Study Guide: The Soul-Satisfying Supremacy of God in All Things,9781590526859 God is the center of reality. And He lovingly calls you to worship Him because you will find the one thing that will bring you the most pleasure: Himself.,Nonfiction
9781590526866,1590526864,Reluctant Burglar,Jill Elizabeth Nelson,Fiction,http://books.google.com/books/content?id=mplfA_vAWOYC&printsec=frontcover&img=1&zoom=1&source=gbs_api,"Desiree's murdered father was an art thief. Can she preserve the family business, please her heavenly Father, avoid death threats, and trust FBI Special Agent Tony Lucano all at the same time?",2006.0,3.67,345.0,173.0,Reluctant Burglar,"9781590526866 Desiree's murdered father was an art thief. Can she preserve the family business, please her heavenly Father, avoid death threats, and trust FBI Special Agent Tony Lucano all at the same time?",Fiction
9781590526873,1590526872,Reluctant Runaway,Jill Elizabeth Nelson,Fiction,http://books.google.com/books/content?id=bgFuvSSeXeMC&printsec=frontcover&img=1&zoom=1&source=gbs_api,Is it coincidence that Karen Webb disappears just one day before Indian artifacts are stolen? Security consultant Desiree Jacobs and her FBI agent boyfriend scramble to connect the dots - and save Karen's life.,2007.0,3.7,352.0,90.0,Reluctant Runaway,9781590526873 Is it coincidence that Karen Webb disappears just one day before Indian artifacts are stolen? Security consultant Desiree Jacobs and her FBI agent boyfriend scramble to connect the dots - and save Karen's life.,Fiction
9781590528600,1590528603,Sense and Sensuality,Ravi Zacharias,Religion,http://books.google.com/books/content?id=TwdwDwAAQBAJ&printsec=frontcover&img=1&zoom=1&source=gbs_api,Why is the world so full of pleasures if we aren't allowed to enjoy them? An imaginary Oscar Wilde seeks Jesus Christ's answer in Ravi Zacharias's entertaining dialogue.,2006.0,3.93,94.0,501.0,Sense and Sensuality: Jesus Talks with Oscar Wilde on the Pursuit of Pleasure,9781590528600 Why is the world so full of pleasures if we aren't allowed to enjoy them? An imaginary Oscar Wilde seeks Jesus Christ's answer in Ravi Zacharias's entertaining dialogue.,Nonfiction
9781591162025,1591162025,Inuyasha Ani-Manga,Rumiko Takahashi,Comics & Graphic Novels,http://books.google.com/books/content?id=mf55sDvRqG4C&printsec=frontcover&img=1&zoom=1&source=gbs_api,"A teenage girl travels back in time to medieval Japan to help the half demon dog, half man Inu Yasha find an orb of great power.",2004.0,4.36,206.0,5787.0,Inuyasha Ani-Manga,"9781591162025 A teenage girl travels back in time to medieval Japan to help the half demon dog, half man Inu Yasha find an orb of great power.",Fiction
9781591583660,1591583667,Crash Course in Web Design for Libraries,Charles P. Rubenstein,Computers,http://books.google.com/books/content?id=0n6FQgAACAAJ&printsec=frontcover&img=1&zoom=1&source=gbs_api,A handbook offers guidance in developing professional-looking library Web sites without the knowledge of HTML and explains the benefits and limitations of commercially available software.,2007.0,2.67,196.0,9.0,Crash Course in Web Design for Libraries,9781591583660 A handbook offers guidance in developing professional-looking library Web sites without the knowledge of HTML and explains the benefits and limitations of commercially available software.,Nonfiction
9781592241873,1592241875,The Canterville Ghost,Oscar Wilde,Fiction,http://books.google.com/books/content?id=-EHeUKhJQHUC&printsec=frontcover&img=1&zoom=1&source=gbs_api,"Oscar Wilde's timeless classic of an American family that buys a British manor -- complete with ghost! Filmed many times, its light tone and gentle chills continue to thrill new generations.",2005.0,3.89,52.0,80.0,The Canterville Ghost,"9781592241873 Oscar Wilde's timeless classic of an American family that buys a British manor -- complete with ghost! Filmed many times, its light tone and gentle chills continue to thrill new generations.",Fiction
9781592572229,1592572227,The Complete Idiot's Guide to World Religions,Brandon Toropov;Luke Buckles,Religion,http://books.google.com/books/content?id=ZPokHByS3N0C&printsec=frontcover&img=1&zoom=1&source=gbs_api,"Presents an overview of the world's major religions, and answers questions about the history, rituals, celebrations, structure, holy documents, and deities of major and lesser-known religions.",2004.0,3.66,405.0,159.0,The Complete Idiot's Guide to World Religions,"9781592572229 Presents an overview of the world's major religions, and answers questions about the history, rituals, celebrations, structure, holy documents, and deities of major and lesser-known religions.",Nonfiction
9781593072599,1593072597,Hellsing,Kohta Hirano,Comics & Graphic Novels,http://books.google.com/books/content?id=Sg6hPwAACAAJ&printsec=frontcover&img=1&zoom=1&source=gbs_api,"Chronicles the exploits of the secret Hellsing Organization, formed by the Hellsing family to protect England and the Protestant church from vampires and other monsters, and its top operative, the vampire Alucard.",2004.0,4.29,200.0,2518.0,Hellsing,"9781593072599 Chronicles the exploits of the secret Hellsing Organization, formed by the Hellsing family to protect England and the Protestant church from vampires and other monsters, and its top operative, the vampire Alucard.",Fiction
9781593080235,1593080239,Middlemarch,George Eliot;Megan McDaniel,Fiction,http://books.google.com/books/content?id=rTuCTr1pdc4C&printsec=frontcover&img=1&zoom=1&source=gbs_api,"Enter the provincial town of Middlemarch, circa 1830, where the individual destinies of tradespeople, middle classes, and country gentry shape and are shaped by the community.",2003.0,3.95,848.0,478.0,Middlemarch,"9781593080235 Enter the provincial town of Middlemarch, circa 1830, where the individual destinies of tradespeople, middle classes, and country gentry shape and are shaped by the community.",Fiction
9781593080389,1593080387,Uncle Tom's Cabin,Harriet Beecher Stowe,Fiction,http://books.google.com/books/content?id=FkCHGkuPf98C&printsec=frontcover&img=1&zoom=1&source=gbs_api,"""Uncle Tom's master sells him, separating him from his wife, and he becomes attached to the gentle daughter of his new owner, but after her death, he is sold to the evil Simon Legree""--NoveList.",2003.0,3.86,530.0,490.0,Uncle Tom's Cabin,"9781593080389 ""Uncle Tom's master sells him, separating him from his wife, and he becomes attached to the gentle daughter of his new owner, but after her death, he is sold to the evil Simon Legree""--NoveList.",Fiction
9781593080495,1593080492,Sense and Sensibility,Jane Austen,Fiction,http://books.google.com/books/content?id=PTUH6Zg2QQYC&printsec=frontcover&img=1&zoom=1&source=gbs_api,Romantic walks through lush Devonshire and genteel dinner parties at a stately manor draw two pretty sisters into the schemes and manipulations of landed gentry determined to marry wisely and well.,2003.0,4.07,336.0,636.0,Sense and Sensibility,9781593080495 Romantic walks through lush Devonshire and genteel dinner parties at a stately manor draw two pretty sisters into the schemes and manipulations of landed gentry determined to marry wisely and well.,Fiction
9781593080648,1593080646,The Essential Tales and Poems of Edgar Allan Poe,Edgar Allan Poe,Literary Collections,http://books.google.com/books/content?id=0sJr1xPt30UC&printsec=frontcover&img=1&zoom=1&source=gbs_api,"An anthology of short stories and poems by Edgar Allan Poe including ""The Murders in the Rue Morgue,"" ""The Purloined Letter,"" ""Annabel Lee,"" and ""The Raven.""",2004.0,4.36,688.0,65137.0,The Essential Tales and Poems of Edgar Allan Poe,"9781593080648 An anthology of short stories and poems by Edgar Allan Poe including ""The Murders in the Rue Morgue,"" ""The Purloined Letter,"" ""Annabel Lee,"" and ""The Raven.""",Fiction
9781593081256,1593081251,Sense and Sensibility,Jane Austen,Fiction,http://books.google.com/books/content?id=yhiJVxesrWwC&printsec=frontcover&img=1&zoom=1&source=gbs_api,"Two sisters, one practical and conventional and the other emotional and sentimental, find that only through compromise of their mutual differences can they get along.",2004.0,4.07,325.0,1199.0,Sense and Sensibility,"9781593081256 Two sisters, one practical and conventional and the other emotional and sentimental, find that only through compromise of their mutual differences can they get along.",Fiction
9781593081539,1593081537,The House of Mirth,Edith Wharton,Fiction,http://books.google.com/books/content?id=CedoNRdNuc0C&printsec=frontcover&img=1&zoom=1&source=gbs_api,"The tragic story of a beautiful young woman caught up in the shallow and corrupt world of New York society at the turn of the century, where wealth and social status are everything.",2004.0,3.95,348.0,338.0,The House of Mirth,"9781593081539 The tragic story of a beautiful young woman caught up in the shallow and corrupt world of New York society at the turn of the century, where wealth and social status are everything.",Fiction
9781593600259,1593600259,The Sillymarillion,D. R. Lloyd,Fiction,http://books.google.com/books/content?id=shwBAAAACAAJ&printsec=frontcover&img=1&zoom=1&source=gbs_api,"Satirizing one of J.R.R. Tolkien's most popular fantasy epics, a parody in the tradition of Bored of the Rings blends modern humor with Tolkien's saga of good and evil. Original.",2004.0,3.65,192.0,23.0,The Sillymarillion: An Unauthorized Parody of J. R. R. Tolkien's Classic the Silmarillion,"9781593600259 Satirizing one of J.R.R. Tolkien's most popular fantasy epics, a parody in the tradition of Bored of the Rings blends modern humor with Tolkien's saga of good and evil. Original.",Fiction
9781594160004,1594160007,Seabiscuit,B. K. Beckwith,Biography & Autobiography,http://books.google.com/books/content?id=DkFWAAAAYAAJ&printsec=frontcover&img=1&zoom=1&source=gbs_api,"Through first-hand accounts, chronicles the story of the legendary thoroughbred from his birth in Kentucky to his victory at Santa Anita, including anecdotes about the horse and those who cared for him.",2003.0,4.46,64.0,22.0,Seabiscuit: The Saga of a Great Champion,"9781594160004 Through first-hand accounts, chronicles the story of the legendary thoroughbred from his birth in Kentucky to his victory at Santa Anita, including anecdotes about the horse and those who cared for him.",Nonfiction
9781594481772,1594481776,The Kite Runner,Khaled Hosseini,Fiction,http://books.google.com/books/content?id=3GqcPwAACAAJ&printsec=frontcover&img=1&zoom=1&source=gbs_api,"Traces the unlikely friendship of a wealthy Afghan youth and a servant's son, in a tale that spans the final days of Afghanistan's monarchy through the atrocities of the present day.",2005.0,4.28,383.0,5241.0,The Kite Runner,"9781594481772 Traces the unlikely friendship of a wealthy Afghan youth and a servant's son, in a tale that spans the final days of Afghanistan's monarchy through the atrocities of the present day.",Fiction
9781594731402,1594731403,How to be a Perfect Stranger,Stuart M. Matlins;Arthur J. Magida,Reference,http://books.google.com/books/content?id=3vDI7YSzQEQC&printsec=frontcover&img=1&zoom=1&source=gbs_api,A guide to the rituals and celebrations of the major religions and denominations in the United States and Canada helps the well-meaning guest feel at ease when visiting other people's religious ceremonies. Original.,2006.0,3.96,403.0,114.0,How to be a Perfect Stranger: The Essential Religious Etiquette Handbook,9781594731402 A guide to the rituals and celebrations of the major religions and denominations in the United States and Canada helps the well-meaning guest feel at ease when visiting other people's religious ceremonies. Original.,Nonfiction
9781594865671,1594865671,An Inconvenient Truth,Al Gore,Science,http://books.google.com/books/content?id=93M6C24ac9MC&printsec=frontcover&img=1&zoom=1&edge=curl&source=gbs_api,"The former vice-president details the factors contributing to the growing climate crisis, describes changes to the environment caused by global warming, and discusses the shift in environmental policy that is needed to avert disaster.",2006.0,3.76,328.0,5615.0,An Inconvenient Truth: The Planetary Emergency of Global Warming and What We Can Do About It,"9781594865671 The former vice-president details the factors contributing to the growing climate crisis, describes changes to the environment caused by global warming, and discusses the shift in environmental policy that is needed to avert disaster.",Nonfiction
9781596792500,1596792507,Sherlock Holmes and the Case of the Hound of the Baskervilles,Arthur Conan Doyle;Malvina G. Vogel,Juvenile Fiction,http://books.google.com/books/content?id=EWgWPwAACAAJ&printsec=frontcover&img=1&zoom=1&source=gbs_api,Sherlock Holmes and Dr. Watson travel to the bleak wastes of Dartmoor to solve the mystery surrounding the late Sir Charles Baskerville and a ghostly hound.,2005.0,4.51,237.0,28.0,Sherlock Holmes and the Case of the Hound of the Baskervilles,9781596792500 Sherlock Holmes and Dr. Watson travel to the bleak wastes of Dartmoor to solve the mystery surrounding the late Sir Charles Baskerville and a ghostly hound.,Children's Fiction
9781597221108,1597221104,Undead and Unwed,MaryJanice Davidson,Fiction,http://books.google.com/books/content?id=XE9SPgAACAAJ&printsec=frontcover&img=1&zoom=1&source=gbs_api,"A just-laid-off secretary has a really bad week when she dies and is then made Queen of the Undead. ""Chick lit meets vampire fiction in this creative, sophisticated, sexy, and wonderfully witty book.""--Catherine Spangler.",2005.0,3.82,392.0,89.0,Undead and Unwed,"9781597221108 A just-laid-off secretary has a really bad week when she dies and is then made Queen of the Undead. ""Chick lit meets vampire fiction in this creative, sophisticated, sexy, and wonderfully witty book.""--Catherine Spangler.",Fiction
9781597221283,1597221287,Undead and Unappreciated,MaryJanice Davidson,Fiction,http://books.google.com/books/content?id=W09SPgAACAAJ&printsec=frontcover&img=1&zoom=1&source=gbs_api,"The newly crowned queen of the undead, fashion-savvy Betsy Taylor continues her reluctant reign while trying to uncover the truth about some troublesome family secrets.",2005.0,3.88,279.0,67.0,Undead and Unappreciated,"9781597221283 The newly crowned queen of the undead, fashion-savvy Betsy Taylor continues her reluctant reign while trying to uncover the truth about some troublesome family secrets.",Fiction
9781597818704,1597818704,Marilyn Manson,Richard D. Nelson,Religion,http://books.google.com/books/content?id=widCESlfeN4C&printsec=frontcover&img=1&zoom=1&source=gbs_api,"""There are many Christian haters this I know, for the rockstars tell me so!"" This book is a call for anti-Christians everywhere to a more open-minded response to thoughtful Christian engagement.",2006.0,4.0,224.0,3.0,Marilyn Manson: The Lonely Watchman,"9781597818704 ""There are many Christian haters this I know, for the rockstars tell me so!"" This book is a call for anti-Christians everywhere to a more open-minded response to thoughtful Christian engagement.",Nonfiction
9781599900056,159990005X,The Drift House,Dale Peck,Juvenile Fiction,http://books.google.com/books/content?id=kbwPYAYoJlcC&printsec=frontcover&img=1&zoom=1&edge=curl&source=gbs_api,"Sent to stay with their uncle in a ship-like home called Drift House, twelve-year-old Susan and her stepbrothers embark on an adventure involving duplicitous mermaids, pirates, and an attempt to stop time forever.",2006.0,3.64,437.0,595.0,The Drift House: The First Voyage,"9781599900056 Sent to stay with their uncle in a ship-like home called Drift House, twelve-year-old Susan and her stepbrothers embark on an adventure involving duplicitous mermaids, pirates, and an attempt to stop time forever.",Children's Fiction
9781740597715,1740597710,West Africa,Anthony Ham;James Bainbridge,Travel,http://books.google.com/books/content?id=JVdWavZlYKgC&printsec=frontcover&img=1&zoom=1&source=gbs_api,Lonely Planet Regional Guides are the essential companion. Includes well-presented information on everything from folklore to reading lists to insider lunch spots. Highlights sections and tailored itineraries make pre-trip planning a breeze.,2006.0,3.69,904.0,27.0,West Africa,9781740597715 Lonely Planet Regional Guides are the essential companion. Includes well-presented information on everything from folklore to reading lists to insider lunch spots. Highlights sections and tailored itineraries make pre-trip planning a breeze.,Nonfiction
9781741040913,1741040914,London,Martin Hughes;Sarah Johnstone;Tom Masters,Travel,http://books.google.com/books/content?id=5DQXAQAAIAAJ&printsec=frontcover&img=1&zoom=1&source=gbs_api,"This jolly good guide has elaborate descriptions of things to see and do on and alongside the River Thames, plus the detailed entertainment section covers music, theater and spectator sports.",2004.0,4.02,480.0,62.0,London,"9781741040913 This jolly good guide has elaborate descriptions of things to see and do on and alongside the River Thames, plus the detailed entertainment section covers music, theater and spectator sports.",Nonfiction
9781741042955,174104295X,Ecuador & the Galápagos Islands,Danny Palmerlee;Michael Grosberg;Carolyn McCarthy,Travel,http://books.google.com/books/content?id=3l4dypdvRXAC&printsec=frontcover&img=1&zoom=1&source=gbs_api,"Describes the people, customs, geography, and climate of Ecuador and the Galapagos Islands; recommends hotels and restaurants; and looks at points of interest in each region.",2006.0,3.87,440.0,64.0,Ecuador & the Galápagos Islands,"9781741042955 Describes the people, customs, geography, and climate of Ecuador and the Galapagos Islands; recommends hotels and restaurants; and looks at points of interest in each region.",Nonfiction
9781741140378,1741140374,Plain Truth,Jodi Picoult,Amish,http://books.google.com/books/content?id=3SJMZlq9nE8C&printsec=frontcover&img=1&zoom=1&source=gbs_api,Jodi Picoult explores the complex choices of the heart for a young Amish woman - and the compelling journey of discovery for an urban lawyer who befriends and protects her.,2003.0,3.97,416.0,189.0,Plain Truth,9781741140378 Jodi Picoult explores the complex choices of the heart for a young Amish woman - and the compelling journey of discovery for an urban lawyer who befriends and protects her.,Nonfiction
9781840224535,1840224533,The Death of Ivan Ilyich and Other Stories,Leo Tolstoy,Fiction,http://books.google.com/books/content?id=qzcSTHoNdSsC&printsec=frontcover&img=1&zoom=1&edge=curl&source=gbs_api,"Tolstoy wrote many masterly short stories, and this volume contains four of the longest and best in distinguished translations that have stood the test of time.",2004.0,4.1,256.0,305.0,The Death of Ivan Ilyich and Other Stories,"9781840224535 Tolstoy wrote many masterly short stories, and this volume contains four of the longest and best in distinguished translations that have stood the test of time.",Fiction
9781842122921,1842122924,The Coming Fury,Bruce Catton;Everette Beach Long,History,http://books.google.com/books/content?id=NjORQgAACAAJ&printsec=frontcover&img=1&zoom=1&source=gbs_api,"Chronicles the history of the American Civil War, starting with the Democratic Party's Charleston Convention in 1860, and ending with first battle of the war at Bull Run.",2001.0,4.29,568.0,2055.0,The Coming Fury,"9781842122921 Chronicles the history of the American Civil War, starting with the Democratic Party's Charleston Convention in 1860, and ending with first battle of the war at Bull Run.",Nonfiction
9781842122938,1842122932,Terrible Swift Sword,Bruce Catton,History,http://books.google.com/books/content?id=NthXAAAAYAAJ&printsec=frontcover&img=1&zoom=1&source=gbs_api,"The second episode in this award-winning trilogy impressively shows how the Union and Confederacy, slowly and inexorably, reconciled themselves to an all-out war--an epic struggle for freedom.",2001.0,4.35,558.0,1382.0,Terrible Swift Sword,"9781842122938 The second episode in this award-winning trilogy impressively shows how the Union and Confederacy, slowly and inexorably, reconciled themselves to an all-out war--an epic struggle for freedom.",Nonfiction
9781842430224,184243022X,Still Life with Woodpecker,Tom Robbins,Fiction,http://books.google.com/books/content?id=8E8-PgAACAAJ&printsec=frontcover&img=1&zoom=1&source=gbs_api,"A sort of love story revealing the purpose of the moon, the difference between criminals and outlaws, and the problem with redheads. Also paints a humorous portrait of contemporary society.",2001.0,4.04,288.0,60966.0,Still Life with Woodpecker,"9781842430224 A sort of love story revealing the purpose of the moon, the difference between criminals and outlaws, and the problem with redheads. Also paints a humorous portrait of contemporary society.",Fiction
9781842552476,1842552473,Ballet Shoes,Noel Streatfeild,Ballet,http://books.google.com/books/content?id=2oM8PgAACAAJ&printsec=frontcover&img=1&zoom=1&source=gbs_api,"Determined to make a name for themselves, three adopted sisters living in London train for the ballet and the stage and in the process discover that each has a special talent.",2004.0,4.07,184.0,206.0,Ballet Shoes,"9781842552476 Determined to make a name for themselves, three adopted sisters living in London train for the ballet and the stage and in the process discover that each has a special talent.",Fiction
9781843541677,184354167X,Carpenter's Gothic,William Gaddis,Married people,http://books.google.com/books/content?id=n0KoPwAACAAJ&printsec=frontcover&img=1&zoom=1&source=gbs_api,"In this tempestuous novel, Liz and Paul, the occupants of Carpenter s Gothic do battle with the Reverend Ude to preserve the African mission on which they live.",2003.0,3.76,262.0,1071.0,Carpenter's Gothic,"9781843541677 In this tempestuous novel, Liz and Paul, the occupants of Carpenter s Gothic do battle with the Reverend Ude to preserve the African mission on which they live.",Fiction
9781844670550,1844670554,The Function of Criticism,Terry Eagleton,Philosophy,http://books.google.com/books/content?id=0gZvs4RvRRIC&printsec=frontcover&img=1&zoom=1&edge=curl&source=gbs_api,"A history and critique of the last 200 years of cultural criticism, form Addison and Steele to Barthes and Derrida, by Britain's most stylish critic.",2005.0,3.65,138.0,181.0,The Function of Criticism,"9781844670550 A history and critique of the last 200 years of cultural criticism, form Addison and Steele to Barthes and Derrida, by Britain's most stylish critic.",Nonfiction
9781852402877,1852402873,There is Always Enough,Rolland Baker;Heidi Baker,Church work with the poor,http://books.google.com/books/content?id=H-AMAQAACAAJ&printsec=frontcover&img=1&zoom=1&source=gbs_api,"Tells the story of an adventure that began when the authors, founders of IRIS Ministries, and both natives of California, USA, answered God's call to minister to the poorest of the poor.",2003.0,4.45,192.0,34.0,There is Always Enough: The Story of Rolland and Heidi Baker's Miraculous Ministry Among the Poor,"9781852402877 Tells the story of an adventure that began when the authors, founders of IRIS Ministries, and both natives of California, USA, answered God's call to minister to the poorest of the poor.",Nonfiction
9781857024074,1857024079,A Thousand Orange Trees,Kathryn Harrison,Historical fiction,http://books.google.com/books/content?id=TRMwGQAACAAJ&printsec=frontcover&img=1&zoom=1&source=gbs_api,"Set in 17th-century Spain, this is a twisting together of the stories of two women born on the same day and whose lives are devoured by the bloodthirsty Spanish state.",1995.0,3.61,317.0,78.0,A Thousand Orange Trees,"9781857024074 Set in 17th-century Spain, this is a twisting together of the stories of two women born on the same day and whose lives are devoured by the bloodthirsty Spanish state.",Fiction
9781859840542,185984054X,The Missionary Position,Christopher Hitchens,Biography & Autobiography,http://books.google.com/books/content?id=PTgJIjK67rEC&printsec=frontcover&img=1&zoom=1&edge=curl&source=gbs_api,"Explores the work of Mother Teresa, questioning her association with corrupt and cruel leaders and discussing the way wealthy western society promotes her as a celebrity",1995.0,4.06,98.0,6892.0,The Missionary Position: Mother Teresa in Theory and Practice,"9781859840542 Explores the work of Mother Teresa, questioning her association with corrupt and cruel leaders and discussing the way wealthy western society promotes her as a celebrity",Nonfiction
9781859843987,1859843980,The Trial of Henry Kissinger,Christopher Hitchens,Biography & Autobiography,http://books.google.com/books/content?id=pBBBEH0OEoUC&printsec=frontcover&img=1&zoom=1&edge=curl&source=gbs_api,"Calling upon personal testimony and documents released under the Freedom of Information Act, chronicles the life of Henry Kissinger, linking him to events including the war in Indochina and genocide in East Timor.",2002.0,3.96,161.0,2485.0,The Trial of Henry Kissinger,"9781859843987 Calling upon personal testimony and documents released under the Freedom of Information Act, chronicles the life of Henry Kissinger, linking him to events including the war in Indochina and genocide in East Timor.",Nonfiction
9781859848982,1859848982,The Communist Manifesto,Karl Marx;Friedrich Engels,Political Science,http://books.google.com/books/content?id=WwTCaF6iu9sC&printsec=frontcover&img=1&zoom=1&edge=curl&source=gbs_api,"The political tract in which Marx presented the core of his philosophy and revolutionary program, with an introduction analyzing its significance to the realities of today and to Marx's own times",1998.0,3.54,88.0,292.0,The Communist Manifesto: A Modern Edition,"9781859848982 The political tract in which Marx presented the core of his philosophy and revolutionary program, with an introduction analyzing its significance to the realities of today and to Marx's own times",Nonfiction
9781880685358,1880685353,Harrington on Hold 'em,Dan Harrington;Bill Robertie,Games & Activities,http://books.google.com/books/content?id=u8y_9XdJaEMC&printsec=frontcover&img=1&zoom=1&edge=curl&source=gbs_api,"Provides poker strategies for every phase of tournament play, covering the early phase where the stakes are small to later tactics such as bluffing, flops, scare cards, playing shorthanded, loose games, and endgame play.",2005.0,4.15,450.0,1413.0,Harrington on Hold 'em: Expert Strategy for No-Limit Tournaments; Volume II: the Endgame,"9781880685358 Provides poker strategies for every phase of tournament play, covering the early phase where the stakes are small to later tactics such as bluffing, flops, scare cards, playing shorthanded, loose games, and endgame play.",Nonfiction
9781884365300,1884365302,The Jungle,Upton Sinclair;Kathleen De Grave,Fiction,http://books.google.com/books/content?id=4cY-vgAACAAJ&printsec=frontcover&img=1&zoom=1&source=gbs_api,"The horrifying conditions of the Chicago stockyards are revealed through this narrative of a young immigrant's struggles in America, including five chapters omitted from the original edition.",2003.0,3.73,335.0,106675.0,The Jungle: The Uncensored Original Edition,"9781884365300 The horrifying conditions of the Chicago stockyards are revealed through this narrative of a young immigrant's struggles in America, including five chapters omitted from the original edition.",Fiction
9781888996289,1888996285,To America with Love,Abbie Hoffman,Biography & Autobiography,http://books.google.com/books/content?id=VQlkPwAACAAJ&printsec=frontcover&img=1&zoom=1&source=gbs_api,"The author and her husband, noted activist Abbie Hoffman, share the letters they exchanged in 1974 and 1975 while Abbie was in hiding to avoid imprisonment.",2000.0,3.93,224.0,65.0,To America with Love: Letters from the Underground,"9781888996289 The author and her husband, noted activist Abbie Hoffman, share the letters they exchanged in 1974 and 1975 while Abbie was in hiding to avoid imprisonment.",Nonfiction
9781890447427,1890447420,Mother's Milk,Edward St. Aubyn,Fiction,http://books.google.com/books/content?id=o8lY2W-OzzQC&printsec=frontcover&img=1&zoom=1&source=gbs_api,"The author of Some Hope returns with a story of complex family relationships, offering a trenchant novelistic analysis of marriage, adultery, parenthood, and assisted suicide.",2005.0,3.76,240.0,52.0,Mother's Milk: A Novel,"9781890447427 The author of Some Hope returns with a story of complex family relationships, offering a trenchant novelistic analysis of marriage, adultery, parenthood, and assisted suicide.",Fiction
9781929229482,1929229488,A Framework for Understanding Poverty,Ruby K. Payne,People with social disabilities,http://books.google.com/books/content?id=qUkuAAAACAAJ&printsec=frontcover&img=1&zoom=1&source=gbs_api,"Identifies the factors that cause poverty, including the lack of financial, emotional, mental, spiritual, and physical resources; and guides educators and others in understanding poverty and counteracting its effects in the classroom and community.",2005.0,3.9,199.0,3533.0,A Framework for Understanding Poverty,"9781929229482 Identifies the factors that cause poverty, including the lack of financial, emotional, mental, spiritual, and physical resources; and guides educators and others in understanding poverty and counteracting its effects in the classroom and community.",Nonfiction
9781931082730,1931082731,Little Women ; Little Men ; Jo's Boys,Louisa May Alcott;Elaine Showalter,Fiction,http://books.google.com/books/content?id=q9SmFnhNNfYC&printsec=frontcover&img=1&zoom=1&edge=curl&source=gbs_api,"A deluxe single-volume edition of Alcott's classic Little Women trilogy is complemented by the stories' original first-edition illustrations, some of which where drawn by the author's sister May, who inspired the character of Amy.",2005.0,4.31,1045.0,2949.0,Little Women ; Little Men ; Jo's Boys,"9781931082730 A deluxe single-volume edition of Alcott's classic Little Women trilogy is complemented by the stories' original first-edition illustrations, some of which where drawn by the author's sister May, who inspired the character of Amy.",Fiction
9781931414166,1931414165,The Brooklyn Bridge,Elizabeth Mann;Alan Witschonke,Juvenile Nonfiction,http://books.google.com/books/content?id=s28MAgAACAAJ&printsec=frontcover&img=1&zoom=1&source=gbs_api,"Describes the construction of the Brooklyn Bridge, from its conception by John Roebling in 1852 through its final completion under the direction of his son, Washington, in 1883.",2006.0,4.44,46.0,35.0,The Brooklyn Bridge,"9781931414166 Describes the construction of the Brooklyn Bridge, from its conception by John Roebling in 1852 through its final completion under the direction of his son, Washington, in 1883.",Children's Nonfiction
9781932416138,1932416137,How We are Hungry,Dave Eggers,Fiction,http://books.google.com/books/content?id=1sALAQAAMAAJ&printsec=frontcover&img=1&zoom=1&source=gbs_api,"A debut collection of short stories presents a compelling cast of characters who struggle with inconvenient revelations, from the deserts of Egypt to the side of Interstate 5.",2004.0,3.75,218.0,486.0,How We are Hungry: Stories,"9781932416138 A debut collection of short stories presents a compelling cast of characters who struggle with inconvenient revelations, from the deserts of Egypt to the side of Interstate 5.",Fiction
9781932416374,1932416374,The Very Persistent Gappers of Frip,George Saunders;Lane Smith,Juvenile Fiction,http://books.google.com/books/content?id=xYJOPgAACAAJ&printsec=frontcover&img=1&zoom=1&source=gbs_api,"A novel set in the seaside village of Frip follows the adventures of a community plagued by ""gappers""--orange sea creatures that cover the village's goats and prevent them from giving milk.",2006.0,4.11,84.0,2317.0,The Very Persistent Gappers of Frip,"9781932416374 A novel set in the seaside village of Frip follows the adventures of a community plagued by ""gappers""--orange sea creatures that cover the village's goats and prevent them from giving milk.",Children's Fiction
9781932416480,193241648X,McSweeney's,T. C. Boyle,Fiction,http://books.google.com/books/content?id=N5nFAAAACAAJ&printsec=frontcover&img=1&zoom=1&source=gbs_api,"The latest collection from the literary journal that publishes only works rejected from other magazines, and is committed to publishing work of gifted but underappreciated writers, is presented.",2006.0,3.8,250.0,303.0,McSweeney's,"9781932416480 The latest collection from the literary journal that publishes only works rejected from other magazines, and is committed to publishing work of gifted but underappreciated writers, is presented.",Fiction
9781932420302,1932420304,Erotica,Kelly Carr,Fiction,http://books.google.com/books/content?id=5TS3AgAAQBAJ&printsec=frontcover&img=1&zoom=1&source=gbs_api,"""My Dirty Thirties"" takes female empowerment to new levels with a series of erotic novels about women in their 30s who can't say no to their desires. (Adult Fiction)",2004.0,2.44,152.0,6.0,Erotica: My Dirty Thirties: Male/Female/Male,"9781932420302 ""My Dirty Thirties"" takes female empowerment to new levels with a series of erotic novels about women in their 30s who can't say no to their desires. (Adult Fiction)",Fiction
9781932664393,1932664394,Han'guk-sik Sarang,J. Torres,Comics & Graphic Novels,http://books.google.com/books/content?id=V1Fex6gnO_oC&printsec=frontcover&img=1&zoom=1&source=gbs_api,"Joel, an English teacher, has never really liked Korea, but he decides to extend his stay so that he can pursue Hana, the new receptionist at his school.",2006.0,3.44,58.0,9.0,Han'guk-sik Sarang,"9781932664393 Joel, an English teacher, has never really liked Korea, but he decides to extend his stay so that he can pursue Hana, the new receptionist at his school.",Fiction
9781932857085,1932857087,Real Rule of Four,Joscelyn Godwin,History,http://books.google.com/books/content?id=X2-fil65OT4C&printsec=frontcover&img=1&zoom=1&source=gbs_api,"Discusses the historical and intellectual background of the novel ""The Rule of Four,"" examining the 1499 Renaissance text that forms the central theme of the novel.",2004.0,3.45,208.0,88.0,Real Rule of Four: The Unauthorized Guide to the New York Times #1 Bestseller,"9781932857085 Discusses the historical and intellectual background of the novel ""The Rule of Four,"" examining the 1499 Renaissance text that forms the central theme of the novel.",Nonfiction
9781933615097,1933615095,The Best of America's Test Kitchen 2007,America's Test Kitchen,Cooking,http://books.google.com/books/content?id=tQ97AAAACAAJ&printsec=frontcover&img=1&zoom=1&source=gbs_api,"Presents nearly one thousand recipes--from appetizers and salads to entrees and desserts--developed by America's Test Kitchen chefs, along with tips for choosing equipment, preparing food, or saving money in the kitchen.",2006.0,4.34,312.0,185.0,"The Best of America's Test Kitchen 2007: The Year's Best Recipes, Equipment Reviews, and Tastings","9781933615097 Presents nearly one thousand recipes--from appetizers and salads to entrees and desserts--developed by America's Test Kitchen chefs, along with tips for choosing equipment, preparing food, or saving money in the kitchen.",Nonfiction
9781933771137,1933771135,Neptune Noir,Rob Thomas;Leah Wilson,Performing Arts,http://books.google.com/books/content?id=VHu3waVCobIC&printsec=frontcover&img=1&zoom=1&edge=curl&source=gbs_api,"Edited by the creator and executive producer of the teen detective show, a collection of essays address such varied subjects as Veronica's vigilante justice and Veronica and Loganâ€™s everchanging relationship.",2007.0,3.64,224.0,911.0,Neptune Noir: Unauthorized Investigations Into Veronica Mars,"9781933771137 Edited by the creator and executive producer of the teen detective show, a collection of essays address such varied subjects as Veronica's vigilante justice and Veronica and Loganâ€™s everchanging relationship.",Nonfiction
9788122200850,8122200850,"Cry, the Peacock",Anita Desai,Fiction,http://books.google.com/books/content?id=_QKwVYqp7ugC&printsec=frontcover&img=1&zoom=1&edge=curl&source=gbs_api,"This book is the story of a young girl obsessed by a childhood prophecy of disaster. The author builds up an atmosphere of tension and oppression, in the middle of an Indian summer.",1980.0,3.22,218.0,134.0,"Cry, the Peacock","9788122200850 This book is the story of a young girl obsessed by a childhood prophecy of disaster. The author builds up an atmosphere of tension and oppression, in the middle of an Indian summer.",Fiction
